Instance,Algorithm,Gene,Sign,BN_size,score
A3_T-LGL,ActoNet,A20,0,60,0.060125657510227935
A3_T-LGL,ActoNet,A20,1,60,0.060125657510227935
A3_T-LGL,ActoNet,Apoptosis,0,60,0.060125657510227935
A3_T-LGL,ActoNet,Apoptosis,1,60,0.060125657510227935
A3_T-LGL,ActoNet,BID,0,60,0.05851841028638223
A3_T-LGL,ActoNet,BID,1,60,0.22092343658679134
A3_T-LGL,ActoNet,BclxL,0,60,0.060125657510227935
A3_T-LGL,ActoNet,BclxL,1,60,0.060125657510227935
A3_T-LGL,ActoNet,CD45,0,60,0.051651081239041496
A3_T-LGL,ActoNet,CD45,1,60,1.0
A3_T-LGL,ActoNet,CREB,0,60,0.060125657510227935
A3_T-LGL,ActoNet,CREB,1,60,0.060125657510227935
A3_T-LGL,ActoNet,CTLA4,0,60,0.060125657510227935
A3_T-LGL,ActoNet,CTLA4,1,60,0.060125657510227935
A3_T-LGL,ActoNet,Caspase,0,60,0.051651081239041496
A3_T-LGL,ActoNet,Caspase,1,60,1.0
A3_T-LGL,ActoNet,Ceramide,0,60,0.058591466978375216
A3_T-LGL,ActoNet,Ceramide,1,60,0.21332554061952075
A3_T-LGL,ActoNet,Cytoskeleton_signaling,0,60,0.060125657510227935
A3_T-LGL,ActoNet,Cytoskeleton_signaling,1,60,0.060125657510227935
A3_T-LGL,ActoNet,DISC,0,60,0.051651081239041496
A3_T-LGL,ActoNet,DISC,1,60,1.0
A3_T-LGL,ActoNet,ERK,0,60,0.19659555815312682
A3_T-LGL,ActoNet,ERK,1,60,0.05873758036236119
A3_T-LGL,ActoNet,FLIP,0,60,0.060125657510227935
A3_T-LGL,ActoNet,FLIP,1,60,0.060125657510227935
A3_T-LGL,ActoNet,FYN,0,60,0.18351841028638224
A3_T-LGL,ActoNet,FYN,1,60,0.058883693746347165
A3_T-LGL,ActoNet,Fas,0,60,0.060125657510227935
A3_T-LGL,ActoNet,Fas,1,60,0.060125657510227935
A3_T-LGL,ActoNet,FasL,0,60,0.060125657510227935
A3_T-LGL,ActoNet,FasL,1,60,0.060125657510227935
A3_T-LGL,ActoNet,FasT,0,60,0.06005260081823495
A3_T-LGL,ActoNet,FasT,1,60,0.06706604324956165
A3_T-LGL,ActoNet,GAP,0,60,0.059248977206312094
A3_T-LGL,ActoNet,GAP,1,60,0.14560198714202222
A3_T-LGL,ActoNet,GPCR,0,60,0.060125657510227935
A3_T-LGL,ActoNet,GPCR,1,60,0.060125657510227935
A3_T-LGL,ActoNet,GRB2,0,60,0.058883693746347165
A3_T-LGL,ActoNet,GRB2,1,60,0.18059614260666276
A3_T-LGL,ActoNet,GZMB,0,60,0.058591466978375216
A3_T-LGL,ActoNet,GZMB,1,60,0.211864406779661
A3_T-LGL,ActoNet,IAP,0,60,0.060125657510227935
A3_T-LGL,ActoNet,IAP,1,60,0.060125657510227935
A3_T-LGL,ActoNet,IFNG,0,60,0.05895675043834015
A3_T-LGL,ActoNet,IFNG,1,60,0.17409409701928696
A3_T-LGL,ActoNet,IFNGT,0,60,0.060125657510227935
A3_T-LGL,ActoNet,IFNGT,1,60,0.060125657510227935
A3_T-LGL,ActoNet,IL15,0,60,0.20412039742840443
A3_T-LGL,ActoNet,IL15,1,60,0.0586645236703682
A3_T-LGL,ActoNet,IL2,0,60,0.05851841028638223
A3_T-LGL,ActoNet,IL2,1,60,0.22092343658679134
A3_T-LGL,ActoNet,IL2RA,0,60,0.059833430742255986
A3_T-LGL,ActoNet,IL2RA,1,60,0.08847165400350672
A3_T-LGL,ActoNet,IL2RAT,0,60,0.06005260081823495
A3_T-LGL,ActoNet,IL2RAT,1,60,0.06699298655756868
A3_T-LGL,ActoNet,IL2RB,0,60,0.19564582115721801
A3_T-LGL,ActoNet,IL2RB,1,60,0.15086206896551724
A3_T-LGL,ActoNet,IL2RBT,0,60,0.19652250146113384
A3_T-LGL,ActoNet,IL2RBT,1,60,0.06560490940970193
A3_T-LGL,ActoNet,JAK,0,60,0.17372881355932204
A3_T-LGL,ActoNet,JAK,1,60,0.18885154880187024
A3_T-LGL,ActoNet,LCK,0,60,0.05895675043834015
A3_T-LGL,ActoNet,LCK,1,60,0.1733635300993571
A3_T-LGL,ActoNet,MCL1,0,60,0.20412039742840443
A3_T-LGL,ActoNet,MCL1,1,60,0.0586645236703682
A3_T-LGL,ActoNet,MEK,0,60,0.19659555815312682
A3_T-LGL,ActoNet,MEK,1,60,0.05873758036236119
A3_T-LGL,ActoNet,NFAT,0,60,0.060125657510227935
A3_T-LGL,ActoNet,NFAT,1,60,0.060125657510227935
A3_T-LGL,ActoNet,NFKB,0,60,0.09431618936294564
A3_T-LGL,ActoNet,NFKB,1,60,0.2033898305084746
A3_T-LGL,ActoNet,P2,0,60,0.060125657510227935
A3_T-LGL,ActoNet,P2,1,60,0.060125657510227935
A3_T-LGL,ActoNet,P27,0,60,0.060125657510227935
A3_T-LGL,ActoNet,P27,1,60,0.060125657510227935
A3_T-LGL,ActoNet,PDGF,0,60,0.05881063705435418
A3_T-LGL,ActoNet,PDGF,1,60,0.1885593220338983
A3_T-LGL,ActoNet,PDGFR,0,60,0.18198421975452952
A3_T-LGL,ActoNet,PDGFR,1,60,0.18731735827001753
A3_T-LGL,ActoNet,PI3K,0,60,0.1081239041496201
A3_T-LGL,ActoNet,PI3K,1,60,0.19528053769725306
A3_T-LGL,ActoNet,PLCG1,0,60,0.058883693746347165
A3_T-LGL,ActoNet,PLCG1,1,60,0.18059614260666276
A3_T-LGL,ActoNet,Proliferation,0,60,0.060125657510227935
A3_T-LGL,ActoNet,Proliferation,1,60,0.060125657510227935
A3_T-LGL,ActoNet,RANTES,0,60,0.05902980713033314
A3_T-LGL,ActoNet,RANTES,1,60,0.16598480420806547
A3_T-LGL,ActoNet,RAS,0,60,0.14436002337814144
A3_T-LGL,ActoNet,RAS,1,60,0.17971946230274694
A3_T-LGL,ActoNet,S1P,0,60,0.19644944476914086
A3_T-LGL,ActoNet,S1P,1,60,0.17299824663939217
A3_T-LGL,ActoNet,SMAD,0,60,0.060125657510227935
A3_T-LGL,ActoNet,SMAD,1,60,0.060125657510227935
A3_T-LGL,ActoNet,SOCS,0,60,0.05895675043834015
A3_T-LGL,ActoNet,SOCS,1,60,0.1750438340151958
A3_T-LGL,ActoNet,SPHK1,0,60,0.19652250146113384
A3_T-LGL,ActoNet,SPHK1,1,60,0.16605786090005845
A3_T-LGL,ActoNet,STAT3,0,60,0.19564582115721801
A3_T-LGL,ActoNet,STAT3,1,60,0.1815458796025716
A3_T-LGL,ActoNet,Stimuli,0,60,0.051651081239041496
A3_T-LGL,ActoNet,Stimuli,1,60,1.0
A3_T-LGL,ActoNet,Stimuli2,0,60,0.060125657510227935
A3_T-LGL,ActoNet,Stimuli2,1,60,0.060125657510227935
A3_T-LGL,ActoNet,TAX,0,60,0.0586645236703682
A3_T-LGL,ActoNet,TAX,1,60,0.2037551139684395
A3_T-LGL,ActoNet,TBET,0,60,0.19564582115721801
A3_T-LGL,ActoNet,TBET,1,60,0.2033898305084746
A3_T-LGL,ActoNet,TCR,0,60,0.06005260081823495
A3_T-LGL,ActoNet,TCR,1,60,0.06735827001753361
A3_T-LGL,ActoNet,TNF,0,60,0.06005260081823495
A3_T-LGL,ActoNet,TNF,1,60,0.06699298655756868
A3_T-LGL,ActoNet,TPL2,0,60,0.0586645236703682
A3_T-LGL,ActoNet,TPL2,1,60,0.2037551139684395
A3_T-LGL,ActoNet,TRADD,0,60,0.06005260081823495
A3_T-LGL,ActoNet,TRADD,1,60,0.06699298655756868
A3_T-LGL,ActoNet,ZAP70,0,60,0.05895675043834015
A3_T-LGL,ActoNet,ZAP70,1,60,0.1733635300993571
A3_T-LGL,ActoNet,sFas,0,60,0.060125657510227935
A3_T-LGL,ActoNet,sFas,1,60,0.060125657510227935
A3_T-LGL,BoNesis[FP],A20,0,60,0.060125657510227935
A3_T-LGL,BoNesis[FP],A20,1,60,0.060125657510227935
A3_T-LGL,BoNesis[FP],Apoptosis,0,60,0.060125657510227935
A3_T-LGL,BoNesis[FP],Apoptosis,1,60,0.060125657510227935
A3_T-LGL,BoNesis[FP],BID,0,60,0.05851841028638223
A3_T-LGL,BoNesis[FP],BID,1,60,0.22092343658679134
A3_T-LGL,BoNesis[FP],BclxL,0,60,0.060125657510227935
A3_T-LGL,BoNesis[FP],BclxL,1,60,0.060125657510227935
A3_T-LGL,BoNesis[FP],CD45,0,60,0.051651081239041496
A3_T-LGL,BoNesis[FP],CD45,1,60,1.0
A3_T-LGL,BoNesis[FP],CREB,0,60,0.060125657510227935
A3_T-LGL,BoNesis[FP],CREB,1,60,0.060125657510227935
A3_T-LGL,BoNesis[FP],CTLA4,0,60,0.060125657510227935
A3_T-LGL,BoNesis[FP],CTLA4,1,60,0.060125657510227935
A3_T-LGL,BoNesis[FP],Caspase,0,60,0.051651081239041496
A3_T-LGL,BoNesis[FP],Caspase,1,60,1.0
A3_T-LGL,BoNesis[FP],Ceramide,0,60,0.058591466978375216
A3_T-LGL,BoNesis[FP],Ceramide,1,60,0.21332554061952075
A3_T-LGL,BoNesis[FP],Cytoskeleton_signaling,0,60,0.060125657510227935
A3_T-LGL,BoNesis[FP],Cytoskeleton_signaling,1,60,0.060125657510227935
A3_T-LGL,BoNesis[FP],DISC,0,60,0.051651081239041496
A3_T-LGL,BoNesis[FP],DISC,1,60,1.0
A3_T-LGL,BoNesis[FP],ERK,0,60,0.19659555815312682
A3_T-LGL,BoNesis[FP],ERK,1,60,0.05873758036236119
A3_T-LGL,BoNesis[FP],FLIP,0,60,0.060125657510227935
A3_T-LGL,BoNesis[FP],FLIP,1,60,0.060125657510227935
A3_T-LGL,BoNesis[FP],FYN,0,60,0.18351841028638224
A3_T-LGL,BoNesis[FP],FYN,1,60,0.058883693746347165
A3_T-LGL,BoNesis[FP],Fas,0,60,0.060125657510227935
A3_T-LGL,BoNesis[FP],Fas,1,60,0.060125657510227935
A3_T-LGL,BoNesis[FP],FasL,0,60,0.060125657510227935
A3_T-LGL,BoNesis[FP],FasL,1,60,0.060125657510227935
A3_T-LGL,BoNesis[FP],FasT,0,60,0.06005260081823495
A3_T-LGL,BoNesis[FP],FasT,1,60,0.06706604324956165
A3_T-LGL,BoNesis[FP],GAP,0,60,0.059248977206312094
A3_T-LGL,BoNesis[FP],GAP,1,60,0.14560198714202222
A3_T-LGL,BoNesis[FP],GPCR,0,60,0.060125657510227935
A3_T-LGL,BoNesis[FP],GPCR,1,60,0.060125657510227935
A3_T-LGL,BoNesis[FP],GRB2,0,60,0.058883693746347165
A3_T-LGL,BoNesis[FP],GRB2,1,60,0.18059614260666276
A3_T-LGL,BoNesis[FP],GZMB,0,60,0.058591466978375216
A3_T-LGL,BoNesis[FP],GZMB,1,60,0.211864406779661
A3_T-LGL,BoNesis[FP],IAP,0,60,0.060125657510227935
A3_T-LGL,BoNesis[FP],IAP,1,60,0.060125657510227935
A3_T-LGL,BoNesis[FP],IFNG,0,60,0.05895675043834015
A3_T-LGL,BoNesis[FP],IFNG,1,60,0.17409409701928696
A3_T-LGL,BoNesis[FP],IFNGT,0,60,0.060125657510227935
A3_T-LGL,BoNesis[FP],IFNGT,1,60,0.060125657510227935
A3_T-LGL,BoNesis[FP],IL15,0,60,0.20412039742840443
A3_T-LGL,BoNesis[FP],IL15,1,60,0.0586645236703682
A3_T-LGL,BoNesis[FP],IL2,0,60,0.05851841028638223
A3_T-LGL,BoNesis[FP],IL2,1,60,0.22092343658679134
A3_T-LGL,BoNesis[FP],IL2RA,0,60,0.059833430742255986
A3_T-LGL,BoNesis[FP],IL2RA,1,60,0.08847165400350672
A3_T-LGL,BoNesis[FP],IL2RAT,0,60,0.06005260081823495
A3_T-LGL,BoNesis[FP],IL2RAT,1,60,0.06699298655756868
A3_T-LGL,BoNesis[FP],IL2RB,0,60,0.19564582115721801
A3_T-LGL,BoNesis[FP],IL2RB,1,60,0.15086206896551724
A3_T-LGL,BoNesis[FP],IL2RBT,0,60,0.19652250146113384
A3_T-LGL,BoNesis[FP],IL2RBT,1,60,0.06560490940970193
A3_T-LGL,BoNesis[FP],JAK,0,60,0.17372881355932204
A3_T-LGL,BoNesis[FP],JAK,1,60,0.18885154880187024
A3_T-LGL,BoNesis[FP],LCK,0,60,0.05895675043834015
A3_T-LGL,BoNesis[FP],LCK,1,60,0.1733635300993571
A3_T-LGL,BoNesis[FP],MCL1,0,60,0.20412039742840443
A3_T-LGL,BoNesis[FP],MCL1,1,60,0.0586645236703682
A3_T-LGL,BoNesis[FP],MEK,0,60,0.19659555815312682
A3_T-LGL,BoNesis[FP],MEK,1,60,0.05873758036236119
A3_T-LGL,BoNesis[FP],NFAT,0,60,0.060125657510227935
A3_T-LGL,BoNesis[FP],NFAT,1,60,0.060125657510227935
A3_T-LGL,BoNesis[FP],NFKB,0,60,0.09431618936294564
A3_T-LGL,BoNesis[FP],NFKB,1,60,0.2033898305084746
A3_T-LGL,BoNesis[FP],P2,0,60,0.060125657510227935
A3_T-LGL,BoNesis[FP],P2,1,60,0.060125657510227935
A3_T-LGL,BoNesis[FP],P27,0,60,0.060125657510227935
A3_T-LGL,BoNesis[FP],P27,1,60,0.060125657510227935
A3_T-LGL,BoNesis[FP],PDGF,0,60,0.05881063705435418
A3_T-LGL,BoNesis[FP],PDGF,1,60,0.1885593220338983
A3_T-LGL,BoNesis[FP],PDGFR,0,60,0.18198421975452952
A3_T-LGL,BoNesis[FP],PDGFR,1,60,0.18731735827001753
A3_T-LGL,BoNesis[FP],PI3K,0,60,0.1081239041496201
A3_T-LGL,BoNesis[FP],PI3K,1,60,0.19528053769725306
A3_T-LGL,BoNesis[FP],PLCG1,0,60,0.058883693746347165
A3_T-LGL,BoNesis[FP],PLCG1,1,60,0.18059614260666276
A3_T-LGL,BoNesis[FP],Proliferation,0,60,0.060125657510227935
A3_T-LGL,BoNesis[FP],Proliferation,1,60,0.060125657510227935
A3_T-LGL,BoNesis[FP],RANTES,0,60,0.05902980713033314
A3_T-LGL,BoNesis[FP],RANTES,1,60,0.16598480420806547
A3_T-LGL,BoNesis[FP],RAS,0,60,0.14436002337814144
A3_T-LGL,BoNesis[FP],RAS,1,60,0.17971946230274694
A3_T-LGL,BoNesis[FP],S1P,0,60,0.19644944476914086
A3_T-LGL,BoNesis[FP],S1P,1,60,0.17299824663939217
A3_T-LGL,BoNesis[FP],SMAD,0,60,0.060125657510227935
A3_T-LGL,BoNesis[FP],SMAD,1,60,0.060125657510227935
A3_T-LGL,BoNesis[FP],SOCS,0,60,0.05895675043834015
A3_T-LGL,BoNesis[FP],SOCS,1,60,0.1750438340151958
A3_T-LGL,BoNesis[FP],SPHK1,0,60,0.19652250146113384
A3_T-LGL,BoNesis[FP],SPHK1,1,60,0.16605786090005845
A3_T-LGL,BoNesis[FP],STAT3,0,60,0.19564582115721801
A3_T-LGL,BoNesis[FP],STAT3,1,60,0.1815458796025716
A3_T-LGL,BoNesis[FP],Stimuli,0,60,0.051651081239041496
A3_T-LGL,BoNesis[FP],Stimuli,1,60,1.0
A3_T-LGL,BoNesis[FP],Stimuli2,0,60,0.060125657510227935
A3_T-LGL,BoNesis[FP],Stimuli2,1,60,0.060125657510227935
A3_T-LGL,BoNesis[FP],TAX,0,60,0.0586645236703682
A3_T-LGL,BoNesis[FP],TAX,1,60,0.2037551139684395
A3_T-LGL,BoNesis[FP],TBET,0,60,0.19564582115721801
A3_T-LGL,BoNesis[FP],TBET,1,60,0.2033898305084746
A3_T-LGL,BoNesis[FP],TCR,0,60,0.06005260081823495
A3_T-LGL,BoNesis[FP],TCR,1,60,0.06735827001753361
A3_T-LGL,BoNesis[FP],TNF,0,60,0.06005260081823495
A3_T-LGL,BoNesis[FP],TNF,1,60,0.06699298655756868
A3_T-LGL,BoNesis[FP],TPL2,0,60,0.0586645236703682
A3_T-LGL,BoNesis[FP],TPL2,1,60,0.2037551139684395
A3_T-LGL,BoNesis[FP],TRADD,0,60,0.06005260081823495
A3_T-LGL,BoNesis[FP],TRADD,1,60,0.06699298655756868
A3_T-LGL,BoNesis[FP],ZAP70,0,60,0.05895675043834015
A3_T-LGL,BoNesis[FP],ZAP70,1,60,0.1733635300993571
A3_T-LGL,BoNesis[FP],sFas,0,60,0.060125657510227935
A3_T-LGL,BoNesis[FP],sFas,1,60,0.060125657510227935
A3_T-LGL,optbn[FP],A20,0,60,0.060125657510227935
A3_T-LGL,optbn[FP],A20,1,60,0.060125657510227935
A3_T-LGL,optbn[FP],Apoptosis,0,60,0.060125657510227935
A3_T-LGL,optbn[FP],Apoptosis,1,60,0.060125657510227935
A3_T-LGL,optbn[FP],BID,0,60,0.05851841028638223
A3_T-LGL,optbn[FP],BID,1,60,0.22092343658679134
A3_T-LGL,optbn[FP],BclxL,0,60,0.060125657510227935
A3_T-LGL,optbn[FP],BclxL,1,60,0.060125657510227935
A3_T-LGL,optbn[FP],CD45,0,60,0.051651081239041496
A3_T-LGL,optbn[FP],CD45,1,60,1.0
A3_T-LGL,optbn[FP],CREB,0,60,0.060125657510227935
A3_T-LGL,optbn[FP],CREB,1,60,0.060125657510227935
A3_T-LGL,optbn[FP],CTLA4,0,60,0.060125657510227935
A3_T-LGL,optbn[FP],CTLA4,1,60,0.060125657510227935
A3_T-LGL,optbn[FP],Caspase,0,60,0.051651081239041496
A3_T-LGL,optbn[FP],Caspase,1,60,1.0
A3_T-LGL,optbn[FP],Ceramide,0,60,0.058591466978375216
A3_T-LGL,optbn[FP],Ceramide,1,60,0.21332554061952075
A3_T-LGL,optbn[FP],Cytoskeleton_signaling,0,60,0.060125657510227935
A3_T-LGL,optbn[FP],Cytoskeleton_signaling,1,60,0.060125657510227935
A3_T-LGL,optbn[FP],DISC,0,60,0.051651081239041496
A3_T-LGL,optbn[FP],DISC,1,60,1.0
A3_T-LGL,optbn[FP],ERK,0,60,0.19659555815312682
A3_T-LGL,optbn[FP],ERK,1,60,0.05873758036236119
A3_T-LGL,optbn[FP],FLIP,0,60,0.060125657510227935
A3_T-LGL,optbn[FP],FLIP,1,60,0.060125657510227935
A3_T-LGL,optbn[FP],FYN,0,60,0.18351841028638224
A3_T-LGL,optbn[FP],FYN,1,60,0.058883693746347165
A3_T-LGL,optbn[FP],Fas,0,60,0.060125657510227935
A3_T-LGL,optbn[FP],Fas,1,60,0.060125657510227935
A3_T-LGL,optbn[FP],FasL,0,60,0.060125657510227935
A3_T-LGL,optbn[FP],FasL,1,60,0.060125657510227935
A3_T-LGL,optbn[FP],FasT,0,60,0.06005260081823495
A3_T-LGL,optbn[FP],FasT,1,60,0.06706604324956165
A3_T-LGL,optbn[FP],GAP,0,60,0.059248977206312094
A3_T-LGL,optbn[FP],GAP,1,60,0.14560198714202222
A3_T-LGL,optbn[FP],GPCR,0,60,0.060125657510227935
A3_T-LGL,optbn[FP],GPCR,1,60,0.060125657510227935
A3_T-LGL,optbn[FP],GRB2,0,60,0.058883693746347165
A3_T-LGL,optbn[FP],GRB2,1,60,0.18059614260666276
A3_T-LGL,optbn[FP],GZMB,0,60,0.058591466978375216
A3_T-LGL,optbn[FP],GZMB,1,60,0.211864406779661
A3_T-LGL,optbn[FP],IAP,0,60,0.060125657510227935
A3_T-LGL,optbn[FP],IAP,1,60,0.060125657510227935
A3_T-LGL,optbn[FP],IFNG,0,60,0.05895675043834015
A3_T-LGL,optbn[FP],IFNG,1,60,0.17409409701928696
A3_T-LGL,optbn[FP],IFNGT,0,60,0.060125657510227935
A3_T-LGL,optbn[FP],IFNGT,1,60,0.060125657510227935
A3_T-LGL,optbn[FP],IL15,0,60,0.20412039742840443
A3_T-LGL,optbn[FP],IL15,1,60,0.0586645236703682
A3_T-LGL,optbn[FP],IL2,0,60,0.05851841028638223
A3_T-LGL,optbn[FP],IL2,1,60,0.22092343658679134
A3_T-LGL,optbn[FP],IL2RA,0,60,0.059833430742255986
A3_T-LGL,optbn[FP],IL2RA,1,60,0.08847165400350672
A3_T-LGL,optbn[FP],IL2RAT,0,60,0.06005260081823495
A3_T-LGL,optbn[FP],IL2RAT,1,60,0.06699298655756868
A3_T-LGL,optbn[FP],IL2RB,0,60,0.19564582115721801
A3_T-LGL,optbn[FP],IL2RB,1,60,0.15086206896551724
A3_T-LGL,optbn[FP],IL2RBT,0,60,0.19652250146113384
A3_T-LGL,optbn[FP],IL2RBT,1,60,0.06560490940970193
A3_T-LGL,optbn[FP],JAK,0,60,0.17372881355932204
A3_T-LGL,optbn[FP],JAK,1,60,0.18885154880187024
A3_T-LGL,optbn[FP],LCK,0,60,0.05895675043834015
A3_T-LGL,optbn[FP],LCK,1,60,0.1733635300993571
A3_T-LGL,optbn[FP],MCL1,0,60,0.20412039742840443
A3_T-LGL,optbn[FP],MCL1,1,60,0.0586645236703682
A3_T-LGL,optbn[FP],MEK,0,60,0.19659555815312682
A3_T-LGL,optbn[FP],MEK,1,60,0.05873758036236119
A3_T-LGL,optbn[FP],NFAT,0,60,0.060125657510227935
A3_T-LGL,optbn[FP],NFAT,1,60,0.060125657510227935
A3_T-LGL,optbn[FP],NFKB,0,60,0.09431618936294564
A3_T-LGL,optbn[FP],NFKB,1,60,0.2033898305084746
A3_T-LGL,optbn[FP],P2,0,60,0.060125657510227935
A3_T-LGL,optbn[FP],P2,1,60,0.060125657510227935
A3_T-LGL,optbn[FP],P27,0,60,0.060125657510227935
A3_T-LGL,optbn[FP],P27,1,60,0.060125657510227935
A3_T-LGL,optbn[FP],PDGF,0,60,0.05881063705435418
A3_T-LGL,optbn[FP],PDGF,1,60,0.1885593220338983
A3_T-LGL,optbn[FP],PDGFR,0,60,0.18198421975452952
A3_T-LGL,optbn[FP],PDGFR,1,60,0.18731735827001753
A3_T-LGL,optbn[FP],PI3K,0,60,0.1081239041496201
A3_T-LGL,optbn[FP],PI3K,1,60,0.19528053769725306
A3_T-LGL,optbn[FP],PLCG1,0,60,0.058883693746347165
A3_T-LGL,optbn[FP],PLCG1,1,60,0.18059614260666276
A3_T-LGL,optbn[FP],Proliferation,0,60,0.060125657510227935
A3_T-LGL,optbn[FP],Proliferation,1,60,0.060125657510227935
A3_T-LGL,optbn[FP],RANTES,0,60,0.05902980713033314
A3_T-LGL,optbn[FP],RANTES,1,60,0.16598480420806547
A3_T-LGL,optbn[FP],RAS,0,60,0.14436002337814144
A3_T-LGL,optbn[FP],RAS,1,60,0.17971946230274694
A3_T-LGL,optbn[FP],S1P,0,60,0.19644944476914086
A3_T-LGL,optbn[FP],S1P,1,60,0.17299824663939217
A3_T-LGL,optbn[FP],SMAD,0,60,0.060125657510227935
A3_T-LGL,optbn[FP],SMAD,1,60,0.060125657510227935
A3_T-LGL,optbn[FP],SOCS,0,60,0.05895675043834015
A3_T-LGL,optbn[FP],SOCS,1,60,0.1750438340151958
A3_T-LGL,optbn[FP],SPHK1,0,60,0.19652250146113384
A3_T-LGL,optbn[FP],SPHK1,1,60,0.16605786090005845
A3_T-LGL,optbn[FP],STAT3,0,60,0.19564582115721801
A3_T-LGL,optbn[FP],STAT3,1,60,0.1815458796025716
A3_T-LGL,optbn[FP],Stimuli,0,60,0.051651081239041496
A3_T-LGL,optbn[FP],Stimuli,1,60,1.0
A3_T-LGL,optbn[FP],Stimuli2,0,60,0.060125657510227935
A3_T-LGL,optbn[FP],Stimuli2,1,60,0.060125657510227935
A3_T-LGL,optbn[FP],TAX,0,60,0.0586645236703682
A3_T-LGL,optbn[FP],TAX,1,60,0.2037551139684395
A3_T-LGL,optbn[FP],TBET,0,60,0.19564582115721801
A3_T-LGL,optbn[FP],TBET,1,60,0.2033898305084746
A3_T-LGL,optbn[FP],TCR,0,60,0.06005260081823495
A3_T-LGL,optbn[FP],TCR,1,60,0.06735827001753361
A3_T-LGL,optbn[FP],TNF,0,60,0.06005260081823495
A3_T-LGL,optbn[FP],TNF,1,60,0.06699298655756868
A3_T-LGL,optbn[FP],TPL2,0,60,0.0586645236703682
A3_T-LGL,optbn[FP],TPL2,1,60,0.2037551139684395
A3_T-LGL,optbn[FP],TRADD,0,60,0.06005260081823495
A3_T-LGL,optbn[FP],TRADD,1,60,0.06699298655756868
A3_T-LGL,optbn[FP],ZAP70,0,60,0.05895675043834015
A3_T-LGL,optbn[FP],ZAP70,1,60,0.1733635300993571
A3_T-LGL,optbn[FP],sFas,0,60,0.060125657510227935
A3_T-LGL,optbn[FP],sFas,1,60,0.060125657510227935
A3_T-LGL,PBN[SA],A20,0,60,0.02432787843366452
A3_T-LGL,PBN[SA],A20,1,60,0.02432787843366452
A3_T-LGL,PBN[SA],Apoptosis,0,60,0.02432787843366452
A3_T-LGL,PBN[SA],Apoptosis,1,60,0.02432787843366452
A3_T-LGL,PBN[SA],BID,0,60,0.024035651665692576
A3_T-LGL,PBN[SA],BID,1,60,0.054135008766803036
A3_T-LGL,PBN[SA],BclxL,0,60,0.02432787843366452
A3_T-LGL,PBN[SA],BclxL,1,60,0.02432787843366452
A3_T-LGL,PBN[SA],CD45,0,60,0.02418176504967855
A3_T-LGL,PBN[SA],CD45,1,60,0.03842781998831093
A3_T-LGL,PBN[SA],CREB,0,60,0.02432787843366452
A3_T-LGL,PBN[SA],CREB,1,60,0.02432787843366452
A3_T-LGL,PBN[SA],CTLA4,0,60,0.02432787843366452
A3_T-LGL,PBN[SA],CTLA4,1,60,0.02432787843366452
A3_T-LGL,PBN[SA],Caspase,0,60,0.015853302162478083
A3_T-LGL,PBN[SA],Caspase,1,60,1.0
A3_T-LGL,PBN[SA],Ceramide,0,60,0.023085914669783752
A3_T-LGL,PBN[SA],Ceramide,1,60,0.16109000584453537
A3_T-LGL,PBN[SA],Cytoskeleton_signaling,0,60,0.02432787843366452
A3_T-LGL,PBN[SA],Cytoskeleton_signaling,1,60,0.02432787843366452
A3_T-LGL,PBN[SA],DISC,0,60,0.015853302162478083
A3_T-LGL,PBN[SA],DISC,1,60,1.0
A3_T-LGL,PBN[SA],ERK,0,60,0.04573348918760958
A3_T-LGL,PBN[SA],ERK,1,60,0.024108708357685565
A3_T-LGL,PBN[SA],FLIP,0,60,0.02432787843366452
A3_T-LGL,PBN[SA],FLIP,1,60,0.02432787843366452
A3_T-LGL,PBN[SA],FYN,0,60,0.02432787843366452
A3_T-LGL,PBN[SA],FYN,1,60,0.02432787843366452
A3_T-LGL,PBN[SA],Fas,0,60,0.02432787843366452
A3_T-LGL,PBN[SA],Fas,1,60,0.02432787843366452
A3_T-LGL,PBN[SA],FasL,0,60,0.02432787843366452
A3_T-LGL,PBN[SA],FasL,1,60,0.02432787843366452
A3_T-LGL,PBN[SA],FasT,0,60,0.024254821741671536
A3_T-LGL,PBN[SA],FasT,1,60,0.031560490940970194
A3_T-LGL,PBN[SA],GAP,0,60,0.024108708357685565
A3_T-LGL,PBN[SA],GAP,1,60,0.04573348918760958
A3_T-LGL,PBN[SA],GPCR,0,60,0.02432787843366452
A3_T-LGL,PBN[SA],GPCR,1,60,0.02432787843366452
A3_T-LGL,PBN[SA],GRB2,0,60,0.024035651665692576
A3_T-LGL,PBN[SA],GRB2,1,60,0.05406195207481005
A3_T-LGL,PBN[SA],GZMB,0,60,0.02286674459380479
A3_T-LGL,PBN[SA],GZMB,1,60,0.1864406779661017
A3_T-LGL,PBN[SA],IAP,0,60,0.02432787843366452
A3_T-LGL,PBN[SA],IAP,1,60,0.02432787843366452
A3_T-LGL,PBN[SA],IFNG,0,60,0.02432787843366452
A3_T-LGL,PBN[SA],IFNG,1,60,0.02432787843366452
A3_T-LGL,PBN[SA],IFNGT,0,60,0.02432787843366452
A3_T-LGL,PBN[SA],IFNGT,1,60,0.02432787843366452
A3_T-LGL,PBN[SA],IL15,0,60,0.04573348918760958
A3_T-LGL,PBN[SA],IL15,1,60,0.024108708357685565
A3_T-LGL,PBN[SA],IL2,0,60,0.02432787843366452
A3_T-LGL,PBN[SA],IL2,1,60,0.02432787843366452
A3_T-LGL,PBN[SA],IL2RA,0,60,0.02432787843366452
A3_T-LGL,PBN[SA],IL2RA,1,60,0.02432787843366452
A3_T-LGL,PBN[SA],IL2RAT,0,60,0.02432787843366452
A3_T-LGL,PBN[SA],IL2RAT,1,60,0.02432787843366452
A3_T-LGL,PBN[SA],IL2RB,0,60,0.0456604324956166
A3_T-LGL,PBN[SA],IL2RB,1,60,0.03134132086499123
A3_T-LGL,PBN[SA],IL2RBT,0,60,0.04573348918760958
A3_T-LGL,PBN[SA],IL2RBT,1,60,0.024108708357685565
A3_T-LGL,PBN[SA],JAK,0,60,0.037258912916423144
A3_T-LGL,PBN[SA],JAK,1,60,0.15290765634132086
A3_T-LGL,PBN[SA],LCK,0,60,0.02432787843366452
A3_T-LGL,PBN[SA],LCK,1,60,0.02432787843366452
A3_T-LGL,PBN[SA],MCL1,0,60,0.04573348918760958
A3_T-LGL,PBN[SA],MCL1,1,60,0.024108708357685565
A3_T-LGL,PBN[SA],MEK,0,60,0.04573348918760958
A3_T-LGL,PBN[SA],MEK,1,60,0.024108708357685565
A3_T-LGL,PBN[SA],NFAT,0,60,0.02432787843366452
A3_T-LGL,PBN[SA],NFAT,1,60,0.02432787843366452
A3_T-LGL,PBN[SA],NFKB,0,60,0.04544126241963764
A3_T-LGL,PBN[SA],NFKB,1,60,0.053842781998831094
A3_T-LGL,PBN[SA],P2,0,60,0.02432787843366452
A3_T-LGL,PBN[SA],P2,1,60,0.02432787843366452
A3_T-LGL,PBN[SA],P27,0,60,0.02432787843366452
A3_T-LGL,PBN[SA],P27,1,60,0.02432787843366452
A3_T-LGL,PBN[SA],PDGF,0,60,0.024108708357685565
A3_T-LGL,PBN[SA],PDGF,1,60,0.04646405610753945
A3_T-LGL,PBN[SA],PDGFR,0,60,0.11915546464056108
A3_T-LGL,PBN[SA],PDGFR,1,60,0.04558737580362361
A3_T-LGL,PBN[SA],PI3K,0,60,0.04544126241963764
A3_T-LGL,PBN[SA],PI3K,1,60,0.053842781998831094
A3_T-LGL,PBN[SA],PLCG1,0,60,0.024035651665692576
A3_T-LGL,PBN[SA],PLCG1,1,60,0.05406195207481005
A3_T-LGL,PBN[SA],Proliferation,0,60,0.02432787843366452
A3_T-LGL,PBN[SA],Proliferation,1,60,0.02432787843366452
A3_T-LGL,PBN[SA],RANTES,0,60,0.02432787843366452
A3_T-LGL,PBN[SA],RANTES,1,60,0.02432787843366452
A3_T-LGL,PBN[SA],RAS,0,60,0.04544126241963764
A3_T-LGL,PBN[SA],RAS,1,60,0.053842781998831094
A3_T-LGL,PBN[SA],S1P,0,60,0.13581239041496201
A3_T-LGL,PBN[SA],S1P,1,60,0.03053769725306838
A3_T-LGL,PBN[SA],SMAD,0,60,0.02432787843366452
A3_T-LGL,PBN[SA],SMAD,1,60,0.02432787843366452
A3_T-LGL,PBN[SA],SOCS,0,60,0.02418176504967855
A3_T-LGL,PBN[SA],SOCS,1,60,0.03842781998831093
A3_T-LGL,PBN[SA],SPHK1,0,60,0.135885447106955
A3_T-LGL,PBN[SA],SPHK1,1,60,0.023305084745762712
A3_T-LGL,PBN[SA],STAT3,0,60,0.04544126241963764
A3_T-LGL,PBN[SA],STAT3,1,60,0.053842781998831094
A3_T-LGL,PBN[SA],Stimuli,0,60,0.02432787843366452
A3_T-LGL,PBN[SA],Stimuli,1,60,0.02432787843366452
A3_T-LGL,PBN[SA],Stimuli2,0,60,0.02432787843366452
A3_T-LGL,PBN[SA],Stimuli2,1,60,0.02432787843366452
A3_T-LGL,PBN[SA],TAX,0,60,0.024035651665692576
A3_T-LGL,PBN[SA],TAX,1,60,0.05406195207481005
A3_T-LGL,PBN[SA],TBET,0,60,0.02995324371712449
A3_T-LGL,PBN[SA],TBET,1,60,0.17796610169491525
A3_T-LGL,PBN[SA],TCR,0,60,0.02432787843366452
A3_T-LGL,PBN[SA],TCR,1,60,0.02432787843366452
A3_T-LGL,PBN[SA],TNF,0,60,0.02432787843366452
A3_T-LGL,PBN[SA],TNF,1,60,0.02432787843366452
A3_T-LGL,PBN[SA],TPL2,0,60,0.024035651665692576
A3_T-LGL,PBN[SA],TPL2,1,60,0.05406195207481005
A3_T-LGL,PBN[SA],TRADD,0,60,0.024254821741671536
A3_T-LGL,PBN[SA],TRADD,1,60,0.032510227936879015
A3_T-LGL,PBN[SA],ZAP70,0,60,0.024035651665692576
A3_T-LGL,PBN[SA],ZAP70,1,60,0.05406195207481005
A3_T-LGL,PBN[SA],sFas,0,60,0.02432787843366452
A3_T-LGL,PBN[SA],sFas,1,60,0.02432787843366452
A3_T-LGL,optbn[SA],A20,0,60,0.02432787843366452
A3_T-LGL,optbn[SA],A20,1,60,0.02432787843366452
A3_T-LGL,optbn[SA],Apoptosis,0,60,0.02432787843366452
A3_T-LGL,optbn[SA],Apoptosis,1,60,0.02432787843366452
A3_T-LGL,optbn[SA],BID,0,60,0.024035651665692576
A3_T-LGL,optbn[SA],BID,1,60,0.054135008766803036
A3_T-LGL,optbn[SA],BclxL,0,60,0.02432787843366452
A3_T-LGL,optbn[SA],BclxL,1,60,0.02432787843366452
A3_T-LGL,optbn[SA],CD45,0,60,0.02418176504967855
A3_T-LGL,optbn[SA],CD45,1,60,0.03842781998831093
A3_T-LGL,optbn[SA],CREB,0,60,0.02432787843366452
A3_T-LGL,optbn[SA],CREB,1,60,0.02432787843366452
A3_T-LGL,optbn[SA],CTLA4,0,60,0.02432787843366452
A3_T-LGL,optbn[SA],CTLA4,1,60,0.02432787843366452
A3_T-LGL,optbn[SA],Caspase,0,60,0.015853302162478083
A3_T-LGL,optbn[SA],Caspase,1,60,1.0
A3_T-LGL,optbn[SA],Ceramide,0,60,0.023085914669783752
A3_T-LGL,optbn[SA],Ceramide,1,60,0.16109000584453537
A3_T-LGL,optbn[SA],Cytoskeleton_signaling,0,60,0.02432787843366452
A3_T-LGL,optbn[SA],Cytoskeleton_signaling,1,60,0.02432787843366452
A3_T-LGL,optbn[SA],DISC,0,60,0.015853302162478083
A3_T-LGL,optbn[SA],DISC,1,60,1.0
A3_T-LGL,optbn[SA],ERK,0,60,0.04573348918760958
A3_T-LGL,optbn[SA],ERK,1,60,0.024108708357685565
A3_T-LGL,optbn[SA],FLIP,0,60,0.02432787843366452
A3_T-LGL,optbn[SA],FLIP,1,60,0.02432787843366452
A3_T-LGL,optbn[SA],FYN,0,60,0.02432787843366452
A3_T-LGL,optbn[SA],FYN,1,60,0.02432787843366452
A3_T-LGL,optbn[SA],Fas,0,60,0.02432787843366452
A3_T-LGL,optbn[SA],Fas,1,60,0.02432787843366452
A3_T-LGL,optbn[SA],FasL,0,60,0.02432787843366452
A3_T-LGL,optbn[SA],FasL,1,60,0.02432787843366452
A3_T-LGL,optbn[SA],FasT,0,60,0.024254821741671536
A3_T-LGL,optbn[SA],FasT,1,60,0.031560490940970194
A3_T-LGL,optbn[SA],GAP,0,60,0.024108708357685565
A3_T-LGL,optbn[SA],GAP,1,60,0.04573348918760958
A3_T-LGL,optbn[SA],GPCR,0,60,0.02432787843366452
A3_T-LGL,optbn[SA],GPCR,1,60,0.02432787843366452
A3_T-LGL,optbn[SA],GRB2,0,60,0.024035651665692576
A3_T-LGL,optbn[SA],GRB2,1,60,0.05406195207481005
A3_T-LGL,optbn[SA],GZMB,0,60,0.02286674459380479
A3_T-LGL,optbn[SA],GZMB,1,60,0.1864406779661017
A3_T-LGL,optbn[SA],IAP,0,60,0.02432787843366452
A3_T-LGL,optbn[SA],IAP,1,60,0.02432787843366452
A3_T-LGL,optbn[SA],IFNG,0,60,0.02432787843366452
A3_T-LGL,optbn[SA],IFNG,1,60,0.02432787843366452
A3_T-LGL,optbn[SA],IFNGT,0,60,0.02432787843366452
A3_T-LGL,optbn[SA],IFNGT,1,60,0.02432787843366452
A3_T-LGL,optbn[SA],IL15,0,60,0.04573348918760958
A3_T-LGL,optbn[SA],IL15,1,60,0.024108708357685565
A3_T-LGL,optbn[SA],IL2,0,60,0.02432787843366452
A3_T-LGL,optbn[SA],IL2,1,60,0.02432787843366452
A3_T-LGL,optbn[SA],IL2RA,0,60,0.02432787843366452
A3_T-LGL,optbn[SA],IL2RA,1,60,0.02432787843366452
A3_T-LGL,optbn[SA],IL2RAT,0,60,0.02432787843366452
A3_T-LGL,optbn[SA],IL2RAT,1,60,0.02432787843366452
A3_T-LGL,optbn[SA],IL2RB,0,60,0.0456604324956166
A3_T-LGL,optbn[SA],IL2RB,1,60,0.03134132086499123
A3_T-LGL,optbn[SA],IL2RBT,0,60,0.04573348918760958
A3_T-LGL,optbn[SA],IL2RBT,1,60,0.024108708357685565
A3_T-LGL,optbn[SA],JAK,0,60,0.037258912916423144
A3_T-LGL,optbn[SA],JAK,1,60,0.15290765634132086
A3_T-LGL,optbn[SA],LCK,0,60,0.02432787843366452
A3_T-LGL,optbn[SA],LCK,1,60,0.02432787843366452
A3_T-LGL,optbn[SA],MCL1,0,60,0.04573348918760958
A3_T-LGL,optbn[SA],MCL1,1,60,0.024108708357685565
A3_T-LGL,optbn[SA],MEK,0,60,0.04573348918760958
A3_T-LGL,optbn[SA],MEK,1,60,0.024108708357685565
A3_T-LGL,optbn[SA],NFAT,0,60,0.02432787843366452
A3_T-LGL,optbn[SA],NFAT,1,60,0.02432787843366452
A3_T-LGL,optbn[SA],NFKB,0,60,0.04544126241963764
A3_T-LGL,optbn[SA],NFKB,1,60,0.053842781998831094
A3_T-LGL,optbn[SA],P2,0,60,0.02432787843366452
A3_T-LGL,optbn[SA],P2,1,60,0.02432787843366452
A3_T-LGL,optbn[SA],P27,0,60,0.02432787843366452
A3_T-LGL,optbn[SA],P27,1,60,0.02432787843366452
A3_T-LGL,optbn[SA],PDGF,0,60,0.024108708357685565
A3_T-LGL,optbn[SA],PDGF,1,60,0.04646405610753945
A3_T-LGL,optbn[SA],PDGFR,0,60,0.11915546464056108
A3_T-LGL,optbn[SA],PDGFR,1,60,0.04558737580362361
A3_T-LGL,optbn[SA],PI3K,0,60,0.04544126241963764
A3_T-LGL,optbn[SA],PI3K,1,60,0.053842781998831094
A3_T-LGL,optbn[SA],PLCG1,0,60,0.024035651665692576
A3_T-LGL,optbn[SA],PLCG1,1,60,0.05406195207481005
A3_T-LGL,optbn[SA],Proliferation,0,60,0.02432787843366452
A3_T-LGL,optbn[SA],Proliferation,1,60,0.02432787843366452
A3_T-LGL,optbn[SA],RANTES,0,60,0.02432787843366452
A3_T-LGL,optbn[SA],RANTES,1,60,0.02432787843366452
A3_T-LGL,optbn[SA],RAS,0,60,0.04544126241963764
A3_T-LGL,optbn[SA],RAS,1,60,0.053842781998831094
A3_T-LGL,optbn[SA],S1P,0,60,0.13581239041496201
A3_T-LGL,optbn[SA],S1P,1,60,0.03053769725306838
A3_T-LGL,optbn[SA],SMAD,0,60,0.02432787843366452
A3_T-LGL,optbn[SA],SMAD,1,60,0.02432787843366452
A3_T-LGL,optbn[SA],SOCS,0,60,0.02418176504967855
A3_T-LGL,optbn[SA],SOCS,1,60,0.03842781998831093
A3_T-LGL,optbn[SA],SPHK1,0,60,0.135885447106955
A3_T-LGL,optbn[SA],SPHK1,1,60,0.023305084745762712
A3_T-LGL,optbn[SA],STAT3,0,60,0.04544126241963764
A3_T-LGL,optbn[SA],STAT3,1,60,0.053842781998831094
A3_T-LGL,optbn[SA],Stimuli,0,60,0.02432787843366452
A3_T-LGL,optbn[SA],Stimuli,1,60,0.02432787843366452
A3_T-LGL,optbn[SA],Stimuli2,0,60,0.02432787843366452
A3_T-LGL,optbn[SA],Stimuli2,1,60,0.02432787843366452
A3_T-LGL,optbn[SA],TAX,0,60,0.024035651665692576
A3_T-LGL,optbn[SA],TAX,1,60,0.05406195207481005
A3_T-LGL,optbn[SA],TBET,0,60,0.02995324371712449
A3_T-LGL,optbn[SA],TBET,1,60,0.17796610169491525
A3_T-LGL,optbn[SA],TCR,0,60,0.02432787843366452
A3_T-LGL,optbn[SA],TCR,1,60,0.02432787843366452
A3_T-LGL,optbn[SA],TNF,0,60,0.02432787843366452
A3_T-LGL,optbn[SA],TNF,1,60,0.02432787843366452
A3_T-LGL,optbn[SA],TPL2,0,60,0.024035651665692576
A3_T-LGL,optbn[SA],TPL2,1,60,0.05406195207481005
A3_T-LGL,optbn[SA],TRADD,0,60,0.024254821741671536
A3_T-LGL,optbn[SA],TRADD,1,60,0.032510227936879015
A3_T-LGL,optbn[SA],ZAP70,0,60,0.024035651665692576
A3_T-LGL,optbn[SA],ZAP70,1,60,0.05406195207481005
A3_T-LGL,optbn[SA],sFas,0,60,0.02432787843366452
A3_T-LGL,optbn[SA],sFas,1,60,0.02432787843366452
A3_T-LGL,BoNesis[MTS],A20,0,60,0.02396259497369959
A3_T-LGL,BoNesis[MTS],A20,1,60,0.02396259497369959
A3_T-LGL,BoNesis[MTS],Apoptosis,0,60,0.02396259497369959
A3_T-LGL,BoNesis[MTS],Apoptosis,1,60,0.02396259497369959
A3_T-LGL,BoNesis[MTS],BID,0,60,0.023670368205727644
A3_T-LGL,BoNesis[MTS],BID,1,60,0.05376972530683811
A3_T-LGL,BoNesis[MTS],BclxL,0,60,0.02396259497369959
A3_T-LGL,BoNesis[MTS],BclxL,1,60,0.02396259497369959
A3_T-LGL,BoNesis[MTS],CD45,0,60,0.02381648158971362
A3_T-LGL,BoNesis[MTS],CD45,1,60,0.03806253652834599
A3_T-LGL,BoNesis[MTS],CREB,0,60,0.02396259497369959
A3_T-LGL,BoNesis[MTS],CREB,1,60,0.02396259497369959
A3_T-LGL,BoNesis[MTS],CTLA4,0,60,0.02396259497369959
A3_T-LGL,BoNesis[MTS],CTLA4,1,60,0.02396259497369959
A3_T-LGL,BoNesis[MTS],Caspase,0,60,0.01548801870251315
A3_T-LGL,BoNesis[MTS],Caspase,1,60,1.0
A3_T-LGL,BoNesis[MTS],Ceramide,0,60,0.02286674459380479
A3_T-LGL,BoNesis[MTS],Ceramide,1,60,0.14414085330216247
A3_T-LGL,BoNesis[MTS],Cytoskeleton_signaling,0,60,0.02396259497369959
A3_T-LGL,BoNesis[MTS],Cytoskeleton_signaling,1,60,0.02396259497369959
A3_T-LGL,BoNesis[MTS],DISC,0,60,0.01548801870251315
A3_T-LGL,BoNesis[MTS],DISC,1,60,1.0
A3_T-LGL,BoNesis[MTS],ERK,0,60,0.045368205727644655
A3_T-LGL,BoNesis[MTS],ERK,1,60,0.02374342489772063
A3_T-LGL,BoNesis[MTS],FLIP,0,60,0.02396259497369959
A3_T-LGL,BoNesis[MTS],FLIP,1,60,0.02396259497369959
A3_T-LGL,BoNesis[MTS],FYN,0,60,0.02396259497369959
A3_T-LGL,BoNesis[MTS],FYN,1,60,0.02396259497369959
A3_T-LGL,BoNesis[MTS],Fas,0,60,0.02396259497369959
A3_T-LGL,BoNesis[MTS],Fas,1,60,0.02396259497369959
A3_T-LGL,BoNesis[MTS],FasL,0,60,0.02396259497369959
A3_T-LGL,BoNesis[MTS],FasL,1,60,0.02396259497369959
A3_T-LGL,BoNesis[MTS],FasT,0,60,0.023889538281706604
A3_T-LGL,BoNesis[MTS],FasT,1,60,0.03134132086499123
A3_T-LGL,BoNesis[MTS],GAP,0,60,0.02374342489772063
A3_T-LGL,BoNesis[MTS],GAP,1,60,0.045368205727644655
A3_T-LGL,BoNesis[MTS],GPCR,0,60,0.02396259497369959
A3_T-LGL,BoNesis[MTS],GPCR,1,60,0.02396259497369959
A3_T-LGL,BoNesis[MTS],GRB2,0,60,0.023670368205727644
A3_T-LGL,BoNesis[MTS],GRB2,1,60,0.05406195207481005
A3_T-LGL,BoNesis[MTS],GZMB,0,60,0.02250146113383986
A3_T-LGL,BoNesis[MTS],GZMB,1,60,0.1864406779661017
A3_T-LGL,BoNesis[MTS],IAP,0,60,0.02396259497369959
A3_T-LGL,BoNesis[MTS],IAP,1,60,0.02396259497369959
A3_T-LGL,BoNesis[MTS],IFNG,0,60,0.02396259497369959
A3_T-LGL,BoNesis[MTS],IFNG,1,60,0.02396259497369959
A3_T-LGL,BoNesis[MTS],IFNGT,0,60,0.02396259497369959
A3_T-LGL,BoNesis[MTS],IFNGT,1,60,0.02396259497369959
A3_T-LGL,BoNesis[MTS],IL15,0,60,0.045368205727644655
A3_T-LGL,BoNesis[MTS],IL15,1,60,0.02374342489772063
A3_T-LGL,BoNesis[MTS],IL2,0,60,0.02396259497369959
A3_T-LGL,BoNesis[MTS],IL2,1,60,0.02396259497369959
A3_T-LGL,BoNesis[MTS],IL2RA,0,60,0.02396259497369959
A3_T-LGL,BoNesis[MTS],IL2RA,1,60,0.02396259497369959
A3_T-LGL,BoNesis[MTS],IL2RAT,0,60,0.02396259497369959
A3_T-LGL,BoNesis[MTS],IL2RAT,1,60,0.02396259497369959
A3_T-LGL,BoNesis[MTS],IL2RB,0,60,0.045368205727644655
A3_T-LGL,BoNesis[MTS],IL2RB,1,60,0.02374342489772063
A3_T-LGL,BoNesis[MTS],IL2RBT,0,60,0.045368205727644655
A3_T-LGL,BoNesis[MTS],IL2RBT,1,60,0.02374342489772063
A3_T-LGL,BoNesis[MTS],JAK,0,60,0.03689362945645821
A3_T-LGL,BoNesis[MTS],JAK,1,60,0.15290765634132086
A3_T-LGL,BoNesis[MTS],LCK,0,60,0.02396259497369959
A3_T-LGL,BoNesis[MTS],LCK,1,60,0.02396259497369959
A3_T-LGL,BoNesis[MTS],MCL1,0,60,0.045368205727644655
A3_T-LGL,BoNesis[MTS],MCL1,1,60,0.02374342489772063
A3_T-LGL,BoNesis[MTS],MEK,0,60,0.045368205727644655
A3_T-LGL,BoNesis[MTS],MEK,1,60,0.02374342489772063
A3_T-LGL,BoNesis[MTS],NFAT,0,60,0.02396259497369959
A3_T-LGL,BoNesis[MTS],NFAT,1,60,0.02396259497369959
A3_T-LGL,BoNesis[MTS],NFKB,0,60,0.045075978959672705
A3_T-LGL,BoNesis[MTS],NFKB,1,60,0.053842781998831094
A3_T-LGL,BoNesis[MTS],P2,0,60,0.02396259497369959
A3_T-LGL,BoNesis[MTS],P2,1,60,0.02396259497369959
A3_T-LGL,BoNesis[MTS],P27,0,60,0.02396259497369959
A3_T-LGL,BoNesis[MTS],P27,1,60,0.02396259497369959
A3_T-LGL,BoNesis[MTS],PDGF,0,60,0.02374342489772063
A3_T-LGL,BoNesis[MTS],PDGF,1,60,0.04639099941554646
A3_T-LGL,BoNesis[MTS],PDGFR,0,60,0.11060783167738165
A3_T-LGL,BoNesis[MTS],PDGFR,1,60,0.04558737580362361
A3_T-LGL,BoNesis[MTS],PI3K,0,60,0.045075978959672705
A3_T-LGL,BoNesis[MTS],PI3K,1,60,0.053842781998831094
A3_T-LGL,BoNesis[MTS],PLCG1,0,60,0.023670368205727644
A3_T-LGL,BoNesis[MTS],PLCG1,1,60,0.05406195207481005
A3_T-LGL,BoNesis[MTS],Proliferation,0,60,0.02396259497369959
A3_T-LGL,BoNesis[MTS],Proliferation,1,60,0.02396259497369959
A3_T-LGL,BoNesis[MTS],RANTES,0,60,0.02396259497369959
A3_T-LGL,BoNesis[MTS],RANTES,1,60,0.02396259497369959
A3_T-LGL,BoNesis[MTS],RAS,0,60,0.045075978959672705
A3_T-LGL,BoNesis[MTS],RAS,1,60,0.053842781998831094
A3_T-LGL,BoNesis[MTS],S1P,0,60,0.1272647574517826
A3_T-LGL,BoNesis[MTS],S1P,1,60,0.030391583869082407
A3_T-LGL,BoNesis[MTS],SMAD,0,60,0.02396259497369959
A3_T-LGL,BoNesis[MTS],SMAD,1,60,0.02396259497369959
A3_T-LGL,BoNesis[MTS],SOCS,0,60,0.02381648158971362
A3_T-LGL,BoNesis[MTS],SOCS,1,60,0.03806253652834599
A3_T-LGL,BoNesis[MTS],SPHK1,0,60,0.12733781414377557
A3_T-LGL,BoNesis[MTS],SPHK1,1,60,0.023012857977790766
A3_T-LGL,BoNesis[MTS],STAT3,0,60,0.045368205727644655
A3_T-LGL,BoNesis[MTS],STAT3,1,60,0.02374342489772063
A3_T-LGL,BoNesis[MTS],Stimuli,0,60,0.02396259497369959
A3_T-LGL,BoNesis[MTS],Stimuli,1,60,0.02396259497369959
A3_T-LGL,BoNesis[MTS],Stimuli2,0,60,0.02396259497369959
A3_T-LGL,BoNesis[MTS],Stimuli2,1,60,0.02396259497369959
A3_T-LGL,BoNesis[MTS],TAX,0,60,0.023670368205727644
A3_T-LGL,BoNesis[MTS],TAX,1,60,0.05406195207481005
A3_T-LGL,BoNesis[MTS],TBET,0,60,0.029587960257159554
A3_T-LGL,BoNesis[MTS],TBET,1,60,0.17796610169491525
A3_T-LGL,BoNesis[MTS],TCR,0,60,0.02396259497369959
A3_T-LGL,BoNesis[MTS],TCR,1,60,0.02396259497369959
A3_T-LGL,BoNesis[MTS],TNF,0,60,0.02396259497369959
A3_T-LGL,BoNesis[MTS],TNF,1,60,0.02396259497369959
A3_T-LGL,BoNesis[MTS],TPL2,0,60,0.023670368205727644
A3_T-LGL,BoNesis[MTS],TPL2,1,60,0.05406195207481005
A3_T-LGL,BoNesis[MTS],TRADD,0,60,0.023889538281706604
A3_T-LGL,BoNesis[MTS],TRADD,1,60,0.032144944476914086
A3_T-LGL,BoNesis[MTS],ZAP70,0,60,0.023670368205727644
A3_T-LGL,BoNesis[MTS],ZAP70,1,60,0.05406195207481005
A3_T-LGL,BoNesis[MTS],sFas,0,60,0.02396259497369959
A3_T-LGL,BoNesis[MTS],sFas,1,60,0.02396259497369959
A3_T-LGL,PBN[ASA],A20,0,60,0.02396259497369959
A3_T-LGL,PBN[ASA],A20,1,60,0.02396259497369959
A3_T-LGL,PBN[ASA],Apoptosis,0,60,0.02396259497369959
A3_T-LGL,PBN[ASA],Apoptosis,1,60,0.02396259497369959
A3_T-LGL,PBN[ASA],BID,0,60,0.023670368205727644
A3_T-LGL,PBN[ASA],BID,1,60,0.05376972530683811
A3_T-LGL,PBN[ASA],BclxL,0,60,0.02396259497369959
A3_T-LGL,PBN[ASA],BclxL,1,60,0.02396259497369959
A3_T-LGL,PBN[ASA],CD45,0,60,0.02381648158971362
A3_T-LGL,PBN[ASA],CD45,1,60,0.03806253652834599
A3_T-LGL,PBN[ASA],CREB,0,60,0.02396259497369959
A3_T-LGL,PBN[ASA],CREB,1,60,0.02396259497369959
A3_T-LGL,PBN[ASA],CTLA4,0,60,0.02396259497369959
A3_T-LGL,PBN[ASA],CTLA4,1,60,0.02396259497369959
A3_T-LGL,PBN[ASA],Caspase,0,60,0.01548801870251315
A3_T-LGL,PBN[ASA],Caspase,1,60,1.0
A3_T-LGL,PBN[ASA],Ceramide,0,60,0.02286674459380479
A3_T-LGL,PBN[ASA],Ceramide,1,60,0.14414085330216247
A3_T-LGL,PBN[ASA],Cytoskeleton_signaling,0,60,0.02396259497369959
A3_T-LGL,PBN[ASA],Cytoskeleton_signaling,1,60,0.02396259497369959
A3_T-LGL,PBN[ASA],DISC,0,60,0.01548801870251315
A3_T-LGL,PBN[ASA],DISC,1,60,1.0
A3_T-LGL,PBN[ASA],ERK,0,60,0.045368205727644655
A3_T-LGL,PBN[ASA],ERK,1,60,0.02374342489772063
A3_T-LGL,PBN[ASA],FLIP,0,60,0.02396259497369959
A3_T-LGL,PBN[ASA],FLIP,1,60,0.02396259497369959
A3_T-LGL,PBN[ASA],FYN,0,60,0.02396259497369959
A3_T-LGL,PBN[ASA],FYN,1,60,0.02396259497369959
A3_T-LGL,PBN[ASA],Fas,0,60,0.02396259497369959
A3_T-LGL,PBN[ASA],Fas,1,60,0.02396259497369959
A3_T-LGL,PBN[ASA],FasL,0,60,0.02396259497369959
A3_T-LGL,PBN[ASA],FasL,1,60,0.02396259497369959
A3_T-LGL,PBN[ASA],FasT,0,60,0.023889538281706604
A3_T-LGL,PBN[ASA],FasT,1,60,0.03134132086499123
A3_T-LGL,PBN[ASA],GAP,0,60,0.02374342489772063
A3_T-LGL,PBN[ASA],GAP,1,60,0.045368205727644655
A3_T-LGL,PBN[ASA],GPCR,0,60,0.02396259497369959
A3_T-LGL,PBN[ASA],GPCR,1,60,0.02396259497369959
A3_T-LGL,PBN[ASA],GRB2,0,60,0.023670368205727644
A3_T-LGL,PBN[ASA],GRB2,1,60,0.05406195207481005
A3_T-LGL,PBN[ASA],GZMB,0,60,0.02250146113383986
A3_T-LGL,PBN[ASA],GZMB,1,60,0.1864406779661017
A3_T-LGL,PBN[ASA],IAP,0,60,0.02396259497369959
A3_T-LGL,PBN[ASA],IAP,1,60,0.02396259497369959
A3_T-LGL,PBN[ASA],IFNG,0,60,0.02396259497369959
A3_T-LGL,PBN[ASA],IFNG,1,60,0.02396259497369959
A3_T-LGL,PBN[ASA],IFNGT,0,60,0.02396259497369959
A3_T-LGL,PBN[ASA],IFNGT,1,60,0.02396259497369959
A3_T-LGL,PBN[ASA],IL15,0,60,0.045368205727644655
A3_T-LGL,PBN[ASA],IL15,1,60,0.02374342489772063
A3_T-LGL,PBN[ASA],IL2,0,60,0.02396259497369959
A3_T-LGL,PBN[ASA],IL2,1,60,0.02396259497369959
A3_T-LGL,PBN[ASA],IL2RA,0,60,0.02396259497369959
A3_T-LGL,PBN[ASA],IL2RA,1,60,0.02396259497369959
A3_T-LGL,PBN[ASA],IL2RAT,0,60,0.02396259497369959
A3_T-LGL,PBN[ASA],IL2RAT,1,60,0.02396259497369959
A3_T-LGL,PBN[ASA],IL2RB,0,60,0.045368205727644655
A3_T-LGL,PBN[ASA],IL2RB,1,60,0.02374342489772063
A3_T-LGL,PBN[ASA],IL2RBT,0,60,0.045368205727644655
A3_T-LGL,PBN[ASA],IL2RBT,1,60,0.02374342489772063
A3_T-LGL,PBN[ASA],JAK,0,60,0.03689362945645821
A3_T-LGL,PBN[ASA],JAK,1,60,0.15290765634132086
A3_T-LGL,PBN[ASA],LCK,0,60,0.02396259497369959
A3_T-LGL,PBN[ASA],LCK,1,60,0.02396259497369959
A3_T-LGL,PBN[ASA],MCL1,0,60,0.045368205727644655
A3_T-LGL,PBN[ASA],MCL1,1,60,0.02374342489772063
A3_T-LGL,PBN[ASA],MEK,0,60,0.045368205727644655
A3_T-LGL,PBN[ASA],MEK,1,60,0.02374342489772063
A3_T-LGL,PBN[ASA],NFAT,0,60,0.02396259497369959
A3_T-LGL,PBN[ASA],NFAT,1,60,0.02396259497369959
A3_T-LGL,PBN[ASA],NFKB,0,60,0.045075978959672705
A3_T-LGL,PBN[ASA],NFKB,1,60,0.053842781998831094
A3_T-LGL,PBN[ASA],P2,0,60,0.02396259497369959
A3_T-LGL,PBN[ASA],P2,1,60,0.02396259497369959
A3_T-LGL,PBN[ASA],P27,0,60,0.02396259497369959
A3_T-LGL,PBN[ASA],P27,1,60,0.02396259497369959
A3_T-LGL,PBN[ASA],PDGF,0,60,0.02374342489772063
A3_T-LGL,PBN[ASA],PDGF,1,60,0.04639099941554646
A3_T-LGL,PBN[ASA],PDGFR,0,60,0.11060783167738165
A3_T-LGL,PBN[ASA],PDGFR,1,60,0.04558737580362361
A3_T-LGL,PBN[ASA],PI3K,0,60,0.045075978959672705
A3_T-LGL,PBN[ASA],PI3K,1,60,0.053842781998831094
A3_T-LGL,PBN[ASA],PLCG1,0,60,0.023670368205727644
A3_T-LGL,PBN[ASA],PLCG1,1,60,0.05406195207481005
A3_T-LGL,PBN[ASA],Proliferation,0,60,0.02396259497369959
A3_T-LGL,PBN[ASA],Proliferation,1,60,0.02396259497369959
A3_T-LGL,PBN[ASA],RANTES,0,60,0.02396259497369959
A3_T-LGL,PBN[ASA],RANTES,1,60,0.02396259497369959
A3_T-LGL,PBN[ASA],RAS,0,60,0.045075978959672705
A3_T-LGL,PBN[ASA],RAS,1,60,0.053842781998831094
A3_T-LGL,PBN[ASA],S1P,0,60,0.1272647574517826
A3_T-LGL,PBN[ASA],S1P,1,60,0.030391583869082407
A3_T-LGL,PBN[ASA],SMAD,0,60,0.02396259497369959
A3_T-LGL,PBN[ASA],SMAD,1,60,0.02396259497369959
A3_T-LGL,PBN[ASA],SOCS,0,60,0.02381648158971362
A3_T-LGL,PBN[ASA],SOCS,1,60,0.03806253652834599
A3_T-LGL,PBN[ASA],SPHK1,0,60,0.12733781414377557
A3_T-LGL,PBN[ASA],SPHK1,1,60,0.023012857977790766
A3_T-LGL,PBN[ASA],STAT3,0,60,0.045368205727644655
A3_T-LGL,PBN[ASA],STAT3,1,60,0.02374342489772063
A3_T-LGL,PBN[ASA],Stimuli,0,60,0.02396259497369959
A3_T-LGL,PBN[ASA],Stimuli,1,60,0.02396259497369959
A3_T-LGL,PBN[ASA],Stimuli2,0,60,0.02396259497369959
A3_T-LGL,PBN[ASA],Stimuli2,1,60,0.02396259497369959
A3_T-LGL,PBN[ASA],TAX,0,60,0.023670368205727644
A3_T-LGL,PBN[ASA],TAX,1,60,0.05406195207481005
A3_T-LGL,PBN[ASA],TBET,0,60,0.029587960257159554
A3_T-LGL,PBN[ASA],TBET,1,60,0.17796610169491525
A3_T-LGL,PBN[ASA],TCR,0,60,0.02396259497369959
A3_T-LGL,PBN[ASA],TCR,1,60,0.02396259497369959
A3_T-LGL,PBN[ASA],TNF,0,60,0.02396259497369959
A3_T-LGL,PBN[ASA],TNF,1,60,0.02396259497369959
A3_T-LGL,PBN[ASA],TPL2,0,60,0.023670368205727644
A3_T-LGL,PBN[ASA],TPL2,1,60,0.05406195207481005
A3_T-LGL,PBN[ASA],TRADD,0,60,0.023889538281706604
A3_T-LGL,PBN[ASA],TRADD,1,60,0.032144944476914086
A3_T-LGL,PBN[ASA],ZAP70,0,60,0.023670368205727644
A3_T-LGL,PBN[ASA],ZAP70,1,60,0.05406195207481005
A3_T-LGL,PBN[ASA],sFas,0,60,0.02396259497369959
A3_T-LGL,PBN[ASA],sFas,1,60,0.02396259497369959
A3_T-LGL,Caspo,A20,0,60,0.022136177673874928
A3_T-LGL,Caspo,A20,1,60,0.022136177673874928
A3_T-LGL,Caspo,Apoptosis,0,60,0.022136177673874928
A3_T-LGL,Caspo,Apoptosis,1,60,0.022136177673874928
A3_T-LGL,Caspo,BID,0,60,0.021843950905902982
A3_T-LGL,Caspo,BID,1,60,0.052893045002922266
A3_T-LGL,Caspo,BclxL,0,60,0.022136177673874928
A3_T-LGL,Caspo,BclxL,1,60,0.022136177673874928
A3_T-LGL,Caspo,CD45,0,60,0.021990064289888953
A3_T-LGL,Caspo,CD45,1,60,0.03689362945645821
A3_T-LGL,Caspo,CREB,0,60,0.022136177673874928
A3_T-LGL,Caspo,CREB,1,60,0.022136177673874928
A3_T-LGL,Caspo,CTLA4,0,60,0.022136177673874928
A3_T-LGL,Caspo,CTLA4,1,60,0.022136177673874928
A3_T-LGL,Caspo,Caspase,0,60,0.013661601402688486
A3_T-LGL,Caspo,Caspase,1,60,1.0
A3_T-LGL,Caspo,Ceramide,0,60,0.021478667445938047
A3_T-LGL,Caspo,Ceramide,1,60,0.09636177673874927
A3_T-LGL,Caspo,Cytoskeleton_signaling,0,60,0.022136177673874928
A3_T-LGL,Caspo,Cytoskeleton_signaling,1,60,0.022136177673874928
A3_T-LGL,Caspo,DISC,0,60,0.013661601402688486
A3_T-LGL,Caspo,DISC,1,60,1.0
A3_T-LGL,Caspo,ERK,0,60,0.04449152542372881
A3_T-LGL,Caspo,ERK,1,60,0.021917007597895968
A3_T-LGL,Caspo,FLIP,0,60,0.022136177673874928
A3_T-LGL,Caspo,FLIP,1,60,0.022136177673874928
A3_T-LGL,Caspo,FYN,0,60,0.022136177673874928
A3_T-LGL,Caspo,FYN,1,60,0.022136177673874928
A3_T-LGL,Caspo,Fas,0,60,0.022136177673874928
A3_T-LGL,Caspo,Fas,1,60,0.022136177673874928
A3_T-LGL,Caspo,FasL,0,60,0.022136177673874928
A3_T-LGL,Caspo,FasL,1,60,0.022136177673874928
A3_T-LGL,Caspo,FasT,0,60,0.02206312098188194
A3_T-LGL,Caspo,FasT,1,60,0.02995324371712449
A3_T-LGL,Caspo,GAP,0,60,0.021917007597895968
A3_T-LGL,Caspo,GAP,1,60,0.04449152542372881
A3_T-LGL,Caspo,GPCR,0,60,0.022136177673874928
A3_T-LGL,Caspo,GPCR,1,60,0.022136177673874928
A3_T-LGL,Caspo,GRB2,0,60,0.022136177673874928
A3_T-LGL,Caspo,GRB2,1,60,0.022136177673874928
A3_T-LGL,Caspo,GZMB,0,60,0.02104032729398013
A3_T-LGL,Caspo,GZMB,1,60,0.14625949736995908
A3_T-LGL,Caspo,IAP,0,60,0.022136177673874928
A3_T-LGL,Caspo,IAP,1,60,0.022136177673874928
A3_T-LGL,Caspo,IFNG,0,60,0.022136177673874928
A3_T-LGL,Caspo,IFNG,1,60,0.022136177673874928
A3_T-LGL,Caspo,IFNGT,0,60,0.022136177673874928
A3_T-LGL,Caspo,IFNGT,1,60,0.022136177673874928
A3_T-LGL,Caspo,IL15,0,60,0.03711279953243717
A3_T-LGL,Caspo,IL15,1,60,0.021990064289888953
A3_T-LGL,Caspo,IL2,0,60,0.022136177673874928
A3_T-LGL,Caspo,IL2,1,60,0.022136177673874928
A3_T-LGL,Caspo,IL2RA,0,60,0.022136177673874928
A3_T-LGL,Caspo,IL2RA,1,60,0.022136177673874928
A3_T-LGL,Caspo,IL2RAT,0,60,0.022136177673874928
A3_T-LGL,Caspo,IL2RAT,1,60,0.022136177673874928
A3_T-LGL,Caspo,IL2RB,0,60,0.04449152542372881
A3_T-LGL,Caspo,IL2RB,1,60,0.021917007597895968
A3_T-LGL,Caspo,IL2RBT,0,60,0.04449152542372881
A3_T-LGL,Caspo,IL2RBT,1,60,0.021917007597895968
A3_T-LGL,Caspo,JAK,0,60,0.036016949152542374
A3_T-LGL,Caspo,JAK,1,60,0.12105493863237872
A3_T-LGL,Caspo,LCK,0,60,0.022136177673874928
A3_T-LGL,Caspo,LCK,1,60,0.022136177673874928
A3_T-LGL,Caspo,MCL1,0,60,0.04449152542372881
A3_T-LGL,Caspo,MCL1,1,60,0.021917007597895968
A3_T-LGL,Caspo,MEK,0,60,0.04449152542372881
A3_T-LGL,Caspo,MEK,1,60,0.021917007597895968
A3_T-LGL,Caspo,NFAT,0,60,0.022136177673874928
A3_T-LGL,Caspo,NFAT,1,60,0.022136177673874928
A3_T-LGL,Caspo,NFKB,0,60,0.04419929865575687
A3_T-LGL,Caspo,NFKB,1,60,0.05376972530683811
A3_T-LGL,Caspo,P2,0,60,0.022136177673874928
A3_T-LGL,Caspo,P2,1,60,0.022136177673874928
A3_T-LGL,Caspo,P27,0,60,0.022136177673874928
A3_T-LGL,Caspo,P27,1,60,0.022136177673874928
A3_T-LGL,Caspo,PDGF,0,60,0.021917007597895968
A3_T-LGL,Caspo,PDGF,1,60,0.04587960257159556
A3_T-LGL,Caspo,PDGFR,0,60,0.06282875511396845
A3_T-LGL,Caspo,PDGFR,1,60,0.045514319111630626
A3_T-LGL,Caspo,PI3K,0,60,0.04419929865575687
A3_T-LGL,Caspo,PI3K,1,60,0.05376972530683811
A3_T-LGL,Caspo,PLCG1,0,60,0.022136177673874928
A3_T-LGL,Caspo,PLCG1,1,60,0.022136177673874928
A3_T-LGL,Caspo,Proliferation,0,60,0.022136177673874928
A3_T-LGL,Caspo,Proliferation,1,60,0.022136177673874928
A3_T-LGL,Caspo,RANTES,0,60,0.022136177673874928
A3_T-LGL,Caspo,RANTES,1,60,0.022136177673874928
A3_T-LGL,Caspo,RAS,0,60,0.04419929865575687
A3_T-LGL,Caspo,RAS,1,60,0.05376972530683811
A3_T-LGL,Caspo,S1P,0,60,0.07948568088836938
A3_T-LGL,Caspo,S1P,1,60,0.029441846873173583
A3_T-LGL,Caspo,SMAD,0,60,0.022136177673874928
A3_T-LGL,Caspo,SMAD,1,60,0.022136177673874928
A3_T-LGL,Caspo,SOCS,0,60,0.021990064289888953
A3_T-LGL,Caspo,SOCS,1,60,0.03689362945645821
A3_T-LGL,Caspo,SPHK1,0,60,0.07955873758036236
A3_T-LGL,Caspo,SPHK1,1,60,0.02162478082992402
A3_T-LGL,Caspo,STAT3,0,60,0.04449152542372881
A3_T-LGL,Caspo,STAT3,1,60,0.021917007597895968
A3_T-LGL,Caspo,Stimuli,0,60,0.022136177673874928
A3_T-LGL,Caspo,Stimuli,1,60,0.022136177673874928
A3_T-LGL,Caspo,Stimuli2,0,60,0.022136177673874928
A3_T-LGL,Caspo,Stimuli2,1,60,0.022136177673874928
A3_T-LGL,Caspo,TAX,0,60,0.021843950905902982
A3_T-LGL,Caspo,TAX,1,60,0.053988895382817065
A3_T-LGL,Caspo,TBET,0,60,0.02841905318527177
A3_T-LGL,Caspo,TBET,1,60,0.14611338398597312
A3_T-LGL,Caspo,TCR,0,60,0.022136177673874928
A3_T-LGL,Caspo,TCR,1,60,0.022136177673874928
A3_T-LGL,Caspo,TNF,0,60,0.022136177673874928
A3_T-LGL,Caspo,TNF,1,60,0.022136177673874928
A3_T-LGL,Caspo,TPL2,0,60,0.021843950905902982
A3_T-LGL,Caspo,TPL2,1,60,0.053988895382817065
A3_T-LGL,Caspo,TRADD,0,60,0.02206312098188194
A3_T-LGL,Caspo,TRADD,1,60,0.03031852717708942
A3_T-LGL,Caspo,ZAP70,0,60,0.022136177673874928
A3_T-LGL,Caspo,ZAP70,1,60,0.022136177673874928
A3_T-LGL,Caspo,sFas,0,60,0.022136177673874928
A3_T-LGL,Caspo,sFas,1,60,0.022136177673874928
A3_T-LGL,SM[brute-force],A20,0,60,0.022136177673874928
A3_T-LGL,SM[brute-force],A20,1,60,0.022136177673874928
A3_T-LGL,SM[brute-force],Apoptosis,0,60,0.022136177673874928
A3_T-LGL,SM[brute-force],Apoptosis,1,60,0.022136177673874928
A3_T-LGL,SM[brute-force],BID,0,60,0.021843950905902982
A3_T-LGL,SM[brute-force],BID,1,60,0.052893045002922266
A3_T-LGL,SM[brute-force],BclxL,0,60,0.022136177673874928
A3_T-LGL,SM[brute-force],BclxL,1,60,0.022136177673874928
A3_T-LGL,SM[brute-force],CD45,0,60,0.021990064289888953
A3_T-LGL,SM[brute-force],CD45,1,60,0.03689362945645821
A3_T-LGL,SM[brute-force],CREB,0,60,0.022136177673874928
A3_T-LGL,SM[brute-force],CREB,1,60,0.022136177673874928
A3_T-LGL,SM[brute-force],CTLA4,0,60,0.022136177673874928
A3_T-LGL,SM[brute-force],CTLA4,1,60,0.022136177673874928
A3_T-LGL,SM[brute-force],Caspase,0,60,0.013661601402688486
A3_T-LGL,SM[brute-force],Caspase,1,60,1.0
A3_T-LGL,SM[brute-force],Ceramide,0,60,0.021478667445938047
A3_T-LGL,SM[brute-force],Ceramide,1,60,0.09636177673874927
A3_T-LGL,SM[brute-force],Cytoskeleton_signaling,0,60,0.022136177673874928
A3_T-LGL,SM[brute-force],Cytoskeleton_signaling,1,60,0.022136177673874928
A3_T-LGL,SM[brute-force],DISC,0,60,0.013661601402688486
A3_T-LGL,SM[brute-force],DISC,1,60,1.0
A3_T-LGL,SM[brute-force],ERK,0,60,0.04449152542372881
A3_T-LGL,SM[brute-force],ERK,1,60,0.021917007597895968
A3_T-LGL,SM[brute-force],FLIP,0,60,0.022136177673874928
A3_T-LGL,SM[brute-force],FLIP,1,60,0.022136177673874928
A3_T-LGL,SM[brute-force],FYN,0,60,0.022136177673874928
A3_T-LGL,SM[brute-force],FYN,1,60,0.022136177673874928
A3_T-LGL,SM[brute-force],Fas,0,60,0.022136177673874928
A3_T-LGL,SM[brute-force],Fas,1,60,0.022136177673874928
A3_T-LGL,SM[brute-force],FasL,0,60,0.022136177673874928
A3_T-LGL,SM[brute-force],FasL,1,60,0.022136177673874928
A3_T-LGL,SM[brute-force],FasT,0,60,0.02206312098188194
A3_T-LGL,SM[brute-force],FasT,1,60,0.02995324371712449
A3_T-LGL,SM[brute-force],GAP,0,60,0.021917007597895968
A3_T-LGL,SM[brute-force],GAP,1,60,0.04449152542372881
A3_T-LGL,SM[brute-force],GPCR,0,60,0.022136177673874928
A3_T-LGL,SM[brute-force],GPCR,1,60,0.022136177673874928
A3_T-LGL,SM[brute-force],GRB2,0,60,0.022136177673874928
A3_T-LGL,SM[brute-force],GRB2,1,60,0.022136177673874928
A3_T-LGL,SM[brute-force],GZMB,0,60,0.02104032729398013
A3_T-LGL,SM[brute-force],GZMB,1,60,0.14625949736995908
A3_T-LGL,SM[brute-force],IAP,0,60,0.022136177673874928
A3_T-LGL,SM[brute-force],IAP,1,60,0.022136177673874928
A3_T-LGL,SM[brute-force],IFNG,0,60,0.022136177673874928
A3_T-LGL,SM[brute-force],IFNG,1,60,0.022136177673874928
A3_T-LGL,SM[brute-force],IFNGT,0,60,0.022136177673874928
A3_T-LGL,SM[brute-force],IFNGT,1,60,0.022136177673874928
A3_T-LGL,SM[brute-force],IL15,0,60,0.03711279953243717
A3_T-LGL,SM[brute-force],IL15,1,60,0.021990064289888953
A3_T-LGL,SM[brute-force],IL2,0,60,0.022136177673874928
A3_T-LGL,SM[brute-force],IL2,1,60,0.022136177673874928
A3_T-LGL,SM[brute-force],IL2RA,0,60,0.022136177673874928
A3_T-LGL,SM[brute-force],IL2RA,1,60,0.022136177673874928
A3_T-LGL,SM[brute-force],IL2RAT,0,60,0.022136177673874928
A3_T-LGL,SM[brute-force],IL2RAT,1,60,0.022136177673874928
A3_T-LGL,SM[brute-force],IL2RB,0,60,0.04449152542372881
A3_T-LGL,SM[brute-force],IL2RB,1,60,0.021917007597895968
A3_T-LGL,SM[brute-force],IL2RBT,0,60,0.04449152542372881
A3_T-LGL,SM[brute-force],IL2RBT,1,60,0.021917007597895968
A3_T-LGL,SM[brute-force],JAK,0,60,0.036016949152542374
A3_T-LGL,SM[brute-force],JAK,1,60,0.12105493863237872
A3_T-LGL,SM[brute-force],LCK,0,60,0.022136177673874928
A3_T-LGL,SM[brute-force],LCK,1,60,0.022136177673874928
A3_T-LGL,SM[brute-force],MCL1,0,60,0.04449152542372881
A3_T-LGL,SM[brute-force],MCL1,1,60,0.021917007597895968
A3_T-LGL,SM[brute-force],MEK,0,60,0.04449152542372881
A3_T-LGL,SM[brute-force],MEK,1,60,0.021917007597895968
A3_T-LGL,SM[brute-force],NFAT,0,60,0.022136177673874928
A3_T-LGL,SM[brute-force],NFAT,1,60,0.022136177673874928
A3_T-LGL,SM[brute-force],NFKB,0,60,0.04419929865575687
A3_T-LGL,SM[brute-force],NFKB,1,60,0.05376972530683811
A3_T-LGL,SM[brute-force],P2,0,60,0.022136177673874928
A3_T-LGL,SM[brute-force],P2,1,60,0.022136177673874928
A3_T-LGL,SM[brute-force],P27,0,60,0.022136177673874928
A3_T-LGL,SM[brute-force],P27,1,60,0.022136177673874928
A3_T-LGL,SM[brute-force],PDGF,0,60,0.021917007597895968
A3_T-LGL,SM[brute-force],PDGF,1,60,0.04587960257159556
A3_T-LGL,SM[brute-force],PDGFR,0,60,0.06282875511396845
A3_T-LGL,SM[brute-force],PDGFR,1,60,0.045514319111630626
A3_T-LGL,SM[brute-force],PI3K,0,60,0.04419929865575687
A3_T-LGL,SM[brute-force],PI3K,1,60,0.05376972530683811
A3_T-LGL,SM[brute-force],PLCG1,0,60,0.022136177673874928
A3_T-LGL,SM[brute-force],PLCG1,1,60,0.022136177673874928
A3_T-LGL,SM[brute-force],Proliferation,0,60,0.022136177673874928
A3_T-LGL,SM[brute-force],Proliferation,1,60,0.022136177673874928
A3_T-LGL,SM[brute-force],RANTES,0,60,0.022136177673874928
A3_T-LGL,SM[brute-force],RANTES,1,60,0.022136177673874928
A3_T-LGL,SM[brute-force],RAS,0,60,0.04419929865575687
A3_T-LGL,SM[brute-force],RAS,1,60,0.05376972530683811
A3_T-LGL,SM[brute-force],S1P,0,60,0.07948568088836938
A3_T-LGL,SM[brute-force],S1P,1,60,0.029441846873173583
A3_T-LGL,SM[brute-force],SMAD,0,60,0.022136177673874928
A3_T-LGL,SM[brute-force],SMAD,1,60,0.022136177673874928
A3_T-LGL,SM[brute-force],SOCS,0,60,0.021990064289888953
A3_T-LGL,SM[brute-force],SOCS,1,60,0.03689362945645821
A3_T-LGL,SM[brute-force],SPHK1,0,60,0.07955873758036236
A3_T-LGL,SM[brute-force],SPHK1,1,60,0.02162478082992402
A3_T-LGL,SM[brute-force],STAT3,0,60,0.04449152542372881
A3_T-LGL,SM[brute-force],STAT3,1,60,0.021917007597895968
A3_T-LGL,SM[brute-force],Stimuli,0,60,0.022136177673874928
A3_T-LGL,SM[brute-force],Stimuli,1,60,0.022136177673874928
A3_T-LGL,SM[brute-force],Stimuli2,0,60,0.022136177673874928
A3_T-LGL,SM[brute-force],Stimuli2,1,60,0.022136177673874928
A3_T-LGL,SM[brute-force],TAX,0,60,0.021843950905902982
A3_T-LGL,SM[brute-force],TAX,1,60,0.053988895382817065
A3_T-LGL,SM[brute-force],TBET,0,60,0.02841905318527177
A3_T-LGL,SM[brute-force],TBET,1,60,0.14611338398597312
A3_T-LGL,SM[brute-force],TCR,0,60,0.022136177673874928
A3_T-LGL,SM[brute-force],TCR,1,60,0.022136177673874928
A3_T-LGL,SM[brute-force],TNF,0,60,0.022136177673874928
A3_T-LGL,SM[brute-force],TNF,1,60,0.022136177673874928
A3_T-LGL,SM[brute-force],TPL2,0,60,0.021843950905902982
A3_T-LGL,SM[brute-force],TPL2,1,60,0.053988895382817065
A3_T-LGL,SM[brute-force],TRADD,0,60,0.02206312098188194
A3_T-LGL,SM[brute-force],TRADD,1,60,0.03031852717708942
A3_T-LGL,SM[brute-force],ZAP70,0,60,0.022136177673874928
A3_T-LGL,SM[brute-force],ZAP70,1,60,0.022136177673874928
A3_T-LGL,SM[brute-force],sFas,0,60,0.022136177673874928
A3_T-LGL,SM[brute-force],sFas,1,60,0.022136177673874928
A3_T-LGL,PBN[percolation],A20,0,60,0.022136177673874928
A3_T-LGL,PBN[percolation],A20,1,60,0.022136177673874928
A3_T-LGL,PBN[percolation],Apoptosis,0,60,0.022136177673874928
A3_T-LGL,PBN[percolation],Apoptosis,1,60,0.022136177673874928
A3_T-LGL,PBN[percolation],BID,0,60,0.021843950905902982
A3_T-LGL,PBN[percolation],BID,1,60,0.052893045002922266
A3_T-LGL,PBN[percolation],BclxL,0,60,0.022136177673874928
A3_T-LGL,PBN[percolation],BclxL,1,60,0.022136177673874928
A3_T-LGL,PBN[percolation],CD45,0,60,0.021990064289888953
A3_T-LGL,PBN[percolation],CD45,1,60,0.03689362945645821
A3_T-LGL,PBN[percolation],CREB,0,60,0.022136177673874928
A3_T-LGL,PBN[percolation],CREB,1,60,0.022136177673874928
A3_T-LGL,PBN[percolation],CTLA4,0,60,0.022136177673874928
A3_T-LGL,PBN[percolation],CTLA4,1,60,0.022136177673874928
A3_T-LGL,PBN[percolation],Caspase,0,60,0.013661601402688486
A3_T-LGL,PBN[percolation],Caspase,1,60,1.0
A3_T-LGL,PBN[percolation],Ceramide,0,60,0.021478667445938047
A3_T-LGL,PBN[percolation],Ceramide,1,60,0.09636177673874927
A3_T-LGL,PBN[percolation],Cytoskeleton_signaling,0,60,0.022136177673874928
A3_T-LGL,PBN[percolation],Cytoskeleton_signaling,1,60,0.022136177673874928
A3_T-LGL,PBN[percolation],DISC,0,60,0.013661601402688486
A3_T-LGL,PBN[percolation],DISC,1,60,1.0
A3_T-LGL,PBN[percolation],ERK,0,60,0.04449152542372881
A3_T-LGL,PBN[percolation],ERK,1,60,0.021917007597895968
A3_T-LGL,PBN[percolation],FLIP,0,60,0.022136177673874928
A3_T-LGL,PBN[percolation],FLIP,1,60,0.022136177673874928
A3_T-LGL,PBN[percolation],FYN,0,60,0.022136177673874928
A3_T-LGL,PBN[percolation],FYN,1,60,0.022136177673874928
A3_T-LGL,PBN[percolation],Fas,0,60,0.022136177673874928
A3_T-LGL,PBN[percolation],Fas,1,60,0.022136177673874928
A3_T-LGL,PBN[percolation],FasL,0,60,0.022136177673874928
A3_T-LGL,PBN[percolation],FasL,1,60,0.022136177673874928
A3_T-LGL,PBN[percolation],FasT,0,60,0.02206312098188194
A3_T-LGL,PBN[percolation],FasT,1,60,0.02995324371712449
A3_T-LGL,PBN[percolation],GAP,0,60,0.021917007597895968
A3_T-LGL,PBN[percolation],GAP,1,60,0.04449152542372881
A3_T-LGL,PBN[percolation],GPCR,0,60,0.022136177673874928
A3_T-LGL,PBN[percolation],GPCR,1,60,0.022136177673874928
A3_T-LGL,PBN[percolation],GRB2,0,60,0.022136177673874928
A3_T-LGL,PBN[percolation],GRB2,1,60,0.022136177673874928
A3_T-LGL,PBN[percolation],GZMB,0,60,0.02104032729398013
A3_T-LGL,PBN[percolation],GZMB,1,60,0.14625949736995908
A3_T-LGL,PBN[percolation],IAP,0,60,0.022136177673874928
A3_T-LGL,PBN[percolation],IAP,1,60,0.022136177673874928
A3_T-LGL,PBN[percolation],IFNG,0,60,0.022136177673874928
A3_T-LGL,PBN[percolation],IFNG,1,60,0.022136177673874928
A3_T-LGL,PBN[percolation],IFNGT,0,60,0.022136177673874928
A3_T-LGL,PBN[percolation],IFNGT,1,60,0.022136177673874928
A3_T-LGL,PBN[percolation],IL15,0,60,0.03711279953243717
A3_T-LGL,PBN[percolation],IL15,1,60,0.021990064289888953
A3_T-LGL,PBN[percolation],IL2,0,60,0.022136177673874928
A3_T-LGL,PBN[percolation],IL2,1,60,0.022136177673874928
A3_T-LGL,PBN[percolation],IL2RA,0,60,0.022136177673874928
A3_T-LGL,PBN[percolation],IL2RA,1,60,0.022136177673874928
A3_T-LGL,PBN[percolation],IL2RAT,0,60,0.022136177673874928
A3_T-LGL,PBN[percolation],IL2RAT,1,60,0.022136177673874928
A3_T-LGL,PBN[percolation],IL2RB,0,60,0.04449152542372881
A3_T-LGL,PBN[percolation],IL2RB,1,60,0.021917007597895968
A3_T-LGL,PBN[percolation],IL2RBT,0,60,0.04449152542372881
A3_T-LGL,PBN[percolation],IL2RBT,1,60,0.021917007597895968
A3_T-LGL,PBN[percolation],JAK,0,60,0.036016949152542374
A3_T-LGL,PBN[percolation],JAK,1,60,0.12105493863237872
A3_T-LGL,PBN[percolation],LCK,0,60,0.022136177673874928
A3_T-LGL,PBN[percolation],LCK,1,60,0.022136177673874928
A3_T-LGL,PBN[percolation],MCL1,0,60,0.04449152542372881
A3_T-LGL,PBN[percolation],MCL1,1,60,0.021917007597895968
A3_T-LGL,PBN[percolation],MEK,0,60,0.04449152542372881
A3_T-LGL,PBN[percolation],MEK,1,60,0.021917007597895968
A3_T-LGL,PBN[percolation],NFAT,0,60,0.022136177673874928
A3_T-LGL,PBN[percolation],NFAT,1,60,0.022136177673874928
A3_T-LGL,PBN[percolation],NFKB,0,60,0.04419929865575687
A3_T-LGL,PBN[percolation],NFKB,1,60,0.05376972530683811
A3_T-LGL,PBN[percolation],P2,0,60,0.022136177673874928
A3_T-LGL,PBN[percolation],P2,1,60,0.022136177673874928
A3_T-LGL,PBN[percolation],P27,0,60,0.022136177673874928
A3_T-LGL,PBN[percolation],P27,1,60,0.022136177673874928
A3_T-LGL,PBN[percolation],PDGF,0,60,0.021917007597895968
A3_T-LGL,PBN[percolation],PDGF,1,60,0.04587960257159556
A3_T-LGL,PBN[percolation],PDGFR,0,60,0.06282875511396845
A3_T-LGL,PBN[percolation],PDGFR,1,60,0.045514319111630626
A3_T-LGL,PBN[percolation],PI3K,0,60,0.04419929865575687
A3_T-LGL,PBN[percolation],PI3K,1,60,0.05376972530683811
A3_T-LGL,PBN[percolation],PLCG1,0,60,0.022136177673874928
A3_T-LGL,PBN[percolation],PLCG1,1,60,0.022136177673874928
A3_T-LGL,PBN[percolation],Proliferation,0,60,0.022136177673874928
A3_T-LGL,PBN[percolation],Proliferation,1,60,0.022136177673874928
A3_T-LGL,PBN[percolation],RANTES,0,60,0.022136177673874928
A3_T-LGL,PBN[percolation],RANTES,1,60,0.022136177673874928
A3_T-LGL,PBN[percolation],RAS,0,60,0.04419929865575687
A3_T-LGL,PBN[percolation],RAS,1,60,0.05376972530683811
A3_T-LGL,PBN[percolation],S1P,0,60,0.07948568088836938
A3_T-LGL,PBN[percolation],S1P,1,60,0.029441846873173583
A3_T-LGL,PBN[percolation],SMAD,0,60,0.022136177673874928
A3_T-LGL,PBN[percolation],SMAD,1,60,0.022136177673874928
A3_T-LGL,PBN[percolation],SOCS,0,60,0.021990064289888953
A3_T-LGL,PBN[percolation],SOCS,1,60,0.03689362945645821
A3_T-LGL,PBN[percolation],SPHK1,0,60,0.07955873758036236
A3_T-LGL,PBN[percolation],SPHK1,1,60,0.02162478082992402
A3_T-LGL,PBN[percolation],STAT3,0,60,0.04449152542372881
A3_T-LGL,PBN[percolation],STAT3,1,60,0.021917007597895968
A3_T-LGL,PBN[percolation],Stimuli,0,60,0.022136177673874928
A3_T-LGL,PBN[percolation],Stimuli,1,60,0.022136177673874928
A3_T-LGL,PBN[percolation],Stimuli2,0,60,0.022136177673874928
A3_T-LGL,PBN[percolation],Stimuli2,1,60,0.022136177673874928
A3_T-LGL,PBN[percolation],TAX,0,60,0.021843950905902982
A3_T-LGL,PBN[percolation],TAX,1,60,0.053988895382817065
A3_T-LGL,PBN[percolation],TBET,0,60,0.02841905318527177
A3_T-LGL,PBN[percolation],TBET,1,60,0.14611338398597312
A3_T-LGL,PBN[percolation],TCR,0,60,0.022136177673874928
A3_T-LGL,PBN[percolation],TCR,1,60,0.022136177673874928
A3_T-LGL,PBN[percolation],TNF,0,60,0.022136177673874928
A3_T-LGL,PBN[percolation],TNF,1,60,0.022136177673874928
A3_T-LGL,PBN[percolation],TPL2,0,60,0.021843950905902982
A3_T-LGL,PBN[percolation],TPL2,1,60,0.053988895382817065
A3_T-LGL,PBN[percolation],TRADD,0,60,0.02206312098188194
A3_T-LGL,PBN[percolation],TRADD,1,60,0.03031852717708942
A3_T-LGL,PBN[percolation],ZAP70,0,60,0.022136177673874928
A3_T-LGL,PBN[percolation],ZAP70,1,60,0.022136177673874928
A3_T-LGL,PBN[percolation],sFas,0,60,0.022136177673874928
A3_T-LGL,PBN[percolation],sFas,1,60,0.022136177673874928
A3_T-LGL,SM[internal],A20,0,60,0.0
A3_T-LGL,SM[internal],A20,1,60,0.0
A3_T-LGL,SM[internal],Apoptosis,0,60,0.0
A3_T-LGL,SM[internal],Apoptosis,1,60,0.0
A3_T-LGL,SM[internal],BID,0,60,0.0
A3_T-LGL,SM[internal],BID,1,60,0.0
A3_T-LGL,SM[internal],BclxL,0,60,0.0
A3_T-LGL,SM[internal],BclxL,1,60,0.0
A3_T-LGL,SM[internal],CD45,0,60,0.0
A3_T-LGL,SM[internal],CD45,1,60,0.0
A3_T-LGL,SM[internal],CREB,0,60,0.0
A3_T-LGL,SM[internal],CREB,1,60,0.0
A3_T-LGL,SM[internal],CTLA4,0,60,0.0
A3_T-LGL,SM[internal],CTLA4,1,60,0.0
A3_T-LGL,SM[internal],Caspase,0,60,0.0
A3_T-LGL,SM[internal],Caspase,1,60,0.0
A3_T-LGL,SM[internal],Ceramide,0,60,0.0
A3_T-LGL,SM[internal],Ceramide,1,60,0.0
A3_T-LGL,SM[internal],Cytoskeleton_signaling,0,60,0.0
A3_T-LGL,SM[internal],Cytoskeleton_signaling,1,60,0.0
A3_T-LGL,SM[internal],DISC,0,60,0.0
A3_T-LGL,SM[internal],DISC,1,60,0.0
A3_T-LGL,SM[internal],ERK,0,60,0.0
A3_T-LGL,SM[internal],ERK,1,60,0.0
A3_T-LGL,SM[internal],FLIP,0,60,0.0
A3_T-LGL,SM[internal],FLIP,1,60,0.0
A3_T-LGL,SM[internal],FYN,0,60,0.0
A3_T-LGL,SM[internal],FYN,1,60,0.0
A3_T-LGL,SM[internal],Fas,0,60,0.0
A3_T-LGL,SM[internal],Fas,1,60,0.0
A3_T-LGL,SM[internal],FasL,0,60,0.0
A3_T-LGL,SM[internal],FasL,1,60,0.0
A3_T-LGL,SM[internal],FasT,0,60,0.0
A3_T-LGL,SM[internal],FasT,1,60,0.0
A3_T-LGL,SM[internal],GAP,0,60,0.0
A3_T-LGL,SM[internal],GAP,1,60,0.0
A3_T-LGL,SM[internal],GPCR,0,60,0.0
A3_T-LGL,SM[internal],GPCR,1,60,0.0
A3_T-LGL,SM[internal],GRB2,0,60,0.0
A3_T-LGL,SM[internal],GRB2,1,60,0.0
A3_T-LGL,SM[internal],GZMB,0,60,0.0
A3_T-LGL,SM[internal],GZMB,1,60,0.0
A3_T-LGL,SM[internal],IAP,0,60,0.0
A3_T-LGL,SM[internal],IAP,1,60,0.0
A3_T-LGL,SM[internal],IFNG,0,60,0.0
A3_T-LGL,SM[internal],IFNG,1,60,0.0
A3_T-LGL,SM[internal],IFNGT,0,60,0.0
A3_T-LGL,SM[internal],IFNGT,1,60,0.0
A3_T-LGL,SM[internal],IL15,0,60,0.0
A3_T-LGL,SM[internal],IL15,1,60,0.0
A3_T-LGL,SM[internal],IL2,0,60,0.0
A3_T-LGL,SM[internal],IL2,1,60,0.0
A3_T-LGL,SM[internal],IL2RA,0,60,0.0
A3_T-LGL,SM[internal],IL2RA,1,60,0.0
A3_T-LGL,SM[internal],IL2RAT,0,60,0.0
A3_T-LGL,SM[internal],IL2RAT,1,60,0.0
A3_T-LGL,SM[internal],IL2RB,0,60,0.0
A3_T-LGL,SM[internal],IL2RB,1,60,0.0
A3_T-LGL,SM[internal],IL2RBT,0,60,0.0
A3_T-LGL,SM[internal],IL2RBT,1,60,0.0
A3_T-LGL,SM[internal],JAK,0,60,0.0
A3_T-LGL,SM[internal],JAK,1,60,0.0
A3_T-LGL,SM[internal],LCK,0,60,0.0
A3_T-LGL,SM[internal],LCK,1,60,0.0
A3_T-LGL,SM[internal],MCL1,0,60,0.0
A3_T-LGL,SM[internal],MCL1,1,60,0.0
A3_T-LGL,SM[internal],MEK,0,60,0.0
A3_T-LGL,SM[internal],MEK,1,60,0.0
A3_T-LGL,SM[internal],NFAT,0,60,0.0
A3_T-LGL,SM[internal],NFAT,1,60,0.0
A3_T-LGL,SM[internal],NFKB,0,60,0.0
A3_T-LGL,SM[internal],NFKB,1,60,0.0
A3_T-LGL,SM[internal],P2,0,60,0.0
A3_T-LGL,SM[internal],P2,1,60,0.0
A3_T-LGL,SM[internal],P27,0,60,0.0
A3_T-LGL,SM[internal],P27,1,60,0.0
A3_T-LGL,SM[internal],PDGF,0,60,0.0
A3_T-LGL,SM[internal],PDGF,1,60,0.0
A3_T-LGL,SM[internal],PDGFR,0,60,0.0
A3_T-LGL,SM[internal],PDGFR,1,60,0.0
A3_T-LGL,SM[internal],PI3K,0,60,0.0
A3_T-LGL,SM[internal],PI3K,1,60,0.0
A3_T-LGL,SM[internal],PLCG1,0,60,0.0
A3_T-LGL,SM[internal],PLCG1,1,60,0.0
A3_T-LGL,SM[internal],Proliferation,0,60,0.0
A3_T-LGL,SM[internal],Proliferation,1,60,0.0
A3_T-LGL,SM[internal],RANTES,0,60,0.0
A3_T-LGL,SM[internal],RANTES,1,60,0.0
A3_T-LGL,SM[internal],RAS,0,60,0.0
A3_T-LGL,SM[internal],RAS,1,60,0.0
A3_T-LGL,SM[internal],S1P,0,60,0.0
A3_T-LGL,SM[internal],S1P,1,60,0.0
A3_T-LGL,SM[internal],SMAD,0,60,0.0
A3_T-LGL,SM[internal],SMAD,1,60,0.0
A3_T-LGL,SM[internal],SOCS,0,60,0.0
A3_T-LGL,SM[internal],SOCS,1,60,0.0
A3_T-LGL,SM[internal],SPHK1,0,60,0.0
A3_T-LGL,SM[internal],SPHK1,1,60,0.0
A3_T-LGL,SM[internal],STAT3,0,60,0.0
A3_T-LGL,SM[internal],STAT3,1,60,0.0
A3_T-LGL,SM[internal],Stimuli,0,60,0.0
A3_T-LGL,SM[internal],Stimuli,1,60,0.0
A3_T-LGL,SM[internal],Stimuli2,0,60,0.0
A3_T-LGL,SM[internal],Stimuli2,1,60,0.0
A3_T-LGL,SM[internal],TAX,0,60,0.0
A3_T-LGL,SM[internal],TAX,1,60,0.0
A3_T-LGL,SM[internal],TBET,0,60,0.0
A3_T-LGL,SM[internal],TBET,1,60,0.0
A3_T-LGL,SM[internal],TCR,0,60,0.0
A3_T-LGL,SM[internal],TCR,1,60,0.0
A3_T-LGL,SM[internal],TNF,0,60,0.0
A3_T-LGL,SM[internal],TNF,1,60,0.0
A3_T-LGL,SM[internal],TPL2,0,60,0.0
A3_T-LGL,SM[internal],TPL2,1,60,0.0
A3_T-LGL,SM[internal],TRADD,0,60,0.0
A3_T-LGL,SM[internal],TRADD,1,60,0.0
A3_T-LGL,SM[internal],ZAP70,0,60,0.0
A3_T-LGL,SM[internal],ZAP70,1,60,0.0
A3_T-LGL,SM[internal],sFas,0,60,0.0
A3_T-LGL,SM[internal],sFas,1,60,0.0
A3_T-LGL,PBN[trap_spaces],A20,0,60,0.0004383401519579193
A3_T-LGL,PBN[trap_spaces],A20,1,60,0.0004383401519579193
A3_T-LGL,PBN[trap_spaces],Apoptosis,0,60,0.0004383401519579193
A3_T-LGL,PBN[trap_spaces],Apoptosis,1,60,0.0004383401519579193
A3_T-LGL,PBN[trap_spaces],BID,0,60,0.0004383401519579193
A3_T-LGL,PBN[trap_spaces],BID,1,60,0.0004383401519579193
A3_T-LGL,PBN[trap_spaces],BclxL,0,60,0.0004383401519579193
A3_T-LGL,PBN[trap_spaces],BclxL,1,60,0.0004383401519579193
A3_T-LGL,PBN[trap_spaces],CD45,0,60,0.0003652834599649328
A3_T-LGL,PBN[trap_spaces],CD45,1,60,0.008766803039158387
A3_T-LGL,PBN[trap_spaces],CREB,0,60,0.0004383401519579193
A3_T-LGL,PBN[trap_spaces],CREB,1,60,0.0004383401519579193
A3_T-LGL,PBN[trap_spaces],CTLA4,0,60,0.0004383401519579193
A3_T-LGL,PBN[trap_spaces],CTLA4,1,60,0.0004383401519579193
A3_T-LGL,PBN[trap_spaces],Caspase,0,60,0.0004383401519579193
A3_T-LGL,PBN[trap_spaces],Caspase,1,60,0.0004383401519579193
A3_T-LGL,PBN[trap_spaces],Ceramide,0,60,0.0002922267679719462
A3_T-LGL,PBN[trap_spaces],Ceramide,1,60,0.017095265926358856
A3_T-LGL,PBN[trap_spaces],Cytoskeleton_signaling,0,60,0.0004383401519579193
A3_T-LGL,PBN[trap_spaces],Cytoskeleton_signaling,1,60,0.0004383401519579193
A3_T-LGL,PBN[trap_spaces],DISC,0,60,0.0004383401519579193
A3_T-LGL,PBN[trap_spaces],DISC,1,60,0.0004383401519579193
A3_T-LGL,PBN[trap_spaces],ERK,0,60,0.0004383401519579193
A3_T-LGL,PBN[trap_spaces],ERK,1,60,0.0004383401519579193
A3_T-LGL,PBN[trap_spaces],FLIP,0,60,0.0004383401519579193
A3_T-LGL,PBN[trap_spaces],FLIP,1,60,0.0004383401519579193
A3_T-LGL,PBN[trap_spaces],FYN,0,60,0.0004383401519579193
A3_T-LGL,PBN[trap_spaces],FYN,1,60,0.0004383401519579193
A3_T-LGL,PBN[trap_spaces],Fas,0,60,0.0004383401519579193
A3_T-LGL,PBN[trap_spaces],Fas,1,60,0.0004383401519579193
A3_T-LGL,PBN[trap_spaces],FasL,0,60,0.0004383401519579193
A3_T-LGL,PBN[trap_spaces],FasL,1,60,0.0004383401519579193
A3_T-LGL,PBN[trap_spaces],FasT,0,60,0.0004383401519579193
A3_T-LGL,PBN[trap_spaces],FasT,1,60,0.0004383401519579193
A3_T-LGL,PBN[trap_spaces],GAP,0,60,0.0004383401519579193
A3_T-LGL,PBN[trap_spaces],GAP,1,60,0.0004383401519579193
A3_T-LGL,PBN[trap_spaces],GPCR,0,60,0.0004383401519579193
A3_T-LGL,PBN[trap_spaces],GPCR,1,60,0.0004383401519579193
A3_T-LGL,PBN[trap_spaces],GRB2,0,60,0.0004383401519579193
A3_T-LGL,PBN[trap_spaces],GRB2,1,60,0.0004383401519579193
A3_T-LGL,PBN[trap_spaces],GZMB,0,60,0.0004383401519579193
A3_T-LGL,PBN[trap_spaces],GZMB,1,60,0.0004383401519579193
A3_T-LGL,PBN[trap_spaces],IAP,0,60,0.0004383401519579193
A3_T-LGL,PBN[trap_spaces],IAP,1,60,0.0004383401519579193
A3_T-LGL,PBN[trap_spaces],IFNG,0,60,0.0004383401519579193
A3_T-LGL,PBN[trap_spaces],IFNG,1,60,0.0004383401519579193
A3_T-LGL,PBN[trap_spaces],IFNGT,0,60,0.0004383401519579193
A3_T-LGL,PBN[trap_spaces],IFNGT,1,60,0.0004383401519579193
A3_T-LGL,PBN[trap_spaces],IL15,0,60,0.008766803039158387
A3_T-LGL,PBN[trap_spaces],IL15,1,60,0.0003652834599649328
A3_T-LGL,PBN[trap_spaces],IL2,0,60,0.0004383401519579193
A3_T-LGL,PBN[trap_spaces],IL2,1,60,0.0004383401519579193
A3_T-LGL,PBN[trap_spaces],IL2RA,0,60,0.0004383401519579193
A3_T-LGL,PBN[trap_spaces],IL2RA,1,60,0.0004383401519579193
A3_T-LGL,PBN[trap_spaces],IL2RAT,0,60,0.0004383401519579193
A3_T-LGL,PBN[trap_spaces],IL2RAT,1,60,0.0004383401519579193
A3_T-LGL,PBN[trap_spaces],IL2RB,0,60,0.0004383401519579193
A3_T-LGL,PBN[trap_spaces],IL2RB,1,60,0.0004383401519579193
A3_T-LGL,PBN[trap_spaces],IL2RBT,0,60,0.0004383401519579193
A3_T-LGL,PBN[trap_spaces],IL2RBT,1,60,0.0004383401519579193
A3_T-LGL,PBN[trap_spaces],JAK,0,60,0.0004383401519579193
A3_T-LGL,PBN[trap_spaces],JAK,1,60,0.0004383401519579193
A3_T-LGL,PBN[trap_spaces],LCK,0,60,0.0004383401519579193
A3_T-LGL,PBN[trap_spaces],LCK,1,60,0.0004383401519579193
A3_T-LGL,PBN[trap_spaces],MCL1,0,60,0.0004383401519579193
A3_T-LGL,PBN[trap_spaces],MCL1,1,60,0.0004383401519579193
A3_T-LGL,PBN[trap_spaces],MEK,0,60,0.0004383401519579193
A3_T-LGL,PBN[trap_spaces],MEK,1,60,0.0004383401519579193
A3_T-LGL,PBN[trap_spaces],NFAT,0,60,0.0004383401519579193
A3_T-LGL,PBN[trap_spaces],NFAT,1,60,0.0004383401519579193
A3_T-LGL,PBN[trap_spaces],NFKB,0,60,0.0004383401519579193
A3_T-LGL,PBN[trap_spaces],NFKB,1,60,0.0004383401519579193
A3_T-LGL,PBN[trap_spaces],P2,0,60,0.0004383401519579193
A3_T-LGL,PBN[trap_spaces],P2,1,60,0.0004383401519579193
A3_T-LGL,PBN[trap_spaces],P27,0,60,0.0004383401519579193
A3_T-LGL,PBN[trap_spaces],P27,1,60,0.0004383401519579193
A3_T-LGL,PBN[trap_spaces],PDGF,0,60,0.0002922267679719462
A3_T-LGL,PBN[trap_spaces],PDGF,1,60,0.017095265926358856
A3_T-LGL,PBN[trap_spaces],PDGFR,0,60,0.0004383401519579193
A3_T-LGL,PBN[trap_spaces],PDGFR,1,60,0.0004383401519579193
A3_T-LGL,PBN[trap_spaces],PI3K,0,60,0.0004383401519579193
A3_T-LGL,PBN[trap_spaces],PI3K,1,60,0.0004383401519579193
A3_T-LGL,PBN[trap_spaces],PLCG1,0,60,0.0004383401519579193
A3_T-LGL,PBN[trap_spaces],PLCG1,1,60,0.0004383401519579193
A3_T-LGL,PBN[trap_spaces],Proliferation,0,60,0.0004383401519579193
A3_T-LGL,PBN[trap_spaces],Proliferation,1,60,0.0004383401519579193
A3_T-LGL,PBN[trap_spaces],RANTES,0,60,0.0004383401519579193
A3_T-LGL,PBN[trap_spaces],RANTES,1,60,0.0004383401519579193
A3_T-LGL,PBN[trap_spaces],RAS,0,60,0.0004383401519579193
A3_T-LGL,PBN[trap_spaces],RAS,1,60,0.0004383401519579193
A3_T-LGL,PBN[trap_spaces],S1P,0,60,0.017095265926358856
A3_T-LGL,PBN[trap_spaces],S1P,1,60,0.0002922267679719462
A3_T-LGL,PBN[trap_spaces],SMAD,0,60,0.0004383401519579193
A3_T-LGL,PBN[trap_spaces],SMAD,1,60,0.0004383401519579193
A3_T-LGL,PBN[trap_spaces],SOCS,0,60,0.0004383401519579193
A3_T-LGL,PBN[trap_spaces],SOCS,1,60,0.0004383401519579193
A3_T-LGL,PBN[trap_spaces],SPHK1,0,60,0.0004383401519579193
A3_T-LGL,PBN[trap_spaces],SPHK1,1,60,0.0004383401519579193
A3_T-LGL,PBN[trap_spaces],STAT3,0,60,0.0004383401519579193
A3_T-LGL,PBN[trap_spaces],STAT3,1,60,0.0004383401519579193
A3_T-LGL,PBN[trap_spaces],Stimuli,0,60,0.0004383401519579193
A3_T-LGL,PBN[trap_spaces],Stimuli,1,60,0.0004383401519579193
A3_T-LGL,PBN[trap_spaces],Stimuli2,0,60,0.0004383401519579193
A3_T-LGL,PBN[trap_spaces],Stimuli2,1,60,0.0004383401519579193
A3_T-LGL,PBN[trap_spaces],TAX,0,60,0.0002922267679719462
A3_T-LGL,PBN[trap_spaces],TAX,1,60,0.017095265926358856
A3_T-LGL,PBN[trap_spaces],TBET,0,60,0.0002922267679719462
A3_T-LGL,PBN[trap_spaces],TBET,1,60,0.017241379310344827
A3_T-LGL,PBN[trap_spaces],TCR,0,60,0.0004383401519579193
A3_T-LGL,PBN[trap_spaces],TCR,1,60,0.0004383401519579193
A3_T-LGL,PBN[trap_spaces],TNF,0,60,0.0004383401519579193
A3_T-LGL,PBN[trap_spaces],TNF,1,60,0.0004383401519579193
A3_T-LGL,PBN[trap_spaces],TPL2,0,60,0.0004383401519579193
A3_T-LGL,PBN[trap_spaces],TPL2,1,60,0.0004383401519579193
A3_T-LGL,PBN[trap_spaces],TRADD,0,60,0.0004383401519579193
A3_T-LGL,PBN[trap_spaces],TRADD,1,60,0.0004383401519579193
A3_T-LGL,PBN[trap_spaces],ZAP70,0,60,0.0004383401519579193
A3_T-LGL,PBN[trap_spaces],ZAP70,1,60,0.0004383401519579193
A3_T-LGL,PBN[trap_spaces],sFas,0,60,0.0004383401519579193
A3_T-LGL,PBN[trap_spaces],sFas,1,60,0.0004383401519579193
A3_T-LGL,CABEAN[PTC],A20,0,60,0.0
A3_T-LGL,CABEAN[PTC],A20,1,60,0.0
A3_T-LGL,CABEAN[PTC],Apoptosis,0,60,0.0
A3_T-LGL,CABEAN[PTC],Apoptosis,1,60,0.0
A3_T-LGL,CABEAN[PTC],BID,0,60,0.0
A3_T-LGL,CABEAN[PTC],BID,1,60,0.0
A3_T-LGL,CABEAN[PTC],BclxL,0,60,0.0
A3_T-LGL,CABEAN[PTC],BclxL,1,60,0.0
A3_T-LGL,CABEAN[PTC],CD45,0,60,0.0
A3_T-LGL,CABEAN[PTC],CD45,1,60,0.0
A3_T-LGL,CABEAN[PTC],CREB,0,60,0.0
A3_T-LGL,CABEAN[PTC],CREB,1,60,0.0
A3_T-LGL,CABEAN[PTC],CTLA4,0,60,0.0
A3_T-LGL,CABEAN[PTC],CTLA4,1,60,0.0
A3_T-LGL,CABEAN[PTC],Caspase,0,60,0.0
A3_T-LGL,CABEAN[PTC],Caspase,1,60,0.0
A3_T-LGL,CABEAN[PTC],Ceramide,0,60,0.0
A3_T-LGL,CABEAN[PTC],Ceramide,1,60,0.0
A3_T-LGL,CABEAN[PTC],Cytoskeleton_signaling,0,60,0.0
A3_T-LGL,CABEAN[PTC],Cytoskeleton_signaling,1,60,0.0
A3_T-LGL,CABEAN[PTC],DISC,0,60,0.0
A3_T-LGL,CABEAN[PTC],DISC,1,60,0.0
A3_T-LGL,CABEAN[PTC],ERK,0,60,0.0
A3_T-LGL,CABEAN[PTC],ERK,1,60,0.0
A3_T-LGL,CABEAN[PTC],FLIP,0,60,0.0
A3_T-LGL,CABEAN[PTC],FLIP,1,60,0.0
A3_T-LGL,CABEAN[PTC],FYN,0,60,0.0
A3_T-LGL,CABEAN[PTC],FYN,1,60,0.0
A3_T-LGL,CABEAN[PTC],Fas,0,60,0.0
A3_T-LGL,CABEAN[PTC],Fas,1,60,0.0
A3_T-LGL,CABEAN[PTC],FasL,0,60,0.0
A3_T-LGL,CABEAN[PTC],FasL,1,60,0.0
A3_T-LGL,CABEAN[PTC],FasT,0,60,0.0
A3_T-LGL,CABEAN[PTC],FasT,1,60,0.0
A3_T-LGL,CABEAN[PTC],GAP,0,60,0.0
A3_T-LGL,CABEAN[PTC],GAP,1,60,0.0
A3_T-LGL,CABEAN[PTC],GPCR,0,60,0.0
A3_T-LGL,CABEAN[PTC],GPCR,1,60,0.0
A3_T-LGL,CABEAN[PTC],GRB2,0,60,0.0
A3_T-LGL,CABEAN[PTC],GRB2,1,60,0.0
A3_T-LGL,CABEAN[PTC],GZMB,0,60,0.0
A3_T-LGL,CABEAN[PTC],GZMB,1,60,0.0
A3_T-LGL,CABEAN[PTC],IAP,0,60,0.0
A3_T-LGL,CABEAN[PTC],IAP,1,60,0.0
A3_T-LGL,CABEAN[PTC],IFNG,0,60,0.0
A3_T-LGL,CABEAN[PTC],IFNG,1,60,0.0
A3_T-LGL,CABEAN[PTC],IFNGT,0,60,0.0
A3_T-LGL,CABEAN[PTC],IFNGT,1,60,0.0
A3_T-LGL,CABEAN[PTC],IL15,0,60,0.0
A3_T-LGL,CABEAN[PTC],IL15,1,60,0.0
A3_T-LGL,CABEAN[PTC],IL2,0,60,0.0
A3_T-LGL,CABEAN[PTC],IL2,1,60,0.0
A3_T-LGL,CABEAN[PTC],IL2RA,0,60,0.0
A3_T-LGL,CABEAN[PTC],IL2RA,1,60,0.0
A3_T-LGL,CABEAN[PTC],IL2RAT,0,60,0.0
A3_T-LGL,CABEAN[PTC],IL2RAT,1,60,0.0
A3_T-LGL,CABEAN[PTC],IL2RB,0,60,0.0
A3_T-LGL,CABEAN[PTC],IL2RB,1,60,0.0
A3_T-LGL,CABEAN[PTC],IL2RBT,0,60,0.0
A3_T-LGL,CABEAN[PTC],IL2RBT,1,60,0.0
A3_T-LGL,CABEAN[PTC],JAK,0,60,0.0
A3_T-LGL,CABEAN[PTC],JAK,1,60,0.0
A3_T-LGL,CABEAN[PTC],LCK,0,60,0.0
A3_T-LGL,CABEAN[PTC],LCK,1,60,0.0
A3_T-LGL,CABEAN[PTC],MCL1,0,60,0.0
A3_T-LGL,CABEAN[PTC],MCL1,1,60,0.0
A3_T-LGL,CABEAN[PTC],MEK,0,60,0.0
A3_T-LGL,CABEAN[PTC],MEK,1,60,0.0
A3_T-LGL,CABEAN[PTC],NFAT,0,60,0.0
A3_T-LGL,CABEAN[PTC],NFAT,1,60,0.0
A3_T-LGL,CABEAN[PTC],NFKB,0,60,0.0
A3_T-LGL,CABEAN[PTC],NFKB,1,60,0.0
A3_T-LGL,CABEAN[PTC],P2,0,60,0.0
A3_T-LGL,CABEAN[PTC],P2,1,60,0.0
A3_T-LGL,CABEAN[PTC],P27,0,60,0.0
A3_T-LGL,CABEAN[PTC],P27,1,60,0.0
A3_T-LGL,CABEAN[PTC],PDGF,0,60,0.0
A3_T-LGL,CABEAN[PTC],PDGF,1,60,0.0
A3_T-LGL,CABEAN[PTC],PDGFR,0,60,0.0
A3_T-LGL,CABEAN[PTC],PDGFR,1,60,0.0
A3_T-LGL,CABEAN[PTC],PI3K,0,60,0.0
A3_T-LGL,CABEAN[PTC],PI3K,1,60,0.0
A3_T-LGL,CABEAN[PTC],PLCG1,0,60,0.0
A3_T-LGL,CABEAN[PTC],PLCG1,1,60,0.0
A3_T-LGL,CABEAN[PTC],Proliferation,0,60,0.0
A3_T-LGL,CABEAN[PTC],Proliferation,1,60,0.0
A3_T-LGL,CABEAN[PTC],RANTES,0,60,0.0
A3_T-LGL,CABEAN[PTC],RANTES,1,60,0.0
A3_T-LGL,CABEAN[PTC],RAS,0,60,0.0
A3_T-LGL,CABEAN[PTC],RAS,1,60,0.0
A3_T-LGL,CABEAN[PTC],S1P,0,60,0.0
A3_T-LGL,CABEAN[PTC],S1P,1,60,0.0
A3_T-LGL,CABEAN[PTC],SMAD,0,60,0.0
A3_T-LGL,CABEAN[PTC],SMAD,1,60,0.0
A3_T-LGL,CABEAN[PTC],SOCS,0,60,0.0
A3_T-LGL,CABEAN[PTC],SOCS,1,60,0.0
A3_T-LGL,CABEAN[PTC],SPHK1,0,60,0.0
A3_T-LGL,CABEAN[PTC],SPHK1,1,60,0.0
A3_T-LGL,CABEAN[PTC],STAT3,0,60,0.0
A3_T-LGL,CABEAN[PTC],STAT3,1,60,0.0
A3_T-LGL,CABEAN[PTC],Stimuli,0,60,0.0
A3_T-LGL,CABEAN[PTC],Stimuli,1,60,0.0
A3_T-LGL,CABEAN[PTC],Stimuli2,0,60,0.0
A3_T-LGL,CABEAN[PTC],Stimuli2,1,60,0.0
A3_T-LGL,CABEAN[PTC],TAX,0,60,0.0
A3_T-LGL,CABEAN[PTC],TAX,1,60,0.0
A3_T-LGL,CABEAN[PTC],TBET,0,60,0.0
A3_T-LGL,CABEAN[PTC],TBET,1,60,0.0
A3_T-LGL,CABEAN[PTC],TCR,0,60,0.0
A3_T-LGL,CABEAN[PTC],TCR,1,60,0.0
A3_T-LGL,CABEAN[PTC],TNF,0,60,0.0
A3_T-LGL,CABEAN[PTC],TNF,1,60,0.0
A3_T-LGL,CABEAN[PTC],TPL2,0,60,0.0
A3_T-LGL,CABEAN[PTC],TPL2,1,60,0.0
A3_T-LGL,CABEAN[PTC],TRADD,0,60,0.0
A3_T-LGL,CABEAN[PTC],TRADD,1,60,0.0
A3_T-LGL,CABEAN[PTC],ZAP70,0,60,0.0
A3_T-LGL,CABEAN[PTC],ZAP70,1,60,0.0
A3_T-LGL,CABEAN[PTC],sFas,0,60,0.0
A3_T-LGL,CABEAN[PTC],sFas,1,60,0.0
A3_T-LGL,SM[minimal],A20,0,60,0.0
A3_T-LGL,SM[minimal],A20,1,60,0.0
A3_T-LGL,SM[minimal],Apoptosis,0,60,0.0
A3_T-LGL,SM[minimal],Apoptosis,1,60,0.0
A3_T-LGL,SM[minimal],BID,0,60,0.0
A3_T-LGL,SM[minimal],BID,1,60,0.0
A3_T-LGL,SM[minimal],BclxL,0,60,0.0
A3_T-LGL,SM[minimal],BclxL,1,60,0.0
A3_T-LGL,SM[minimal],CD45,0,60,0.0
A3_T-LGL,SM[minimal],CD45,1,60,0.0
A3_T-LGL,SM[minimal],CREB,0,60,0.0
A3_T-LGL,SM[minimal],CREB,1,60,0.0
A3_T-LGL,SM[minimal],CTLA4,0,60,0.0
A3_T-LGL,SM[minimal],CTLA4,1,60,0.0
A3_T-LGL,SM[minimal],Caspase,0,60,0.0
A3_T-LGL,SM[minimal],Caspase,1,60,0.0
A3_T-LGL,SM[minimal],Ceramide,0,60,0.0
A3_T-LGL,SM[minimal],Ceramide,1,60,0.0
A3_T-LGL,SM[minimal],Cytoskeleton_signaling,0,60,0.0
A3_T-LGL,SM[minimal],Cytoskeleton_signaling,1,60,0.0
A3_T-LGL,SM[minimal],DISC,0,60,0.0
A3_T-LGL,SM[minimal],DISC,1,60,0.0
A3_T-LGL,SM[minimal],ERK,0,60,0.0
A3_T-LGL,SM[minimal],ERK,1,60,0.0
A3_T-LGL,SM[minimal],FLIP,0,60,0.0
A3_T-LGL,SM[minimal],FLIP,1,60,0.0
A3_T-LGL,SM[minimal],FYN,0,60,0.0
A3_T-LGL,SM[minimal],FYN,1,60,0.0
A3_T-LGL,SM[minimal],Fas,0,60,0.0
A3_T-LGL,SM[minimal],Fas,1,60,0.0
A3_T-LGL,SM[minimal],FasL,0,60,0.0
A3_T-LGL,SM[minimal],FasL,1,60,0.0
A3_T-LGL,SM[minimal],FasT,0,60,0.0
A3_T-LGL,SM[minimal],FasT,1,60,0.0
A3_T-LGL,SM[minimal],GAP,0,60,0.0
A3_T-LGL,SM[minimal],GAP,1,60,0.0
A3_T-LGL,SM[minimal],GPCR,0,60,0.0
A3_T-LGL,SM[minimal],GPCR,1,60,0.0
A3_T-LGL,SM[minimal],GRB2,0,60,0.0
A3_T-LGL,SM[minimal],GRB2,1,60,0.0
A3_T-LGL,SM[minimal],GZMB,0,60,0.0
A3_T-LGL,SM[minimal],GZMB,1,60,0.0
A3_T-LGL,SM[minimal],IAP,0,60,0.0
A3_T-LGL,SM[minimal],IAP,1,60,0.0
A3_T-LGL,SM[minimal],IFNG,0,60,0.0
A3_T-LGL,SM[minimal],IFNG,1,60,0.0
A3_T-LGL,SM[minimal],IFNGT,0,60,0.0
A3_T-LGL,SM[minimal],IFNGT,1,60,0.0
A3_T-LGL,SM[minimal],IL15,0,60,0.0
A3_T-LGL,SM[minimal],IL15,1,60,0.0
A3_T-LGL,SM[minimal],IL2,0,60,0.0
A3_T-LGL,SM[minimal],IL2,1,60,0.0
A3_T-LGL,SM[minimal],IL2RA,0,60,0.0
A3_T-LGL,SM[minimal],IL2RA,1,60,0.0
A3_T-LGL,SM[minimal],IL2RAT,0,60,0.0
A3_T-LGL,SM[minimal],IL2RAT,1,60,0.0
A3_T-LGL,SM[minimal],IL2RB,0,60,0.0
A3_T-LGL,SM[minimal],IL2RB,1,60,0.0
A3_T-LGL,SM[minimal],IL2RBT,0,60,0.0
A3_T-LGL,SM[minimal],IL2RBT,1,60,0.0
A3_T-LGL,SM[minimal],JAK,0,60,0.0
A3_T-LGL,SM[minimal],JAK,1,60,0.0
A3_T-LGL,SM[minimal],LCK,0,60,0.0
A3_T-LGL,SM[minimal],LCK,1,60,0.0
A3_T-LGL,SM[minimal],MCL1,0,60,0.0
A3_T-LGL,SM[minimal],MCL1,1,60,0.0
A3_T-LGL,SM[minimal],MEK,0,60,0.0
A3_T-LGL,SM[minimal],MEK,1,60,0.0
A3_T-LGL,SM[minimal],NFAT,0,60,0.0
A3_T-LGL,SM[minimal],NFAT,1,60,0.0
A3_T-LGL,SM[minimal],NFKB,0,60,0.0
A3_T-LGL,SM[minimal],NFKB,1,60,0.0
A3_T-LGL,SM[minimal],P2,0,60,0.0
A3_T-LGL,SM[minimal],P2,1,60,0.0
A3_T-LGL,SM[minimal],P27,0,60,0.0
A3_T-LGL,SM[minimal],P27,1,60,0.0
A3_T-LGL,SM[minimal],PDGF,0,60,0.0
A3_T-LGL,SM[minimal],PDGF,1,60,0.0
A3_T-LGL,SM[minimal],PDGFR,0,60,0.0
A3_T-LGL,SM[minimal],PDGFR,1,60,0.0
A3_T-LGL,SM[minimal],PI3K,0,60,0.0
A3_T-LGL,SM[minimal],PI3K,1,60,0.0
A3_T-LGL,SM[minimal],PLCG1,0,60,0.0
A3_T-LGL,SM[minimal],PLCG1,1,60,0.0
A3_T-LGL,SM[minimal],Proliferation,0,60,0.0
A3_T-LGL,SM[minimal],Proliferation,1,60,0.0
A3_T-LGL,SM[minimal],RANTES,0,60,0.0
A3_T-LGL,SM[minimal],RANTES,1,60,0.0
A3_T-LGL,SM[minimal],RAS,0,60,0.0
A3_T-LGL,SM[minimal],RAS,1,60,0.0
A3_T-LGL,SM[minimal],S1P,0,60,0.0
A3_T-LGL,SM[minimal],S1P,1,60,0.0
A3_T-LGL,SM[minimal],SMAD,0,60,0.0
A3_T-LGL,SM[minimal],SMAD,1,60,0.0
A3_T-LGL,SM[minimal],SOCS,0,60,0.0
A3_T-LGL,SM[minimal],SOCS,1,60,0.0
A3_T-LGL,SM[minimal],SPHK1,0,60,0.0
A3_T-LGL,SM[minimal],SPHK1,1,60,0.0
A3_T-LGL,SM[minimal],STAT3,0,60,0.0
A3_T-LGL,SM[minimal],STAT3,1,60,0.0
A3_T-LGL,SM[minimal],Stimuli,0,60,0.0
A3_T-LGL,SM[minimal],Stimuli,1,60,0.0
A3_T-LGL,SM[minimal],Stimuli2,0,60,0.0
A3_T-LGL,SM[minimal],Stimuli2,1,60,0.0
A3_T-LGL,SM[minimal],TAX,0,60,0.0
A3_T-LGL,SM[minimal],TAX,1,60,0.0
A3_T-LGL,SM[minimal],TBET,0,60,0.0
A3_T-LGL,SM[minimal],TBET,1,60,0.0
A3_T-LGL,SM[minimal],TCR,0,60,0.0
A3_T-LGL,SM[minimal],TCR,1,60,0.0
A3_T-LGL,SM[minimal],TNF,0,60,0.0
A3_T-LGL,SM[minimal],TNF,1,60,0.0
A3_T-LGL,SM[minimal],TPL2,0,60,0.0
A3_T-LGL,SM[minimal],TPL2,1,60,0.0
A3_T-LGL,SM[minimal],TRADD,0,60,0.0
A3_T-LGL,SM[minimal],TRADD,1,60,0.0
A3_T-LGL,SM[minimal],ZAP70,0,60,0.0
A3_T-LGL,SM[minimal],ZAP70,1,60,0.0
A3_T-LGL,SM[minimal],sFas,0,60,0.0
A3_T-LGL,SM[minimal],sFas,1,60,0.0
A3_T-LGL,CABEAN[TTC],A20,0,60,0.0
A3_T-LGL,CABEAN[TTC],A20,1,60,0.0
A3_T-LGL,CABEAN[TTC],Apoptosis,0,60,0.0
A3_T-LGL,CABEAN[TTC],Apoptosis,1,60,0.0
A3_T-LGL,CABEAN[TTC],BID,0,60,0.0
A3_T-LGL,CABEAN[TTC],BID,1,60,0.0
A3_T-LGL,CABEAN[TTC],BclxL,0,60,0.0
A3_T-LGL,CABEAN[TTC],BclxL,1,60,0.0
A3_T-LGL,CABEAN[TTC],CD45,0,60,0.0
A3_T-LGL,CABEAN[TTC],CD45,1,60,0.0
A3_T-LGL,CABEAN[TTC],CREB,0,60,0.0
A3_T-LGL,CABEAN[TTC],CREB,1,60,0.0
A3_T-LGL,CABEAN[TTC],CTLA4,0,60,0.0
A3_T-LGL,CABEAN[TTC],CTLA4,1,60,0.0
A3_T-LGL,CABEAN[TTC],Caspase,0,60,0.0
A3_T-LGL,CABEAN[TTC],Caspase,1,60,0.0
A3_T-LGL,CABEAN[TTC],Ceramide,0,60,0.0
A3_T-LGL,CABEAN[TTC],Ceramide,1,60,0.0
A3_T-LGL,CABEAN[TTC],Cytoskeleton_signaling,0,60,0.0
A3_T-LGL,CABEAN[TTC],Cytoskeleton_signaling,1,60,0.0
A3_T-LGL,CABEAN[TTC],DISC,0,60,0.0
A3_T-LGL,CABEAN[TTC],DISC,1,60,0.0
A3_T-LGL,CABEAN[TTC],ERK,0,60,0.0
A3_T-LGL,CABEAN[TTC],ERK,1,60,0.0
A3_T-LGL,CABEAN[TTC],FLIP,0,60,0.0
A3_T-LGL,CABEAN[TTC],FLIP,1,60,0.0
A3_T-LGL,CABEAN[TTC],FYN,0,60,0.0
A3_T-LGL,CABEAN[TTC],FYN,1,60,0.0
A3_T-LGL,CABEAN[TTC],Fas,0,60,0.0
A3_T-LGL,CABEAN[TTC],Fas,1,60,0.0
A3_T-LGL,CABEAN[TTC],FasL,0,60,0.0
A3_T-LGL,CABEAN[TTC],FasL,1,60,0.0
A3_T-LGL,CABEAN[TTC],FasT,0,60,0.0
A3_T-LGL,CABEAN[TTC],FasT,1,60,0.0
A3_T-LGL,CABEAN[TTC],GAP,0,60,0.0
A3_T-LGL,CABEAN[TTC],GAP,1,60,0.0
A3_T-LGL,CABEAN[TTC],GPCR,0,60,0.0
A3_T-LGL,CABEAN[TTC],GPCR,1,60,0.0
A3_T-LGL,CABEAN[TTC],GRB2,0,60,0.0
A3_T-LGL,CABEAN[TTC],GRB2,1,60,0.0
A3_T-LGL,CABEAN[TTC],GZMB,0,60,0.0
A3_T-LGL,CABEAN[TTC],GZMB,1,60,0.0
A3_T-LGL,CABEAN[TTC],IAP,0,60,0.0
A3_T-LGL,CABEAN[TTC],IAP,1,60,0.0
A3_T-LGL,CABEAN[TTC],IFNG,0,60,0.0
A3_T-LGL,CABEAN[TTC],IFNG,1,60,0.0
A3_T-LGL,CABEAN[TTC],IFNGT,0,60,0.0
A3_T-LGL,CABEAN[TTC],IFNGT,1,60,0.0
A3_T-LGL,CABEAN[TTC],IL15,0,60,0.0
A3_T-LGL,CABEAN[TTC],IL15,1,60,0.0
A3_T-LGL,CABEAN[TTC],IL2,0,60,0.0
A3_T-LGL,CABEAN[TTC],IL2,1,60,0.0
A3_T-LGL,CABEAN[TTC],IL2RA,0,60,0.0
A3_T-LGL,CABEAN[TTC],IL2RA,1,60,0.0
A3_T-LGL,CABEAN[TTC],IL2RAT,0,60,0.0
A3_T-LGL,CABEAN[TTC],IL2RAT,1,60,0.0
A3_T-LGL,CABEAN[TTC],IL2RB,0,60,0.0
A3_T-LGL,CABEAN[TTC],IL2RB,1,60,0.0
A3_T-LGL,CABEAN[TTC],IL2RBT,0,60,0.0
A3_T-LGL,CABEAN[TTC],IL2RBT,1,60,0.0
A3_T-LGL,CABEAN[TTC],JAK,0,60,0.0
A3_T-LGL,CABEAN[TTC],JAK,1,60,0.0
A3_T-LGL,CABEAN[TTC],LCK,0,60,0.0
A3_T-LGL,CABEAN[TTC],LCK,1,60,0.0
A3_T-LGL,CABEAN[TTC],MCL1,0,60,0.0
A3_T-LGL,CABEAN[TTC],MCL1,1,60,0.0
A3_T-LGL,CABEAN[TTC],MEK,0,60,0.0
A3_T-LGL,CABEAN[TTC],MEK,1,60,0.0
A3_T-LGL,CABEAN[TTC],NFAT,0,60,0.0
A3_T-LGL,CABEAN[TTC],NFAT,1,60,0.0
A3_T-LGL,CABEAN[TTC],NFKB,0,60,0.0
A3_T-LGL,CABEAN[TTC],NFKB,1,60,0.0
A3_T-LGL,CABEAN[TTC],P2,0,60,0.0
A3_T-LGL,CABEAN[TTC],P2,1,60,0.0
A3_T-LGL,CABEAN[TTC],P27,0,60,0.0
A3_T-LGL,CABEAN[TTC],P27,1,60,0.0
A3_T-LGL,CABEAN[TTC],PDGF,0,60,0.0
A3_T-LGL,CABEAN[TTC],PDGF,1,60,0.0
A3_T-LGL,CABEAN[TTC],PDGFR,0,60,0.0
A3_T-LGL,CABEAN[TTC],PDGFR,1,60,0.0
A3_T-LGL,CABEAN[TTC],PI3K,0,60,0.0
A3_T-LGL,CABEAN[TTC],PI3K,1,60,0.0
A3_T-LGL,CABEAN[TTC],PLCG1,0,60,0.0
A3_T-LGL,CABEAN[TTC],PLCG1,1,60,0.0
A3_T-LGL,CABEAN[TTC],Proliferation,0,60,0.0
A3_T-LGL,CABEAN[TTC],Proliferation,1,60,0.0
A3_T-LGL,CABEAN[TTC],RANTES,0,60,0.0
A3_T-LGL,CABEAN[TTC],RANTES,1,60,0.0
A3_T-LGL,CABEAN[TTC],RAS,0,60,0.0
A3_T-LGL,CABEAN[TTC],RAS,1,60,0.0
A3_T-LGL,CABEAN[TTC],S1P,0,60,0.0
A3_T-LGL,CABEAN[TTC],S1P,1,60,0.0
A3_T-LGL,CABEAN[TTC],SMAD,0,60,0.0
A3_T-LGL,CABEAN[TTC],SMAD,1,60,0.0
A3_T-LGL,CABEAN[TTC],SOCS,0,60,0.0
A3_T-LGL,CABEAN[TTC],SOCS,1,60,0.0
A3_T-LGL,CABEAN[TTC],SPHK1,0,60,0.0
A3_T-LGL,CABEAN[TTC],SPHK1,1,60,0.0
A3_T-LGL,CABEAN[TTC],STAT3,0,60,0.0
A3_T-LGL,CABEAN[TTC],STAT3,1,60,0.0
A3_T-LGL,CABEAN[TTC],Stimuli,0,60,0.0
A3_T-LGL,CABEAN[TTC],Stimuli,1,60,0.0
A3_T-LGL,CABEAN[TTC],Stimuli2,0,60,0.0
A3_T-LGL,CABEAN[TTC],Stimuli2,1,60,0.0
A3_T-LGL,CABEAN[TTC],TAX,0,60,0.0
A3_T-LGL,CABEAN[TTC],TAX,1,60,0.0
A3_T-LGL,CABEAN[TTC],TBET,0,60,0.0
A3_T-LGL,CABEAN[TTC],TBET,1,60,0.0
A3_T-LGL,CABEAN[TTC],TCR,0,60,0.0
A3_T-LGL,CABEAN[TTC],TCR,1,60,0.0
A3_T-LGL,CABEAN[TTC],TNF,0,60,0.0
A3_T-LGL,CABEAN[TTC],TNF,1,60,0.0
A3_T-LGL,CABEAN[TTC],TPL2,0,60,0.0
A3_T-LGL,CABEAN[TTC],TPL2,1,60,0.0
A3_T-LGL,CABEAN[TTC],TRADD,0,60,0.0
A3_T-LGL,CABEAN[TTC],TRADD,1,60,0.0
A3_T-LGL,CABEAN[TTC],ZAP70,0,60,0.0
A3_T-LGL,CABEAN[TTC],ZAP70,1,60,0.0
A3_T-LGL,CABEAN[TTC],sFas,0,60,0.0
A3_T-LGL,CABEAN[TTC],sFas,1,60,0.0
A3_T-LGL,CABEAN[ITC],A20,0,60,0.0
A3_T-LGL,CABEAN[ITC],A20,1,60,0.0
A3_T-LGL,CABEAN[ITC],Apoptosis,0,60,0.0
A3_T-LGL,CABEAN[ITC],Apoptosis,1,60,0.0
A3_T-LGL,CABEAN[ITC],BID,0,60,0.0
A3_T-LGL,CABEAN[ITC],BID,1,60,0.0
A3_T-LGL,CABEAN[ITC],BclxL,0,60,0.0
A3_T-LGL,CABEAN[ITC],BclxL,1,60,0.0
A3_T-LGL,CABEAN[ITC],CD45,0,60,0.0
A3_T-LGL,CABEAN[ITC],CD45,1,60,0.0
A3_T-LGL,CABEAN[ITC],CREB,0,60,0.0
A3_T-LGL,CABEAN[ITC],CREB,1,60,0.0
A3_T-LGL,CABEAN[ITC],CTLA4,0,60,0.0
A3_T-LGL,CABEAN[ITC],CTLA4,1,60,0.0
A3_T-LGL,CABEAN[ITC],Caspase,0,60,0.0
A3_T-LGL,CABEAN[ITC],Caspase,1,60,0.0
A3_T-LGL,CABEAN[ITC],Ceramide,0,60,0.0
A3_T-LGL,CABEAN[ITC],Ceramide,1,60,0.0
A3_T-LGL,CABEAN[ITC],Cytoskeleton_signaling,0,60,0.0
A3_T-LGL,CABEAN[ITC],Cytoskeleton_signaling,1,60,0.0
A3_T-LGL,CABEAN[ITC],DISC,0,60,0.0
A3_T-LGL,CABEAN[ITC],DISC,1,60,0.0
A3_T-LGL,CABEAN[ITC],ERK,0,60,0.0
A3_T-LGL,CABEAN[ITC],ERK,1,60,0.0
A3_T-LGL,CABEAN[ITC],FLIP,0,60,0.0
A3_T-LGL,CABEAN[ITC],FLIP,1,60,0.0
A3_T-LGL,CABEAN[ITC],FYN,0,60,0.0
A3_T-LGL,CABEAN[ITC],FYN,1,60,0.0
A3_T-LGL,CABEAN[ITC],Fas,0,60,0.0
A3_T-LGL,CABEAN[ITC],Fas,1,60,0.0
A3_T-LGL,CABEAN[ITC],FasL,0,60,0.0
A3_T-LGL,CABEAN[ITC],FasL,1,60,0.0
A3_T-LGL,CABEAN[ITC],FasT,0,60,0.0
A3_T-LGL,CABEAN[ITC],FasT,1,60,0.0
A3_T-LGL,CABEAN[ITC],GAP,0,60,0.0
A3_T-LGL,CABEAN[ITC],GAP,1,60,0.0
A3_T-LGL,CABEAN[ITC],GPCR,0,60,0.0
A3_T-LGL,CABEAN[ITC],GPCR,1,60,0.0
A3_T-LGL,CABEAN[ITC],GRB2,0,60,0.0
A3_T-LGL,CABEAN[ITC],GRB2,1,60,0.0
A3_T-LGL,CABEAN[ITC],GZMB,0,60,0.0
A3_T-LGL,CABEAN[ITC],GZMB,1,60,0.0
A3_T-LGL,CABEAN[ITC],IAP,0,60,0.0
A3_T-LGL,CABEAN[ITC],IAP,1,60,0.0
A3_T-LGL,CABEAN[ITC],IFNG,0,60,0.0
A3_T-LGL,CABEAN[ITC],IFNG,1,60,0.0
A3_T-LGL,CABEAN[ITC],IFNGT,0,60,0.0
A3_T-LGL,CABEAN[ITC],IFNGT,1,60,0.0
A3_T-LGL,CABEAN[ITC],IL15,0,60,0.0
A3_T-LGL,CABEAN[ITC],IL15,1,60,0.0
A3_T-LGL,CABEAN[ITC],IL2,0,60,0.0
A3_T-LGL,CABEAN[ITC],IL2,1,60,0.0
A3_T-LGL,CABEAN[ITC],IL2RA,0,60,0.0
A3_T-LGL,CABEAN[ITC],IL2RA,1,60,0.0
A3_T-LGL,CABEAN[ITC],IL2RAT,0,60,0.0
A3_T-LGL,CABEAN[ITC],IL2RAT,1,60,0.0
A3_T-LGL,CABEAN[ITC],IL2RB,0,60,0.0
A3_T-LGL,CABEAN[ITC],IL2RB,1,60,0.0
A3_T-LGL,CABEAN[ITC],IL2RBT,0,60,0.0
A3_T-LGL,CABEAN[ITC],IL2RBT,1,60,0.0
A3_T-LGL,CABEAN[ITC],JAK,0,60,0.0
A3_T-LGL,CABEAN[ITC],JAK,1,60,0.0
A3_T-LGL,CABEAN[ITC],LCK,0,60,0.0
A3_T-LGL,CABEAN[ITC],LCK,1,60,0.0
A3_T-LGL,CABEAN[ITC],MCL1,0,60,0.0
A3_T-LGL,CABEAN[ITC],MCL1,1,60,0.0
A3_T-LGL,CABEAN[ITC],MEK,0,60,0.0
A3_T-LGL,CABEAN[ITC],MEK,1,60,0.0
A3_T-LGL,CABEAN[ITC],NFAT,0,60,0.0
A3_T-LGL,CABEAN[ITC],NFAT,1,60,0.0
A3_T-LGL,CABEAN[ITC],NFKB,0,60,0.0
A3_T-LGL,CABEAN[ITC],NFKB,1,60,0.0
A3_T-LGL,CABEAN[ITC],P2,0,60,0.0
A3_T-LGL,CABEAN[ITC],P2,1,60,0.0
A3_T-LGL,CABEAN[ITC],P27,0,60,0.0
A3_T-LGL,CABEAN[ITC],P27,1,60,0.0
A3_T-LGL,CABEAN[ITC],PDGF,0,60,0.0
A3_T-LGL,CABEAN[ITC],PDGF,1,60,0.0
A3_T-LGL,CABEAN[ITC],PDGFR,0,60,0.0
A3_T-LGL,CABEAN[ITC],PDGFR,1,60,0.0
A3_T-LGL,CABEAN[ITC],PI3K,0,60,0.0
A3_T-LGL,CABEAN[ITC],PI3K,1,60,0.0
A3_T-LGL,CABEAN[ITC],PLCG1,0,60,0.0
A3_T-LGL,CABEAN[ITC],PLCG1,1,60,0.0
A3_T-LGL,CABEAN[ITC],Proliferation,0,60,0.0
A3_T-LGL,CABEAN[ITC],Proliferation,1,60,0.0
A3_T-LGL,CABEAN[ITC],RANTES,0,60,0.0
A3_T-LGL,CABEAN[ITC],RANTES,1,60,0.0
A3_T-LGL,CABEAN[ITC],RAS,0,60,0.0
A3_T-LGL,CABEAN[ITC],RAS,1,60,0.0
A3_T-LGL,CABEAN[ITC],S1P,0,60,0.0
A3_T-LGL,CABEAN[ITC],S1P,1,60,0.0
A3_T-LGL,CABEAN[ITC],SMAD,0,60,0.0
A3_T-LGL,CABEAN[ITC],SMAD,1,60,0.0
A3_T-LGL,CABEAN[ITC],SOCS,0,60,0.0
A3_T-LGL,CABEAN[ITC],SOCS,1,60,0.0
A3_T-LGL,CABEAN[ITC],SPHK1,0,60,0.0
A3_T-LGL,CABEAN[ITC],SPHK1,1,60,0.0
A3_T-LGL,CABEAN[ITC],STAT3,0,60,0.0
A3_T-LGL,CABEAN[ITC],STAT3,1,60,0.0
A3_T-LGL,CABEAN[ITC],Stimuli,0,60,0.0
A3_T-LGL,CABEAN[ITC],Stimuli,1,60,0.0
A3_T-LGL,CABEAN[ITC],Stimuli2,0,60,0.0
A3_T-LGL,CABEAN[ITC],Stimuli2,1,60,0.0
A3_T-LGL,CABEAN[ITC],TAX,0,60,0.0
A3_T-LGL,CABEAN[ITC],TAX,1,60,0.0
A3_T-LGL,CABEAN[ITC],TBET,0,60,0.0
A3_T-LGL,CABEAN[ITC],TBET,1,60,0.0
A3_T-LGL,CABEAN[ITC],TCR,0,60,0.0
A3_T-LGL,CABEAN[ITC],TCR,1,60,0.0
A3_T-LGL,CABEAN[ITC],TNF,0,60,0.0
A3_T-LGL,CABEAN[ITC],TNF,1,60,0.0
A3_T-LGL,CABEAN[ITC],TPL2,0,60,0.0
A3_T-LGL,CABEAN[ITC],TPL2,1,60,0.0
A3_T-LGL,CABEAN[ITC],TRADD,0,60,0.0
A3_T-LGL,CABEAN[ITC],TRADD,1,60,0.0
A3_T-LGL,CABEAN[ITC],ZAP70,0,60,0.0
A3_T-LGL,CABEAN[ITC],ZAP70,1,60,0.0
A3_T-LGL,CABEAN[ITC],sFas,0,60,0.0
A3_T-LGL,CABEAN[ITC],sFas,1,60,0.0
