Instance,Algorithm,Gene,Sign,BN_size,List,Count,AvgSize,WeightedSum,WeightedSumHalf,WeightedSum2Based
Bladder,ActoNet,ATM_b1,1,35,"[2, 2]",2,2.0,0.05714285714285714,0.11428571428571428,1.0
Bladder,BoNesis[FP],ATM_b1,1,35,"[2, 2]",2,2.0,0.05714285714285714,0.11428571428571428,1.0
Bladder,BoNesis[MTS],ATM_b1,1,35,"[2, 2]",2,2.0,0.05714285714285714,0.11428571428571428,1.0
Bladder,Caspo,ATM_b1,1,35,"[2, 2]",2,2.0,0.05714285714285714,0.11428571428571428,1.0
Bladder,PBN[ASA],ATM_b1,1,35,"[2, 2]",2,2.0,0.05714285714285714,0.11428571428571428,1.0
Bladder,PBN[SA],ATM_b1,1,35,"[2, 2]",2,2.0,0.05714285714285714,0.11428571428571428,1.0
Bladder,PBN[percolation],ATM_b1,1,35,"[2, 2]",2,2.0,0.05714285714285714,0.11428571428571428,1.0
Bladder,SM[brute-force],ATM_b1,1,35,"[2, 2]",2,2.0,0.05714285714285714,0.11428571428571428,1.0
Bladder,optbn[FP],ATM_b1,1,35,"[2, 2]",2,2.0,0.05714285714285714,0.11428571428571428,1.0
Bladder,optbn[SA],ATM_b1,1,35,"[2, 2]",2,2.0,0.05714285714285714,0.11428571428571428,1.0
Bladder,ActoNet,Apoptosis_b1,1,35,[2],1,2.0,0.02857142857142857,0.05714285714285714,0.5
Bladder,BoNesis[FP],Apoptosis_b1,1,35,[2],1,2.0,0.02857142857142857,0.05714285714285714,0.5
Bladder,BoNesis[MTS],Apoptosis_b1,1,35,[2],1,2.0,0.02857142857142857,0.05714285714285714,0.5
Bladder,Caspo,Apoptosis_b1,1,35,[2],1,2.0,0.02857142857142857,0.05714285714285714,0.5
Bladder,PBN[ASA],Apoptosis_b1,1,35,[2],1,2.0,0.02857142857142857,0.05714285714285714,0.5
Bladder,PBN[SA],Apoptosis_b1,1,35,[2],1,2.0,0.02857142857142857,0.05714285714285714,0.5
Bladder,PBN[percolation],Apoptosis_b1,1,35,[2],1,2.0,0.02857142857142857,0.05714285714285714,0.5
Bladder,SM[brute-force],Apoptosis_b1,1,35,[2],1,2.0,0.02857142857142857,0.05714285714285714,0.5
Bladder,optbn[FP],Apoptosis_b1,1,35,[2],1,2.0,0.02857142857142857,0.05714285714285714,0.5
Bladder,optbn[SA],Apoptosis_b1,1,35,[2],1,2.0,0.02857142857142857,0.05714285714285714,0.5
Bladder,ActoNet,DNAdamage,1,35,"[2, 2]",2,2.0,0.05714285714285714,0.11428571428571428,1.0
Bladder,BoNesis[FP],DNAdamage,1,35,"[2, 2]",2,2.0,0.05714285714285714,0.11428571428571428,1.0
Bladder,BoNesis[MTS],DNAdamage,1,35,"[2, 2]",2,2.0,0.05714285714285714,0.11428571428571428,1.0
Bladder,CABEAN[PTC],DNAdamage,1,35,"[2, 2]",2,2.0,0.05714285714285714,0.11428571428571428,1.0
Bladder,CABEAN[TTC],DNAdamage,1,35,"[2, 2]",2,2.0,0.05714285714285714,0.11428571428571428,1.0
Bladder,Caspo,DNAdamage,1,35,"[2, 2]",2,2.0,0.05714285714285714,0.11428571428571428,1.0
Bladder,PBN[ASA],DNAdamage,1,35,"[2, 2]",2,2.0,0.05714285714285714,0.11428571428571428,1.0
Bladder,PBN[SA],DNAdamage,1,35,"[2, 2]",2,2.0,0.05714285714285714,0.11428571428571428,1.0
Bladder,PBN[percolation],DNAdamage,1,35,"[2, 2]",2,2.0,0.05714285714285714,0.11428571428571428,1.0
Bladder,PBN[trap_spaces],DNAdamage,1,35,"[2, 2]",2,2.0,0.05714285714285714,0.11428571428571428,1.0
Bladder,SM[brute-force],DNAdamage,1,35,"[2, 2]",2,2.0,0.05714285714285714,0.11428571428571428,1.0
Bladder,SM[internal],DNAdamage,1,35,"[2, 2]",2,2.0,0.05714285714285714,0.11428571428571428,1.0
Bladder,SM[minimal],DNAdamage,1,35,"[2, 2]",2,2.0,0.05714285714285714,0.11428571428571428,1.0
Bladder,optbn[FP],DNAdamage,1,35,"[2, 2]",2,2.0,0.05714285714285714,0.11428571428571428,1.0
Bladder,optbn[SA],DNAdamage,1,35,"[2, 2]",2,2.0,0.05714285714285714,0.11428571428571428,1.0
Bladder,ActoNet,FGFR3,0,35,[1],1,1.0,1.0,1.0,1.0
Bladder,BoNesis[FP],FGFR3,0,35,[1],1,1.0,1.0,1.0,1.0
Bladder,optbn[FP],FGFR3,0,35,[1],1,1.0,1.0,1.0,1.0
Bladder,ActoNet,RAS,0,35,[1],1,1.0,1.0,1.0,1.0
Bladder,BoNesis[FP],RAS,0,35,[1],1,1.0,1.0,1.0,1.0
Bladder,optbn[FP],RAS,0,35,[1],1,1.0,1.0,1.0,1.0
Bladder,ActoNet,RB1,1,35,"[2, 2, 2, 2]",4,2.0,0.11428571428571428,0.22857142857142856,2.0
Bladder,BoNesis[FP],RB1,1,35,"[2, 2, 2, 2]",4,2.0,0.11428571428571428,0.22857142857142856,2.0
Bladder,BoNesis[MTS],RB1,1,35,"[2, 2, 2, 2]",4,2.0,0.11428571428571428,0.22857142857142856,2.0
Bladder,CABEAN[PTC],RB1,1,35,[2],1,2.0,0.02857142857142857,0.05714285714285714,0.5
Bladder,CABEAN[TTC],RB1,1,35,[2],1,2.0,0.02857142857142857,0.05714285714285714,0.5
Bladder,Caspo,RB1,1,35,"[2, 2, 2, 2]",4,2.0,0.11428571428571428,0.22857142857142856,2.0
Bladder,PBN[ASA],RB1,1,35,"[2, 2, 2, 2]",4,2.0,0.11428571428571428,0.22857142857142856,2.0
Bladder,PBN[SA],RB1,1,35,"[2, 2, 2, 2]",4,2.0,0.11428571428571428,0.22857142857142856,2.0
Bladder,PBN[percolation],RB1,1,35,"[2, 2, 2, 2]",4,2.0,0.11428571428571428,0.22857142857142856,2.0
Bladder,PBN[trap_spaces],RB1,1,35,[2],1,2.0,0.02857142857142857,0.05714285714285714,0.5
Bladder,SM[brute-force],RB1,1,35,"[2, 2, 2, 2]",4,2.0,0.11428571428571428,0.22857142857142856,2.0
Bladder,SM[internal],RB1,1,35,[2],1,2.0,0.02857142857142857,0.05714285714285714,0.5
Bladder,SM[minimal],RB1,1,35,[2],1,2.0,0.02857142857142857,0.05714285714285714,0.5
Bladder,optbn[FP],RB1,1,35,"[2, 2, 2, 2]",4,2.0,0.11428571428571428,0.22857142857142856,2.0
Bladder,optbn[SA],RB1,1,35,"[2, 2, 2, 2]",4,2.0,0.11428571428571428,0.22857142857142856,2.0
Bladder,ActoNet,SPRY,0,35,[1],1,1.0,1.0,1.0,1.0
Bladder,BoNesis[FP],SPRY,0,35,[1],1,1.0,1.0,1.0,1.0
Bladder,optbn[FP],SPRY,0,35,[1],1,1.0,1.0,1.0,1.0
Bladder,ActoNet,TP53,1,35,[2],1,2.0,0.02857142857142857,0.05714285714285714,0.5
Bladder,BoNesis[FP],TP53,1,35,[2],1,2.0,0.02857142857142857,0.05714285714285714,0.5
Bladder,BoNesis[MTS],TP53,1,35,[2],1,2.0,0.02857142857142857,0.05714285714285714,0.5
Bladder,Caspo,TP53,1,35,[2],1,2.0,0.02857142857142857,0.05714285714285714,0.5
Bladder,PBN[ASA],TP53,1,35,[2],1,2.0,0.02857142857142857,0.05714285714285714,0.5
Bladder,PBN[SA],TP53,1,35,[2],1,2.0,0.02857142857142857,0.05714285714285714,0.5
Bladder,PBN[percolation],TP53,1,35,[2],1,2.0,0.02857142857142857,0.05714285714285714,0.5
Bladder,SM[brute-force],TP53,1,35,[2],1,2.0,0.02857142857142857,0.05714285714285714,0.5
Bladder,optbn[FP],TP53,1,35,[2],1,2.0,0.02857142857142857,0.05714285714285714,0.5
Bladder,optbn[SA],TP53,1,35,[2],1,2.0,0.02857142857142857,0.05714285714285714,0.5
Bladder,ActoNet,p16INK4a,0,35,"[2, 2]",2,2.0,0.05714285714285714,0.11428571428571428,1.0
Bladder,BoNesis[FP],p16INK4a,0,35,"[2, 2]",2,2.0,0.05714285714285714,0.11428571428571428,1.0
Bladder,BoNesis[MTS],p16INK4a,0,35,"[2, 2]",2,2.0,0.05714285714285714,0.11428571428571428,1.0
Bladder,CABEAN[PTC],p16INK4a,0,35,[2],1,2.0,0.02857142857142857,0.05714285714285714,0.5
Bladder,CABEAN[TTC],p16INK4a,0,35,[2],1,2.0,0.02857142857142857,0.05714285714285714,0.5
Bladder,Caspo,p16INK4a,0,35,"[2, 2]",2,2.0,0.05714285714285714,0.11428571428571428,1.0
Bladder,PBN[ASA],p16INK4a,0,35,"[2, 2]",2,2.0,0.05714285714285714,0.11428571428571428,1.0
Bladder,PBN[SA],p16INK4a,0,35,"[2, 2]",2,2.0,0.05714285714285714,0.11428571428571428,1.0
Bladder,PBN[percolation],p16INK4a,0,35,"[2, 2]",2,2.0,0.05714285714285714,0.11428571428571428,1.0
Bladder,PBN[trap_spaces],p16INK4a,0,35,[2],1,2.0,0.02857142857142857,0.05714285714285714,0.5
Bladder,SM[brute-force],p16INK4a,0,35,"[2, 2]",2,2.0,0.05714285714285714,0.11428571428571428,1.0
Bladder,SM[internal],p16INK4a,0,35,[2],1,2.0,0.02857142857142857,0.05714285714285714,0.5
Bladder,SM[minimal],p16INK4a,0,35,[2],1,2.0,0.02857142857142857,0.05714285714285714,0.5
Bladder,optbn[FP],p16INK4a,0,35,"[2, 2]",2,2.0,0.05714285714285714,0.11428571428571428,1.0
Bladder,optbn[SA],p16INK4a,0,35,"[2, 2]",2,2.0,0.05714285714285714,0.11428571428571428,1.0
Myeloid,ActoNet,CEBPA,1,11,[2],1,2.0,0.09090909090909091,0.18181818181818182,0.5
Myeloid,BoNesis[FP],CEBPA,1,11,[2],1,2.0,0.09090909090909091,0.18181818181818182,0.5
Myeloid,BoNesis[MTS],CEBPA,1,11,[2],1,2.0,0.09090909090909091,0.18181818181818182,0.5
Myeloid,Caspo,CEBPA,1,11,[2],1,2.0,0.09090909090909091,0.18181818181818182,0.5
Myeloid,PBN[ASA],CEBPA,1,11,[2],1,2.0,0.09090909090909091,0.18181818181818182,0.5
Myeloid,PBN[SA],CEBPA,1,11,[2],1,2.0,0.09090909090909091,0.18181818181818182,0.5
Myeloid,PBN[percolation],CEBPA,1,11,[2],1,2.0,0.09090909090909091,0.18181818181818182,0.5
Myeloid,SM[brute-force],CEBPA,1,11,[2],1,2.0,0.09090909090909091,0.18181818181818182,0.5
Myeloid,optbn[FP],CEBPA,1,11,[2],1,2.0,0.09090909090909091,0.18181818181818182,0.5
Myeloid,optbn[SA],CEBPA,1,11,[2],1,2.0,0.09090909090909091,0.18181818181818182,0.5
Myeloid,ActoNet,EgrNab,1,11,[2],1,2.0,0.09090909090909091,0.18181818181818182,0.5
Myeloid,BoNesis[FP],EgrNab,1,11,[2],1,2.0,0.09090909090909091,0.18181818181818182,0.5
Myeloid,BoNesis[MTS],EgrNab,1,11,[2],1,2.0,0.09090909090909091,0.18181818181818182,0.5
Myeloid,Caspo,EgrNab,1,11,[2],1,2.0,0.09090909090909091,0.18181818181818182,0.5
Myeloid,PBN[ASA],EgrNab,1,11,[2],1,2.0,0.09090909090909091,0.18181818181818182,0.5
Myeloid,PBN[SA],EgrNab,1,11,[2],1,2.0,0.09090909090909091,0.18181818181818182,0.5
Myeloid,PBN[percolation],EgrNab,1,11,[2],1,2.0,0.09090909090909091,0.18181818181818182,0.5
Myeloid,SM[brute-force],EgrNab,1,11,[2],1,2.0,0.09090909090909091,0.18181818181818182,0.5
Myeloid,optbn[FP],EgrNab,1,11,[2],1,2.0,0.09090909090909091,0.18181818181818182,0.5
Myeloid,optbn[SA],EgrNab,1,11,[2],1,2.0,0.09090909090909091,0.18181818181818182,0.5
T-LGL,ActoNet,Apoptosis,1,60,[1],1,1.0,1.0,1.0,1.0
T-LGL,BoNesis[FP],Apoptosis,1,60,[1],1,1.0,1.0,1.0,1.0
T-LGL,BoNesis[MTS],Apoptosis,1,60,[1],1,1.0,1.0,1.0,1.0
T-LGL,Caspo,Apoptosis,1,60,[1],1,1.0,1.0,1.0,1.0
T-LGL,PBN[ASA],Apoptosis,1,60,[1],1,1.0,1.0,1.0,1.0
T-LGL,PBN[SA],Apoptosis,1,60,[1],1,1.0,1.0,1.0,1.0
T-LGL,PBN[percolation],Apoptosis,1,60,[1],1,1.0,1.0,1.0,1.0
T-LGL,SM[brute-force],Apoptosis,1,60,[1],1,1.0,1.0,1.0,1.0
T-LGL,optbn[FP],Apoptosis,1,60,[1],1,1.0,1.0,1.0,1.0
T-LGL,optbn[SA],Apoptosis,1,60,[1],1,1.0,1.0,1.0,1.0
T-LGL,ActoNet,BID,1,60,"[2, 2, 2, 2, 2, 2, 2, 2, 2, 2, 2, 2, 2, 2, 2, 2, 2, 2, 2, 2, 2, 2]",22,2.0,0.36666666666666664,0.7333333333333333,11.0
T-LGL,BoNesis[FP],BID,1,60,"[2, 2, 2, 2, 2, 2, 2, 2, 2, 2, 2, 2, 2, 2, 2, 2, 2, 2, 2, 2, 2, 2]",22,2.0,0.36666666666666664,0.7333333333333333,11.0
T-LGL,BoNesis[MTS],BID,1,60,"[2, 2, 2, 2]",4,2.0,0.06666666666666667,0.13333333333333333,2.0
T-LGL,Caspo,BID,1,60,"[2, 2, 2, 2]",4,2.0,0.06666666666666667,0.13333333333333333,2.0
T-LGL,PBN[ASA],BID,1,60,"[2, 2, 2, 2]",4,2.0,0.06666666666666667,0.13333333333333333,2.0
T-LGL,PBN[SA],BID,1,60,"[2, 2, 2, 2]",4,2.0,0.06666666666666667,0.13333333333333333,2.0
T-LGL,PBN[percolation],BID,1,60,"[2, 2, 2, 2]",4,2.0,0.06666666666666667,0.13333333333333333,2.0
T-LGL,SM[brute-force],BID,1,60,"[2, 2, 2, 2]",4,2.0,0.06666666666666667,0.13333333333333333,2.0
T-LGL,optbn[FP],BID,1,60,"[2, 2, 2, 2, 2, 2, 2, 2, 2, 2, 2, 2, 2, 2, 2, 2, 2, 2, 2, 2, 2, 2]",22,2.0,0.36666666666666664,0.7333333333333333,11.0
T-LGL,optbn[SA],BID,1,60,"[2, 2, 2, 2]",4,2.0,0.06666666666666667,0.13333333333333333,2.0
T-LGL,ActoNet,CD45,1,60,[1],1,1.0,1.0,1.0,1.0
T-LGL,BoNesis[FP],CD45,1,60,[1],1,1.0,1.0,1.0,1.0
T-LGL,BoNesis[MTS],CD45,1,60,"[2, 2]",2,2.0,0.03333333333333333,0.06666666666666667,1.0
T-LGL,Caspo,CD45,1,60,"[2, 2]",2,2.0,0.03333333333333333,0.06666666666666667,1.0
T-LGL,PBN[ASA],CD45,1,60,"[2, 2]",2,2.0,0.03333333333333333,0.06666666666666667,1.0
T-LGL,PBN[SA],CD45,1,60,"[2, 2]",2,2.0,0.03333333333333333,0.06666666666666667,1.0
T-LGL,PBN[percolation],CD45,1,60,"[2, 2]",2,2.0,0.03333333333333333,0.06666666666666667,1.0
T-LGL,PBN[trap_spaces],CD45,1,60,[2],1,2.0,0.016666666666666666,0.03333333333333333,0.5
T-LGL,SM[brute-force],CD45,1,60,"[2, 2]",2,2.0,0.03333333333333333,0.06666666666666667,1.0
T-LGL,optbn[FP],CD45,1,60,[1],1,1.0,1.0,1.0,1.0
T-LGL,optbn[SA],CD45,1,60,"[2, 2]",2,2.0,0.03333333333333333,0.06666666666666667,1.0
T-LGL,ActoNet,Caspase,1,60,[1],1,1.0,1.0,1.0,1.0
T-LGL,BoNesis[FP],Caspase,1,60,[1],1,1.0,1.0,1.0,1.0
T-LGL,BoNesis[MTS],Caspase,1,60,[1],1,1.0,1.0,1.0,1.0
T-LGL,Caspo,Caspase,1,60,[1],1,1.0,1.0,1.0,1.0
T-LGL,PBN[ASA],Caspase,1,60,[1],1,1.0,1.0,1.0,1.0
T-LGL,PBN[SA],Caspase,1,60,[1],1,1.0,1.0,1.0,1.0
T-LGL,PBN[percolation],Caspase,1,60,[1],1,1.0,1.0,1.0,1.0
T-LGL,SM[brute-force],Caspase,1,60,[1],1,1.0,1.0,1.0,1.0
T-LGL,optbn[FP],Caspase,1,60,[1],1,1.0,1.0,1.0,1.0
T-LGL,optbn[SA],Caspase,1,60,[1],1,1.0,1.0,1.0,1.0
T-LGL,ActoNet,Ceramide,1,60,"[2, 2, 2, 2, 2, 2, 2, 2, 2, 2, 2, 2, 2, 2, 2, 2, 2, 2, 2, 2, 2]",21,2.0,0.35,0.7,10.5
T-LGL,BoNesis[FP],Ceramide,1,60,"[2, 2, 2, 2, 2, 2, 2, 2, 2, 2, 2, 2, 2, 2, 2, 2, 2, 2, 2, 2, 2]",21,2.0,0.35,0.7,10.5
T-LGL,BoNesis[MTS],Ceramide,1,60,"[2, 2, 2, 2, 2, 2, 2, 2, 2, 2, 2, 2, 2, 2, 2]",15,2.0,0.25,0.5,7.5
T-LGL,Caspo,Ceramide,1,60,"[2, 2, 2, 2, 2, 2, 2, 2, 2]",9,2.0,0.15,0.3,4.5
T-LGL,PBN[ASA],Ceramide,1,60,"[2, 2, 2, 2, 2, 2, 2, 2, 2, 2, 2, 2, 2, 2, 2]",15,2.0,0.25,0.5,7.5
T-LGL,PBN[SA],Ceramide,1,60,"[2, 2, 2, 2, 2, 2, 2, 2, 2, 2, 2, 2, 2, 2, 2, 2, 2]",17,2.0,0.2833333333333333,0.5666666666666667,8.5
T-LGL,PBN[percolation],Ceramide,1,60,"[2, 2, 2, 2, 2, 2, 2, 2, 2]",9,2.0,0.15,0.3,4.5
T-LGL,PBN[trap_spaces],Ceramide,1,60,"[2, 2]",2,2.0,0.03333333333333333,0.06666666666666667,1.0
T-LGL,SM[brute-force],Ceramide,1,60,"[2, 2, 2, 2, 2, 2, 2, 2, 2]",9,2.0,0.15,0.3,4.5
T-LGL,optbn[FP],Ceramide,1,60,"[2, 2, 2, 2, 2, 2, 2, 2, 2, 2, 2, 2, 2, 2, 2, 2, 2, 2, 2, 2, 2]",21,2.0,0.35,0.7,10.5
T-LGL,optbn[SA],Ceramide,1,60,"[2, 2, 2, 2, 2, 2, 2, 2, 2, 2, 2, 2, 2, 2, 2, 2, 2]",17,2.0,0.2833333333333333,0.5666666666666667,8.5
T-LGL,ActoNet,DISC,1,60,[1],1,1.0,1.0,1.0,1.0
T-LGL,BoNesis[FP],DISC,1,60,[1],1,1.0,1.0,1.0,1.0
T-LGL,BoNesis[MTS],DISC,1,60,[1],1,1.0,1.0,1.0,1.0
T-LGL,Caspo,DISC,1,60,[1],1,1.0,1.0,1.0,1.0
T-LGL,PBN[ASA],DISC,1,60,[1],1,1.0,1.0,1.0,1.0
T-LGL,PBN[SA],DISC,1,60,[1],1,1.0,1.0,1.0,1.0
T-LGL,PBN[percolation],DISC,1,60,[1],1,1.0,1.0,1.0,1.0
T-LGL,SM[brute-force],DISC,1,60,[1],1,1.0,1.0,1.0,1.0
T-LGL,optbn[FP],DISC,1,60,[1],1,1.0,1.0,1.0,1.0
T-LGL,optbn[SA],DISC,1,60,[1],1,1.0,1.0,1.0,1.0
T-LGL,ActoNet,ERK,0,60,"[2, 2, 2, 2, 2, 2, 2, 2, 2, 2, 2, 2, 2, 2, 2, 2, 2, 2, 2]",19,2.0,0.31666666666666665,0.6333333333333333,9.5
T-LGL,BoNesis[FP],ERK,0,60,"[2, 2, 2, 2, 2, 2, 2, 2, 2, 2, 2, 2, 2, 2, 2, 2, 2, 2, 2]",19,2.0,0.31666666666666665,0.6333333333333333,9.5
T-LGL,BoNesis[MTS],ERK,0,60,"[2, 2, 2]",3,2.0,0.05,0.1,1.5
T-LGL,Caspo,ERK,0,60,"[2, 2, 2]",3,2.0,0.05,0.1,1.5
T-LGL,PBN[ASA],ERK,0,60,"[2, 2, 2]",3,2.0,0.05,0.1,1.5
T-LGL,PBN[SA],ERK,0,60,"[2, 2, 2]",3,2.0,0.05,0.1,1.5
T-LGL,PBN[percolation],ERK,0,60,"[2, 2, 2]",3,2.0,0.05,0.1,1.5
T-LGL,SM[brute-force],ERK,0,60,"[2, 2, 2]",3,2.0,0.05,0.1,1.5
T-LGL,optbn[FP],ERK,0,60,"[2, 2, 2, 2, 2, 2, 2, 2, 2, 2, 2, 2, 2, 2, 2, 2, 2, 2, 2]",19,2.0,0.31666666666666665,0.6333333333333333,9.5
T-LGL,optbn[SA],ERK,0,60,"[2, 2, 2]",3,2.0,0.05,0.1,1.5
T-LGL,ActoNet,FYN,0,60,"[2, 2, 2, 2, 2, 2, 2, 2, 2, 2, 2, 2, 2, 2, 2, 2, 2]",17,2.0,0.2833333333333333,0.5666666666666667,8.5
T-LGL,BoNesis[FP],FYN,0,60,"[2, 2, 2, 2, 2, 2, 2, 2, 2, 2, 2, 2, 2, 2, 2, 2, 2]",17,2.0,0.2833333333333333,0.5666666666666667,8.5
T-LGL,optbn[FP],FYN,0,60,"[2, 2, 2, 2, 2, 2, 2, 2, 2, 2, 2, 2, 2, 2, 2, 2, 2]",17,2.0,0.2833333333333333,0.5666666666666667,8.5
T-LGL,ActoNet,FasT,1,60,[2],1,2.0,0.016666666666666666,0.03333333333333333,0.5
T-LGL,BoNesis[FP],FasT,1,60,[2],1,2.0,0.016666666666666666,0.03333333333333333,0.5
T-LGL,BoNesis[MTS],FasT,1,60,[2],1,2.0,0.016666666666666666,0.03333333333333333,0.5
T-LGL,Caspo,FasT,1,60,[2],1,2.0,0.016666666666666666,0.03333333333333333,0.5
T-LGL,PBN[ASA],FasT,1,60,[2],1,2.0,0.016666666666666666,0.03333333333333333,0.5
T-LGL,PBN[SA],FasT,1,60,[2],1,2.0,0.016666666666666666,0.03333333333333333,0.5
T-LGL,PBN[percolation],FasT,1,60,[2],1,2.0,0.016666666666666666,0.03333333333333333,0.5
T-LGL,SM[brute-force],FasT,1,60,[2],1,2.0,0.016666666666666666,0.03333333333333333,0.5
T-LGL,optbn[FP],FasT,1,60,[2],1,2.0,0.016666666666666666,0.03333333333333333,0.5
T-LGL,optbn[SA],FasT,1,60,[2],1,2.0,0.016666666666666666,0.03333333333333333,0.5
T-LGL,ActoNet,GAP,1,60,"[2, 2, 2, 2, 2, 2, 2, 2, 2, 2, 2, 2]",12,2.0,0.2,0.4,6.0
T-LGL,BoNesis[FP],GAP,1,60,"[2, 2, 2, 2, 2, 2, 2, 2, 2, 2, 2, 2]",12,2.0,0.2,0.4,6.0
T-LGL,BoNesis[MTS],GAP,1,60,"[2, 2, 2]",3,2.0,0.05,0.1,1.5
T-LGL,Caspo,GAP,1,60,"[2, 2, 2]",3,2.0,0.05,0.1,1.5
T-LGL,PBN[ASA],GAP,1,60,"[2, 2, 2]",3,2.0,0.05,0.1,1.5
T-LGL,PBN[SA],GAP,1,60,"[2, 2, 2]",3,2.0,0.05,0.1,1.5
T-LGL,PBN[percolation],GAP,1,60,"[2, 2, 2]",3,2.0,0.05,0.1,1.5
T-LGL,SM[brute-force],GAP,1,60,"[2, 2, 2]",3,2.0,0.05,0.1,1.5
T-LGL,optbn[FP],GAP,1,60,"[2, 2, 2, 2, 2, 2, 2, 2, 2, 2, 2, 2]",12,2.0,0.2,0.4,6.0
T-LGL,optbn[SA],GAP,1,60,"[2, 2, 2]",3,2.0,0.05,0.1,1.5
T-LGL,ActoNet,GRB2,1,60,"[2, 2, 2, 2, 2, 2, 2, 2, 2, 2, 2, 2, 2, 2, 2, 2, 2]",17,2.0,0.2833333333333333,0.5666666666666667,8.5
T-LGL,BoNesis[FP],GRB2,1,60,"[2, 2, 2, 2, 2, 2, 2, 2, 2, 2, 2, 2, 2, 2, 2, 2, 2]",17,2.0,0.2833333333333333,0.5666666666666667,8.5
T-LGL,BoNesis[MTS],GRB2,1,60,"[2, 2, 2, 2]",4,2.0,0.06666666666666667,0.13333333333333333,2.0
T-LGL,PBN[ASA],GRB2,1,60,"[2, 2, 2, 2]",4,2.0,0.06666666666666667,0.13333333333333333,2.0
T-LGL,PBN[SA],GRB2,1,60,"[2, 2, 2, 2]",4,2.0,0.06666666666666667,0.13333333333333333,2.0
T-LGL,optbn[FP],GRB2,1,60,"[2, 2, 2, 2, 2, 2, 2, 2, 2, 2, 2, 2, 2, 2, 2, 2, 2]",17,2.0,0.2833333333333333,0.5666666666666667,8.5
T-LGL,optbn[SA],GRB2,1,60,"[2, 2, 2, 2]",4,2.0,0.06666666666666667,0.13333333333333333,2.0
T-LGL,ActoNet,GZMB,1,60,"[2, 2, 2, 2, 2, 2, 2, 2, 2, 2, 2, 2, 2, 2, 2, 2, 2, 2, 2, 2, 2]",21,2.0,0.35,0.7,10.5
T-LGL,BoNesis[FP],GZMB,1,60,"[2, 2, 2, 2, 2, 2, 2, 2, 2, 2, 2, 2, 2, 2, 2, 2, 2, 2, 2, 2, 2]",21,2.0,0.35,0.7,10.5
T-LGL,BoNesis[MTS],GZMB,1,60,"[2, 2, 2, 2, 2, 2, 2, 2, 2, 2, 2, 2, 2, 2, 2, 2, 2, 2, 2, 2]",20,2.0,0.3333333333333333,0.6666666666666666,10.0
T-LGL,Caspo,GZMB,1,60,"[2, 2, 2, 2, 2, 2, 2, 2, 2, 2, 2, 2, 2, 2, 2]",15,2.0,0.25,0.5,7.5
T-LGL,PBN[ASA],GZMB,1,60,"[2, 2, 2, 2, 2, 2, 2, 2, 2, 2, 2, 2, 2, 2, 2, 2, 2, 2, 2, 2]",20,2.0,0.3333333333333333,0.6666666666666666,10.0
T-LGL,PBN[SA],GZMB,1,60,"[2, 2, 2, 2, 2, 2, 2, 2, 2, 2, 2, 2, 2, 2, 2, 2, 2, 2, 2, 2]",20,2.0,0.3333333333333333,0.6666666666666666,10.0
T-LGL,PBN[percolation],GZMB,1,60,"[2, 2, 2, 2, 2, 2, 2, 2, 2, 2, 2, 2, 2, 2, 2]",15,2.0,0.25,0.5,7.5
T-LGL,SM[brute-force],GZMB,1,60,"[2, 2, 2, 2, 2, 2, 2, 2, 2, 2, 2, 2, 2, 2, 2]",15,2.0,0.25,0.5,7.5
T-LGL,optbn[FP],GZMB,1,60,"[2, 2, 2, 2, 2, 2, 2, 2, 2, 2, 2, 2, 2, 2, 2, 2, 2, 2, 2, 2, 2]",21,2.0,0.35,0.7,10.5
T-LGL,optbn[SA],GZMB,1,60,"[2, 2, 2, 2, 2, 2, 2, 2, 2, 2, 2, 2, 2, 2, 2, 2, 2, 2, 2, 2]",20,2.0,0.3333333333333333,0.6666666666666666,10.0
T-LGL,ActoNet,IFNG,1,60,"[2, 2, 2, 2, 2, 2, 2, 2, 2, 2, 2, 2, 2, 2, 2, 2]",16,2.0,0.26666666666666666,0.5333333333333333,8.0
T-LGL,BoNesis[FP],IFNG,1,60,"[2, 2, 2, 2, 2, 2, 2, 2, 2, 2, 2, 2, 2, 2, 2, 2]",16,2.0,0.26666666666666666,0.5333333333333333,8.0
T-LGL,optbn[FP],IFNG,1,60,"[2, 2, 2, 2, 2, 2, 2, 2, 2, 2, 2, 2, 2, 2, 2, 2]",16,2.0,0.26666666666666666,0.5333333333333333,8.0
T-LGL,ActoNet,IL15,0,60,"[2, 2, 2, 2, 2, 2, 2, 2, 2, 2, 2, 2, 2, 2, 2, 2, 2, 2, 2, 2]",20,2.0,0.3333333333333333,0.6666666666666666,10.0
T-LGL,BoNesis[FP],IL15,0,60,"[2, 2, 2, 2, 2, 2, 2, 2, 2, 2, 2, 2, 2, 2, 2, 2, 2, 2, 2, 2]",20,2.0,0.3333333333333333,0.6666666666666666,10.0
T-LGL,BoNesis[MTS],IL15,0,60,"[2, 2, 2]",3,2.0,0.05,0.1,1.5
T-LGL,Caspo,IL15,0,60,"[2, 2]",2,2.0,0.03333333333333333,0.06666666666666667,1.0
T-LGL,PBN[ASA],IL15,0,60,"[2, 2, 2]",3,2.0,0.05,0.1,1.5
T-LGL,PBN[SA],IL15,0,60,"[2, 2, 2]",3,2.0,0.05,0.1,1.5
T-LGL,PBN[percolation],IL15,0,60,"[2, 2]",2,2.0,0.03333333333333333,0.06666666666666667,1.0
T-LGL,PBN[trap_spaces],IL15,0,60,[2],1,2.0,0.016666666666666666,0.03333333333333333,0.5
T-LGL,SM[brute-force],IL15,0,60,"[2, 2]",2,2.0,0.03333333333333333,0.06666666666666667,1.0
T-LGL,optbn[FP],IL15,0,60,"[2, 2, 2, 2, 2, 2, 2, 2, 2, 2, 2, 2, 2, 2, 2, 2, 2, 2, 2, 2]",20,2.0,0.3333333333333333,0.6666666666666666,10.0
T-LGL,optbn[SA],IL15,0,60,"[2, 2, 2]",3,2.0,0.05,0.1,1.5
T-LGL,ActoNet,IL2,1,60,"[2, 2, 2, 2, 2, 2, 2, 2, 2, 2, 2, 2, 2, 2, 2, 2, 2, 2, 2, 2, 2, 2]",22,2.0,0.36666666666666664,0.7333333333333333,11.0
T-LGL,BoNesis[FP],IL2,1,60,"[2, 2, 2, 2, 2, 2, 2, 2, 2, 2, 2, 2, 2, 2, 2, 2, 2, 2, 2, 2, 2, 2]",22,2.0,0.36666666666666664,0.7333333333333333,11.0
T-LGL,optbn[FP],IL2,1,60,"[2, 2, 2, 2, 2, 2, 2, 2, 2, 2, 2, 2, 2, 2, 2, 2, 2, 2, 2, 2, 2, 2]",22,2.0,0.36666666666666664,0.7333333333333333,11.0
T-LGL,ActoNet,IL2RA,1,60,"[2, 2, 2, 2]",4,2.0,0.06666666666666667,0.13333333333333333,2.0
T-LGL,BoNesis[FP],IL2RA,1,60,"[2, 2, 2, 2]",4,2.0,0.06666666666666667,0.13333333333333333,2.0
T-LGL,optbn[FP],IL2RA,1,60,"[2, 2, 2, 2]",4,2.0,0.06666666666666667,0.13333333333333333,2.0
T-LGL,ActoNet,IL2RAT,1,60,[2],1,2.0,0.016666666666666666,0.03333333333333333,0.5
T-LGL,BoNesis[FP],IL2RAT,1,60,[2],1,2.0,0.016666666666666666,0.03333333333333333,0.5
T-LGL,optbn[FP],IL2RAT,1,60,[2],1,2.0,0.016666666666666666,0.03333333333333333,0.5
T-LGL,ActoNet,IL2RB,0,60,"[2, 2, 2, 2, 2, 2, 2, 2, 2, 2, 2, 2, 2, 2, 2, 2, 2, 2, 2]",19,2.0,0.31666666666666665,0.6333333333333333,9.5
T-LGL,BoNesis[FP],IL2RB,0,60,"[2, 2, 2, 2, 2, 2, 2, 2, 2, 2, 2, 2, 2, 2, 2, 2, 2, 2, 2]",19,2.0,0.31666666666666665,0.6333333333333333,9.5
T-LGL,BoNesis[MTS],IL2RB,0,60,"[2, 2, 2]",3,2.0,0.05,0.1,1.5
T-LGL,Caspo,IL2RB,0,60,"[2, 2, 2]",3,2.0,0.05,0.1,1.5
T-LGL,PBN[ASA],IL2RB,0,60,"[2, 2, 2]",3,2.0,0.05,0.1,1.5
T-LGL,PBN[SA],IL2RB,0,60,"[2, 2, 2]",3,2.0,0.05,0.1,1.5
T-LGL,PBN[percolation],IL2RB,0,60,"[2, 2, 2]",3,2.0,0.05,0.1,1.5
T-LGL,SM[brute-force],IL2RB,0,60,"[2, 2, 2]",3,2.0,0.05,0.1,1.5
T-LGL,optbn[FP],IL2RB,0,60,"[2, 2, 2, 2, 2, 2, 2, 2, 2, 2, 2, 2, 2, 2, 2, 2, 2, 2, 2]",19,2.0,0.31666666666666665,0.6333333333333333,9.5
T-LGL,optbn[SA],IL2RB,0,60,"[2, 2, 2]",3,2.0,0.05,0.1,1.5
T-LGL,ActoNet,IL2RB,1,60,"[2, 2, 2, 2, 2, 2, 2, 2, 2, 2, 2, 2, 2]",13,2.0,0.21666666666666667,0.43333333333333335,6.5
T-LGL,BoNesis[FP],IL2RB,1,60,"[2, 2, 2, 2, 2, 2, 2, 2, 2, 2, 2, 2, 2]",13,2.0,0.21666666666666667,0.43333333333333335,6.5
T-LGL,PBN[SA],IL2RB,1,60,[2],1,2.0,0.016666666666666666,0.03333333333333333,0.5
T-LGL,optbn[FP],IL2RB,1,60,"[2, 2, 2, 2, 2, 2, 2, 2, 2, 2, 2, 2, 2]",13,2.0,0.21666666666666667,0.43333333333333335,6.5
T-LGL,optbn[SA],IL2RB,1,60,[2],1,2.0,0.016666666666666666,0.03333333333333333,0.5
T-LGL,ActoNet,IL2RBT,0,60,"[2, 2, 2, 2, 2, 2, 2, 2, 2, 2, 2, 2, 2, 2, 2, 2, 2, 2, 2]",19,2.0,0.31666666666666665,0.6333333333333333,9.5
T-LGL,BoNesis[FP],IL2RBT,0,60,"[2, 2, 2, 2, 2, 2, 2, 2, 2, 2, 2, 2, 2, 2, 2, 2, 2, 2, 2]",19,2.0,0.31666666666666665,0.6333333333333333,9.5
T-LGL,BoNesis[MTS],IL2RBT,0,60,"[2, 2, 2]",3,2.0,0.05,0.1,1.5
T-LGL,Caspo,IL2RBT,0,60,"[2, 2, 2]",3,2.0,0.05,0.1,1.5
T-LGL,PBN[ASA],IL2RBT,0,60,"[2, 2, 2]",3,2.0,0.05,0.1,1.5
T-LGL,PBN[SA],IL2RBT,0,60,"[2, 2, 2]",3,2.0,0.05,0.1,1.5
T-LGL,PBN[percolation],IL2RBT,0,60,"[2, 2, 2]",3,2.0,0.05,0.1,1.5
T-LGL,SM[brute-force],IL2RBT,0,60,"[2, 2, 2]",3,2.0,0.05,0.1,1.5
T-LGL,optbn[FP],IL2RBT,0,60,"[2, 2, 2, 2, 2, 2, 2, 2, 2, 2, 2, 2, 2, 2, 2, 2, 2, 2, 2]",19,2.0,0.31666666666666665,0.6333333333333333,9.5
T-LGL,optbn[SA],IL2RBT,0,60,"[2, 2, 2]",3,2.0,0.05,0.1,1.5
T-LGL,ActoNet,IL2RBT,1,60,[2],1,2.0,0.016666666666666666,0.03333333333333333,0.5
T-LGL,BoNesis[FP],IL2RBT,1,60,[2],1,2.0,0.016666666666666666,0.03333333333333333,0.5
T-LGL,optbn[FP],IL2RBT,1,60,[2],1,2.0,0.016666666666666666,0.03333333333333333,0.5
T-LGL,ActoNet,JAK,0,60,"[2, 2, 2, 2, 2, 2, 2, 2, 2, 2, 2, 2, 2, 2, 2, 2]",16,2.0,0.26666666666666666,0.5333333333333333,8.0
T-LGL,BoNesis[FP],JAK,0,60,"[2, 2, 2, 2, 2, 2, 2, 2, 2, 2, 2, 2, 2, 2, 2, 2]",16,2.0,0.26666666666666666,0.5333333333333333,8.0
T-LGL,BoNesis[MTS],JAK,0,60,"[2, 2]",2,2.0,0.03333333333333333,0.06666666666666667,1.0
T-LGL,Caspo,JAK,0,60,"[2, 2]",2,2.0,0.03333333333333333,0.06666666666666667,1.0
T-LGL,PBN[ASA],JAK,0,60,"[2, 2]",2,2.0,0.03333333333333333,0.06666666666666667,1.0
T-LGL,PBN[SA],JAK,0,60,"[2, 2]",2,2.0,0.03333333333333333,0.06666666666666667,1.0
T-LGL,PBN[percolation],JAK,0,60,"[2, 2]",2,2.0,0.03333333333333333,0.06666666666666667,1.0
T-LGL,SM[brute-force],JAK,0,60,"[2, 2]",2,2.0,0.03333333333333333,0.06666666666666667,1.0
T-LGL,optbn[FP],JAK,0,60,"[2, 2, 2, 2, 2, 2, 2, 2, 2, 2, 2, 2, 2, 2, 2, 2]",16,2.0,0.26666666666666666,0.5333333333333333,8.0
T-LGL,optbn[SA],JAK,0,60,"[2, 2]",2,2.0,0.03333333333333333,0.06666666666666667,1.0
T-LGL,ActoNet,JAK,1,60,"[2, 2, 2, 2, 2, 2, 2, 2, 2, 2, 2, 2, 2, 2, 2, 2, 2, 2]",18,2.0,0.3,0.6,9.0
T-LGL,BoNesis[FP],JAK,1,60,"[2, 2, 2, 2, 2, 2, 2, 2, 2, 2, 2, 2, 2, 2, 2, 2, 2, 2]",18,2.0,0.3,0.6,9.0
T-LGL,BoNesis[MTS],JAK,1,60,"[2, 2, 2, 2, 2, 2, 2, 2, 2, 2, 2, 2, 2, 2, 2, 2]",16,2.0,0.26666666666666666,0.5333333333333333,8.0
T-LGL,Caspo,JAK,1,60,"[2, 2, 2, 2, 2, 2, 2, 2, 2, 2, 2, 2]",12,2.0,0.2,0.4,6.0
T-LGL,PBN[ASA],JAK,1,60,"[2, 2, 2, 2, 2, 2, 2, 2, 2, 2, 2, 2, 2, 2, 2, 2]",16,2.0,0.26666666666666666,0.5333333333333333,8.0
T-LGL,PBN[SA],JAK,1,60,"[2, 2, 2, 2, 2, 2, 2, 2, 2, 2, 2, 2, 2, 2, 2, 2]",16,2.0,0.26666666666666666,0.5333333333333333,8.0
T-LGL,PBN[percolation],JAK,1,60,"[2, 2, 2, 2, 2, 2, 2, 2, 2, 2, 2, 2]",12,2.0,0.2,0.4,6.0
T-LGL,SM[brute-force],JAK,1,60,"[2, 2, 2, 2, 2, 2, 2, 2, 2, 2, 2, 2]",12,2.0,0.2,0.4,6.0
T-LGL,optbn[FP],JAK,1,60,"[2, 2, 2, 2, 2, 2, 2, 2, 2, 2, 2, 2, 2, 2, 2, 2, 2, 2]",18,2.0,0.3,0.6,9.0
T-LGL,optbn[SA],JAK,1,60,"[2, 2, 2, 2, 2, 2, 2, 2, 2, 2, 2, 2, 2, 2, 2, 2]",16,2.0,0.26666666666666666,0.5333333333333333,8.0
T-LGL,ActoNet,LCK,1,60,"[2, 2, 2, 2, 2, 2, 2, 2, 2, 2, 2, 2, 2, 2, 2, 2]",16,2.0,0.26666666666666666,0.5333333333333333,8.0
T-LGL,BoNesis[FP],LCK,1,60,"[2, 2, 2, 2, 2, 2, 2, 2, 2, 2, 2, 2, 2, 2, 2, 2]",16,2.0,0.26666666666666666,0.5333333333333333,8.0
T-LGL,optbn[FP],LCK,1,60,"[2, 2, 2, 2, 2, 2, 2, 2, 2, 2, 2, 2, 2, 2, 2, 2]",16,2.0,0.26666666666666666,0.5333333333333333,8.0
T-LGL,ActoNet,MCL1,0,60,"[2, 2, 2, 2, 2, 2, 2, 2, 2, 2, 2, 2, 2, 2, 2, 2, 2, 2, 2, 2]",20,2.0,0.3333333333333333,0.6666666666666666,10.0
T-LGL,BoNesis[FP],MCL1,0,60,"[2, 2, 2, 2, 2, 2, 2, 2, 2, 2, 2, 2, 2, 2, 2, 2, 2, 2, 2, 2]",20,2.0,0.3333333333333333,0.6666666666666666,10.0
T-LGL,BoNesis[MTS],MCL1,0,60,"[2, 2, 2]",3,2.0,0.05,0.1,1.5
T-LGL,Caspo,MCL1,0,60,"[2, 2, 2]",3,2.0,0.05,0.1,1.5
T-LGL,PBN[ASA],MCL1,0,60,"[2, 2, 2]",3,2.0,0.05,0.1,1.5
T-LGL,PBN[SA],MCL1,0,60,"[2, 2, 2]",3,2.0,0.05,0.1,1.5
T-LGL,PBN[percolation],MCL1,0,60,"[2, 2, 2]",3,2.0,0.05,0.1,1.5
T-LGL,SM[brute-force],MCL1,0,60,"[2, 2, 2]",3,2.0,0.05,0.1,1.5
T-LGL,optbn[FP],MCL1,0,60,"[2, 2, 2, 2, 2, 2, 2, 2, 2, 2, 2, 2, 2, 2, 2, 2, 2, 2, 2, 2]",20,2.0,0.3333333333333333,0.6666666666666666,10.0
T-LGL,optbn[SA],MCL1,0,60,"[2, 2, 2]",3,2.0,0.05,0.1,1.5
T-LGL,ActoNet,MEK,0,60,"[2, 2, 2, 2, 2, 2, 2, 2, 2, 2, 2, 2, 2, 2, 2, 2, 2, 2, 2]",19,2.0,0.31666666666666665,0.6333333333333333,9.5
T-LGL,BoNesis[FP],MEK,0,60,"[2, 2, 2, 2, 2, 2, 2, 2, 2, 2, 2, 2, 2, 2, 2, 2, 2, 2, 2]",19,2.0,0.31666666666666665,0.6333333333333333,9.5
T-LGL,BoNesis[MTS],MEK,0,60,"[2, 2, 2]",3,2.0,0.05,0.1,1.5
T-LGL,Caspo,MEK,0,60,"[2, 2, 2]",3,2.0,0.05,0.1,1.5
T-LGL,PBN[ASA],MEK,0,60,"[2, 2, 2]",3,2.0,0.05,0.1,1.5
T-LGL,PBN[SA],MEK,0,60,"[2, 2, 2]",3,2.0,0.05,0.1,1.5
T-LGL,PBN[percolation],MEK,0,60,"[2, 2, 2]",3,2.0,0.05,0.1,1.5
T-LGL,SM[brute-force],MEK,0,60,"[2, 2, 2]",3,2.0,0.05,0.1,1.5
T-LGL,optbn[FP],MEK,0,60,"[2, 2, 2, 2, 2, 2, 2, 2, 2, 2, 2, 2, 2, 2, 2, 2, 2, 2, 2]",19,2.0,0.31666666666666665,0.6333333333333333,9.5
T-LGL,optbn[SA],MEK,0,60,"[2, 2, 2]",3,2.0,0.05,0.1,1.5
T-LGL,ActoNet,NFKB,0,60,"[2, 2, 2, 2, 2]",5,2.0,0.08333333333333333,0.16666666666666666,2.5
T-LGL,BoNesis[FP],NFKB,0,60,"[2, 2, 2, 2, 2]",5,2.0,0.08333333333333333,0.16666666666666666,2.5
T-LGL,BoNesis[MTS],NFKB,0,60,"[2, 2, 2]",3,2.0,0.05,0.1,1.5
T-LGL,Caspo,NFKB,0,60,"[2, 2, 2]",3,2.0,0.05,0.1,1.5
T-LGL,PBN[ASA],NFKB,0,60,"[2, 2, 2]",3,2.0,0.05,0.1,1.5
T-LGL,PBN[SA],NFKB,0,60,"[2, 2, 2]",3,2.0,0.05,0.1,1.5
T-LGL,PBN[percolation],NFKB,0,60,"[2, 2, 2]",3,2.0,0.05,0.1,1.5
T-LGL,SM[brute-force],NFKB,0,60,"[2, 2, 2]",3,2.0,0.05,0.1,1.5
T-LGL,optbn[FP],NFKB,0,60,"[2, 2, 2, 2, 2]",5,2.0,0.08333333333333333,0.16666666666666666,2.5
T-LGL,optbn[SA],NFKB,0,60,"[2, 2, 2]",3,2.0,0.05,0.1,1.5
T-LGL,ActoNet,NFKB,1,60,"[2, 2, 2, 2, 2, 2, 2, 2, 2, 2, 2, 2, 2, 2, 2, 2, 2, 2, 2, 2]",20,2.0,0.3333333333333333,0.6666666666666666,10.0
T-LGL,BoNesis[FP],NFKB,1,60,"[2, 2, 2, 2, 2, 2, 2, 2, 2, 2, 2, 2, 2, 2, 2, 2, 2, 2, 2, 2]",20,2.0,0.3333333333333333,0.6666666666666666,10.0
T-LGL,BoNesis[MTS],NFKB,1,60,"[2, 2, 2, 2]",4,2.0,0.06666666666666667,0.13333333333333333,2.0
T-LGL,Caspo,NFKB,1,60,"[2, 2, 2, 2]",4,2.0,0.06666666666666667,0.13333333333333333,2.0
T-LGL,PBN[ASA],NFKB,1,60,"[2, 2, 2, 2]",4,2.0,0.06666666666666667,0.13333333333333333,2.0
T-LGL,PBN[SA],NFKB,1,60,"[2, 2, 2, 2]",4,2.0,0.06666666666666667,0.13333333333333333,2.0
T-LGL,PBN[percolation],NFKB,1,60,"[2, 2, 2, 2]",4,2.0,0.06666666666666667,0.13333333333333333,2.0
T-LGL,SM[brute-force],NFKB,1,60,"[2, 2, 2, 2]",4,2.0,0.06666666666666667,0.13333333333333333,2.0
T-LGL,optbn[FP],NFKB,1,60,"[2, 2, 2, 2, 2, 2, 2, 2, 2, 2, 2, 2, 2, 2, 2, 2, 2, 2, 2, 2]",20,2.0,0.3333333333333333,0.6666666666666666,10.0
T-LGL,optbn[SA],NFKB,1,60,"[2, 2, 2, 2]",4,2.0,0.06666666666666667,0.13333333333333333,2.0
T-LGL,ActoNet,PDGF,1,60,"[2, 2, 2, 2, 2, 2, 2, 2, 2, 2, 2, 2, 2, 2, 2, 2, 2, 2]",18,2.0,0.3,0.6,9.0
T-LGL,BoNesis[FP],PDGF,1,60,"[2, 2, 2, 2, 2, 2, 2, 2, 2, 2, 2, 2, 2, 2, 2, 2, 2, 2]",18,2.0,0.3,0.6,9.0
T-LGL,BoNesis[MTS],PDGF,1,60,"[2, 2, 2]",3,2.0,0.05,0.1,1.5
T-LGL,Caspo,PDGF,1,60,"[2, 2, 2]",3,2.0,0.05,0.1,1.5
T-LGL,PBN[ASA],PDGF,1,60,"[2, 2, 2]",3,2.0,0.05,0.1,1.5
T-LGL,PBN[SA],PDGF,1,60,"[2, 2, 2]",3,2.0,0.05,0.1,1.5
T-LGL,PBN[percolation],PDGF,1,60,"[2, 2, 2]",3,2.0,0.05,0.1,1.5
T-LGL,PBN[trap_spaces],PDGF,1,60,"[2, 2]",2,2.0,0.03333333333333333,0.06666666666666667,1.0
T-LGL,SM[brute-force],PDGF,1,60,"[2, 2, 2]",3,2.0,0.05,0.1,1.5
T-LGL,optbn[FP],PDGF,1,60,"[2, 2, 2, 2, 2, 2, 2, 2, 2, 2, 2, 2, 2, 2, 2, 2, 2, 2]",18,2.0,0.3,0.6,9.0
T-LGL,optbn[SA],PDGF,1,60,"[2, 2, 2]",3,2.0,0.05,0.1,1.5
T-LGL,ActoNet,PDGFR,0,60,"[2, 2, 2, 2, 2, 2, 2, 2, 2, 2, 2, 2, 2, 2, 2, 2, 2]",17,2.0,0.2833333333333333,0.5666666666666667,8.5
T-LGL,BoNesis[FP],PDGFR,0,60,"[2, 2, 2, 2, 2, 2, 2, 2, 2, 2, 2, 2, 2, 2, 2, 2, 2]",17,2.0,0.2833333333333333,0.5666666666666667,8.5
T-LGL,BoNesis[MTS],PDGFR,0,60,"[2, 2, 2, 2, 2, 2, 2, 2, 2, 2, 2]",11,2.0,0.18333333333333332,0.36666666666666664,5.5
T-LGL,Caspo,PDGFR,0,60,"[2, 2, 2, 2, 2]",5,2.0,0.08333333333333333,0.16666666666666666,2.5
T-LGL,PBN[ASA],PDGFR,0,60,"[2, 2, 2, 2, 2, 2, 2, 2, 2, 2, 2]",11,2.0,0.18333333333333332,0.36666666666666664,5.5
T-LGL,PBN[SA],PDGFR,0,60,"[2, 2, 2, 2, 2, 2, 2, 2, 2, 2, 2, 2]",12,2.0,0.2,0.4,6.0
T-LGL,PBN[percolation],PDGFR,0,60,"[2, 2, 2, 2, 2]",5,2.0,0.08333333333333333,0.16666666666666666,2.5
T-LGL,SM[brute-force],PDGFR,0,60,"[2, 2, 2, 2, 2]",5,2.0,0.08333333333333333,0.16666666666666666,2.5
T-LGL,optbn[FP],PDGFR,0,60,"[2, 2, 2, 2, 2, 2, 2, 2, 2, 2, 2, 2, 2, 2, 2, 2, 2]",17,2.0,0.2833333333333333,0.5666666666666667,8.5
T-LGL,optbn[SA],PDGFR,0,60,"[2, 2, 2, 2, 2, 2, 2, 2, 2, 2, 2, 2]",12,2.0,0.2,0.4,6.0
T-LGL,ActoNet,PDGFR,1,60,"[2, 2, 2, 2, 2, 2, 2, 2, 2, 2, 2, 2, 2, 2, 2, 2, 2, 2]",18,2.0,0.3,0.6,9.0
T-LGL,BoNesis[FP],PDGFR,1,60,"[2, 2, 2, 2, 2, 2, 2, 2, 2, 2, 2, 2, 2, 2, 2, 2, 2, 2]",18,2.0,0.3,0.6,9.0
T-LGL,BoNesis[MTS],PDGFR,1,60,"[2, 2, 2]",3,2.0,0.05,0.1,1.5
T-LGL,Caspo,PDGFR,1,60,"[2, 2, 2]",3,2.0,0.05,0.1,1.5
T-LGL,PBN[ASA],PDGFR,1,60,"[2, 2, 2]",3,2.0,0.05,0.1,1.5
T-LGL,PBN[SA],PDGFR,1,60,"[2, 2, 2]",3,2.0,0.05,0.1,1.5
T-LGL,PBN[percolation],PDGFR,1,60,"[2, 2, 2]",3,2.0,0.05,0.1,1.5
T-LGL,SM[brute-force],PDGFR,1,60,"[2, 2, 2]",3,2.0,0.05,0.1,1.5
T-LGL,optbn[FP],PDGFR,1,60,"[2, 2, 2, 2, 2, 2, 2, 2, 2, 2, 2, 2, 2, 2, 2, 2, 2, 2]",18,2.0,0.3,0.6,9.0
T-LGL,optbn[SA],PDGFR,1,60,"[2, 2, 2]",3,2.0,0.05,0.1,1.5
T-LGL,ActoNet,PI3K,0,60,"[2, 2, 2, 2, 2, 2, 2]",7,2.0,0.11666666666666667,0.23333333333333334,3.5
T-LGL,BoNesis[FP],PI3K,0,60,"[2, 2, 2, 2, 2, 2, 2]",7,2.0,0.11666666666666667,0.23333333333333334,3.5
T-LGL,BoNesis[MTS],PI3K,0,60,"[2, 2, 2]",3,2.0,0.05,0.1,1.5
T-LGL,Caspo,PI3K,0,60,"[2, 2, 2]",3,2.0,0.05,0.1,1.5
T-LGL,PBN[ASA],PI3K,0,60,"[2, 2, 2]",3,2.0,0.05,0.1,1.5
T-LGL,PBN[SA],PI3K,0,60,"[2, 2, 2]",3,2.0,0.05,0.1,1.5
T-LGL,PBN[percolation],PI3K,0,60,"[2, 2, 2]",3,2.0,0.05,0.1,1.5
T-LGL,SM[brute-force],PI3K,0,60,"[2, 2, 2]",3,2.0,0.05,0.1,1.5
T-LGL,optbn[FP],PI3K,0,60,"[2, 2, 2, 2, 2, 2, 2]",7,2.0,0.11666666666666667,0.23333333333333334,3.5
T-LGL,optbn[SA],PI3K,0,60,"[2, 2, 2]",3,2.0,0.05,0.1,1.5
T-LGL,ActoNet,PI3K,1,60,"[2, 2, 2, 2, 2, 2, 2, 2, 2, 2, 2, 2, 2, 2, 2, 2, 2, 2, 2]",19,2.0,0.31666666666666665,0.6333333333333333,9.5
T-LGL,BoNesis[FP],PI3K,1,60,"[2, 2, 2, 2, 2, 2, 2, 2, 2, 2, 2, 2, 2, 2, 2, 2, 2, 2, 2]",19,2.0,0.31666666666666665,0.6333333333333333,9.5
T-LGL,BoNesis[MTS],PI3K,1,60,"[2, 2, 2, 2]",4,2.0,0.06666666666666667,0.13333333333333333,2.0
T-LGL,Caspo,PI3K,1,60,"[2, 2, 2, 2]",4,2.0,0.06666666666666667,0.13333333333333333,2.0
T-LGL,PBN[ASA],PI3K,1,60,"[2, 2, 2, 2]",4,2.0,0.06666666666666667,0.13333333333333333,2.0
T-LGL,PBN[SA],PI3K,1,60,"[2, 2, 2, 2]",4,2.0,0.06666666666666667,0.13333333333333333,2.0
T-LGL,PBN[percolation],PI3K,1,60,"[2, 2, 2, 2]",4,2.0,0.06666666666666667,0.13333333333333333,2.0
T-LGL,SM[brute-force],PI3K,1,60,"[2, 2, 2, 2]",4,2.0,0.06666666666666667,0.13333333333333333,2.0
T-LGL,optbn[FP],PI3K,1,60,"[2, 2, 2, 2, 2, 2, 2, 2, 2, 2, 2, 2, 2, 2, 2, 2, 2, 2, 2]",19,2.0,0.31666666666666665,0.6333333333333333,9.5
T-LGL,optbn[SA],PI3K,1,60,"[2, 2, 2, 2]",4,2.0,0.06666666666666667,0.13333333333333333,2.0
T-LGL,ActoNet,PLCG1,1,60,"[2, 2, 2, 2, 2, 2, 2, 2, 2, 2, 2, 2, 2, 2, 2, 2, 2]",17,2.0,0.2833333333333333,0.5666666666666667,8.5
T-LGL,BoNesis[FP],PLCG1,1,60,"[2, 2, 2, 2, 2, 2, 2, 2, 2, 2, 2, 2, 2, 2, 2, 2, 2]",17,2.0,0.2833333333333333,0.5666666666666667,8.5
T-LGL,BoNesis[MTS],PLCG1,1,60,"[2, 2, 2, 2]",4,2.0,0.06666666666666667,0.13333333333333333,2.0
T-LGL,PBN[ASA],PLCG1,1,60,"[2, 2, 2, 2]",4,2.0,0.06666666666666667,0.13333333333333333,2.0
T-LGL,PBN[SA],PLCG1,1,60,"[2, 2, 2, 2]",4,2.0,0.06666666666666667,0.13333333333333333,2.0
T-LGL,optbn[FP],PLCG1,1,60,"[2, 2, 2, 2, 2, 2, 2, 2, 2, 2, 2, 2, 2, 2, 2, 2, 2]",17,2.0,0.2833333333333333,0.5666666666666667,8.5
T-LGL,optbn[SA],PLCG1,1,60,"[2, 2, 2, 2]",4,2.0,0.06666666666666667,0.13333333333333333,2.0
T-LGL,ActoNet,RANTES,1,60,"[2, 2, 2, 2, 2, 2, 2, 2, 2, 2, 2, 2, 2, 2, 2]",15,2.0,0.25,0.5,7.5
T-LGL,BoNesis[FP],RANTES,1,60,"[2, 2, 2, 2, 2, 2, 2, 2, 2, 2, 2, 2, 2, 2, 2]",15,2.0,0.25,0.5,7.5
T-LGL,optbn[FP],RANTES,1,60,"[2, 2, 2, 2, 2, 2, 2, 2, 2, 2, 2, 2, 2, 2, 2]",15,2.0,0.25,0.5,7.5
T-LGL,ActoNet,RAS,0,60,"[2, 2, 2, 2, 2, 2, 2, 2, 2, 2, 2, 2]",12,2.0,0.2,0.4,6.0
T-LGL,BoNesis[FP],RAS,0,60,"[2, 2, 2, 2, 2, 2, 2, 2, 2, 2, 2, 2]",12,2.0,0.2,0.4,6.0
T-LGL,BoNesis[MTS],RAS,0,60,"[2, 2, 2]",3,2.0,0.05,0.1,1.5
T-LGL,Caspo,RAS,0,60,"[2, 2, 2]",3,2.0,0.05,0.1,1.5
T-LGL,PBN[ASA],RAS,0,60,"[2, 2, 2]",3,2.0,0.05,0.1,1.5
T-LGL,PBN[SA],RAS,0,60,"[2, 2, 2]",3,2.0,0.05,0.1,1.5
T-LGL,PBN[percolation],RAS,0,60,"[2, 2, 2]",3,2.0,0.05,0.1,1.5
T-LGL,SM[brute-force],RAS,0,60,"[2, 2, 2]",3,2.0,0.05,0.1,1.5
T-LGL,optbn[FP],RAS,0,60,"[2, 2, 2, 2, 2, 2, 2, 2, 2, 2, 2, 2]",12,2.0,0.2,0.4,6.0
T-LGL,optbn[SA],RAS,0,60,"[2, 2, 2]",3,2.0,0.05,0.1,1.5
T-LGL,ActoNet,RAS,1,60,"[2, 2, 2, 2, 2, 2, 2, 2, 2, 2, 2, 2, 2, 2, 2, 2, 2]",17,2.0,0.2833333333333333,0.5666666666666667,8.5
T-LGL,BoNesis[FP],RAS,1,60,"[2, 2, 2, 2, 2, 2, 2, 2, 2, 2, 2, 2, 2, 2, 2, 2, 2]",17,2.0,0.2833333333333333,0.5666666666666667,8.5
T-LGL,BoNesis[MTS],RAS,1,60,"[2, 2, 2, 2]",4,2.0,0.06666666666666667,0.13333333333333333,2.0
T-LGL,Caspo,RAS,1,60,"[2, 2, 2, 2]",4,2.0,0.06666666666666667,0.13333333333333333,2.0
T-LGL,PBN[ASA],RAS,1,60,"[2, 2, 2, 2]",4,2.0,0.06666666666666667,0.13333333333333333,2.0
T-LGL,PBN[SA],RAS,1,60,"[2, 2, 2, 2]",4,2.0,0.06666666666666667,0.13333333333333333,2.0
T-LGL,PBN[percolation],RAS,1,60,"[2, 2, 2, 2]",4,2.0,0.06666666666666667,0.13333333333333333,2.0
T-LGL,SM[brute-force],RAS,1,60,"[2, 2, 2, 2]",4,2.0,0.06666666666666667,0.13333333333333333,2.0
T-LGL,optbn[FP],RAS,1,60,"[2, 2, 2, 2, 2, 2, 2, 2, 2, 2, 2, 2, 2, 2, 2, 2, 2]",17,2.0,0.2833333333333333,0.5666666666666667,8.5
T-LGL,optbn[SA],RAS,1,60,"[2, 2, 2, 2]",4,2.0,0.06666666666666667,0.13333333333333333,2.0
T-LGL,ActoNet,S1P,0,60,"[2, 2, 2, 2, 2, 2, 2, 2, 2, 2, 2, 2, 2, 2, 2, 2, 2, 2, 2]",19,2.0,0.31666666666666665,0.6333333333333333,9.5
T-LGL,BoNesis[FP],S1P,0,60,"[2, 2, 2, 2, 2, 2, 2, 2, 2, 2, 2, 2, 2, 2, 2, 2, 2, 2, 2]",19,2.0,0.31666666666666665,0.6333333333333333,9.5
T-LGL,BoNesis[MTS],S1P,0,60,"[2, 2, 2, 2, 2, 2, 2, 2, 2, 2, 2, 2, 2]",13,2.0,0.21666666666666667,0.43333333333333335,6.5
T-LGL,Caspo,S1P,0,60,"[2, 2, 2, 2, 2, 2, 2]",7,2.0,0.11666666666666667,0.23333333333333334,3.5
T-LGL,PBN[ASA],S1P,0,60,"[2, 2, 2, 2, 2, 2, 2, 2, 2, 2, 2, 2, 2]",13,2.0,0.21666666666666667,0.43333333333333335,6.5
T-LGL,PBN[SA],S1P,0,60,"[2, 2, 2, 2, 2, 2, 2, 2, 2, 2, 2, 2, 2, 2]",14,2.0,0.23333333333333334,0.4666666666666667,7.0
T-LGL,PBN[percolation],S1P,0,60,"[2, 2, 2, 2, 2, 2, 2]",7,2.0,0.11666666666666667,0.23333333333333334,3.5
T-LGL,PBN[trap_spaces],S1P,0,60,"[2, 2]",2,2.0,0.03333333333333333,0.06666666666666667,1.0
T-LGL,SM[brute-force],S1P,0,60,"[2, 2, 2, 2, 2, 2, 2]",7,2.0,0.11666666666666667,0.23333333333333334,3.5
T-LGL,optbn[FP],S1P,0,60,"[2, 2, 2, 2, 2, 2, 2, 2, 2, 2, 2, 2, 2, 2, 2, 2, 2, 2, 2]",19,2.0,0.31666666666666665,0.6333333333333333,9.5
T-LGL,optbn[SA],S1P,0,60,"[2, 2, 2, 2, 2, 2, 2, 2, 2, 2, 2, 2, 2, 2]",14,2.0,0.23333333333333334,0.4666666666666667,7.0
T-LGL,ActoNet,S1P,1,60,"[2, 2, 2, 2, 2, 2, 2, 2, 2, 2, 2, 2, 2, 2, 2, 2]",16,2.0,0.26666666666666666,0.5333333333333333,8.0
T-LGL,BoNesis[FP],S1P,1,60,"[2, 2, 2, 2, 2, 2, 2, 2, 2, 2, 2, 2, 2, 2, 2, 2]",16,2.0,0.26666666666666666,0.5333333333333333,8.0
T-LGL,BoNesis[MTS],S1P,1,60,[2],1,2.0,0.016666666666666666,0.03333333333333333,0.5
T-LGL,Caspo,S1P,1,60,[2],1,2.0,0.016666666666666666,0.03333333333333333,0.5
T-LGL,PBN[ASA],S1P,1,60,[2],1,2.0,0.016666666666666666,0.03333333333333333,0.5
T-LGL,PBN[SA],S1P,1,60,[2],1,2.0,0.016666666666666666,0.03333333333333333,0.5
T-LGL,PBN[percolation],S1P,1,60,[2],1,2.0,0.016666666666666666,0.03333333333333333,0.5
T-LGL,SM[brute-force],S1P,1,60,[2],1,2.0,0.016666666666666666,0.03333333333333333,0.5
T-LGL,optbn[FP],S1P,1,60,"[2, 2, 2, 2, 2, 2, 2, 2, 2, 2, 2, 2, 2, 2, 2, 2]",16,2.0,0.26666666666666666,0.5333333333333333,8.0
T-LGL,optbn[SA],S1P,1,60,[2],1,2.0,0.016666666666666666,0.03333333333333333,0.5
T-LGL,ActoNet,SOCS,1,60,"[2, 2, 2, 2, 2, 2, 2, 2, 2, 2, 2, 2, 2, 2, 2, 2]",16,2.0,0.26666666666666666,0.5333333333333333,8.0
T-LGL,BoNesis[FP],SOCS,1,60,"[2, 2, 2, 2, 2, 2, 2, 2, 2, 2, 2, 2, 2, 2, 2, 2]",16,2.0,0.26666666666666666,0.5333333333333333,8.0
T-LGL,BoNesis[MTS],SOCS,1,60,"[2, 2]",2,2.0,0.03333333333333333,0.06666666666666667,1.0
T-LGL,Caspo,SOCS,1,60,"[2, 2]",2,2.0,0.03333333333333333,0.06666666666666667,1.0
T-LGL,PBN[ASA],SOCS,1,60,"[2, 2]",2,2.0,0.03333333333333333,0.06666666666666667,1.0
T-LGL,PBN[SA],SOCS,1,60,"[2, 2]",2,2.0,0.03333333333333333,0.06666666666666667,1.0
T-LGL,PBN[percolation],SOCS,1,60,"[2, 2]",2,2.0,0.03333333333333333,0.06666666666666667,1.0
T-LGL,SM[brute-force],SOCS,1,60,"[2, 2]",2,2.0,0.03333333333333333,0.06666666666666667,1.0
T-LGL,optbn[FP],SOCS,1,60,"[2, 2, 2, 2, 2, 2, 2, 2, 2, 2, 2, 2, 2, 2, 2, 2]",16,2.0,0.26666666666666666,0.5333333333333333,8.0
T-LGL,optbn[SA],SOCS,1,60,"[2, 2]",2,2.0,0.03333333333333333,0.06666666666666667,1.0
T-LGL,ActoNet,SPHK1,0,60,"[2, 2, 2, 2, 2, 2, 2, 2, 2, 2, 2, 2, 2, 2, 2, 2, 2, 2, 2]",19,2.0,0.31666666666666665,0.6333333333333333,9.5
T-LGL,BoNesis[FP],SPHK1,0,60,"[2, 2, 2, 2, 2, 2, 2, 2, 2, 2, 2, 2, 2, 2, 2, 2, 2, 2, 2]",19,2.0,0.31666666666666665,0.6333333333333333,9.5
T-LGL,BoNesis[MTS],SPHK1,0,60,"[2, 2, 2, 2, 2, 2, 2, 2, 2, 2, 2, 2, 2]",13,2.0,0.21666666666666667,0.43333333333333335,6.5
T-LGL,Caspo,SPHK1,0,60,"[2, 2, 2, 2, 2, 2, 2]",7,2.0,0.11666666666666667,0.23333333333333334,3.5
T-LGL,PBN[ASA],SPHK1,0,60,"[2, 2, 2, 2, 2, 2, 2, 2, 2, 2, 2, 2, 2]",13,2.0,0.21666666666666667,0.43333333333333335,6.5
T-LGL,PBN[SA],SPHK1,0,60,"[2, 2, 2, 2, 2, 2, 2, 2, 2, 2, 2, 2, 2, 2]",14,2.0,0.23333333333333334,0.4666666666666667,7.0
T-LGL,PBN[percolation],SPHK1,0,60,"[2, 2, 2, 2, 2, 2, 2]",7,2.0,0.11666666666666667,0.23333333333333334,3.5
T-LGL,SM[brute-force],SPHK1,0,60,"[2, 2, 2, 2, 2, 2, 2]",7,2.0,0.11666666666666667,0.23333333333333334,3.5
T-LGL,optbn[FP],SPHK1,0,60,"[2, 2, 2, 2, 2, 2, 2, 2, 2, 2, 2, 2, 2, 2, 2, 2, 2, 2, 2]",19,2.0,0.31666666666666665,0.6333333333333333,9.5
T-LGL,optbn[SA],SPHK1,0,60,"[2, 2, 2, 2, 2, 2, 2, 2, 2, 2, 2, 2, 2, 2]",14,2.0,0.23333333333333334,0.4666666666666667,7.0
T-LGL,ActoNet,SPHK1,1,60,"[2, 2, 2, 2, 2, 2, 2, 2, 2, 2, 2, 2, 2, 2, 2]",15,2.0,0.25,0.5,7.5
T-LGL,BoNesis[FP],SPHK1,1,60,"[2, 2, 2, 2, 2, 2, 2, 2, 2, 2, 2, 2, 2, 2, 2]",15,2.0,0.25,0.5,7.5
T-LGL,optbn[FP],SPHK1,1,60,"[2, 2, 2, 2, 2, 2, 2, 2, 2, 2, 2, 2, 2, 2, 2]",15,2.0,0.25,0.5,7.5
T-LGL,ActoNet,STAT3,0,60,"[2, 2, 2, 2, 2, 2, 2, 2, 2, 2, 2, 2, 2, 2, 2, 2, 2, 2, 2]",19,2.0,0.31666666666666665,0.6333333333333333,9.5
T-LGL,BoNesis[FP],STAT3,0,60,"[2, 2, 2, 2, 2, 2, 2, 2, 2, 2, 2, 2, 2, 2, 2, 2, 2, 2, 2]",19,2.0,0.31666666666666665,0.6333333333333333,9.5
T-LGL,BoNesis[MTS],STAT3,0,60,"[2, 2, 2]",3,2.0,0.05,0.1,1.5
T-LGL,Caspo,STAT3,0,60,"[2, 2, 2]",3,2.0,0.05,0.1,1.5
T-LGL,PBN[ASA],STAT3,0,60,"[2, 2, 2]",3,2.0,0.05,0.1,1.5
T-LGL,PBN[SA],STAT3,0,60,"[2, 2, 2]",3,2.0,0.05,0.1,1.5
T-LGL,PBN[percolation],STAT3,0,60,"[2, 2, 2]",3,2.0,0.05,0.1,1.5
T-LGL,SM[brute-force],STAT3,0,60,"[2, 2, 2]",3,2.0,0.05,0.1,1.5
T-LGL,optbn[FP],STAT3,0,60,"[2, 2, 2, 2, 2, 2, 2, 2, 2, 2, 2, 2, 2, 2, 2, 2, 2, 2, 2]",19,2.0,0.31666666666666665,0.6333333333333333,9.5
T-LGL,optbn[SA],STAT3,0,60,"[2, 2, 2]",3,2.0,0.05,0.1,1.5
T-LGL,ActoNet,STAT3,1,60,"[2, 2, 2, 2, 2, 2, 2, 2, 2, 2, 2, 2, 2, 2, 2, 2, 2]",17,2.0,0.2833333333333333,0.5666666666666667,8.5
T-LGL,BoNesis[FP],STAT3,1,60,"[2, 2, 2, 2, 2, 2, 2, 2, 2, 2, 2, 2, 2, 2, 2, 2, 2]",17,2.0,0.2833333333333333,0.5666666666666667,8.5
T-LGL,PBN[SA],STAT3,1,60,"[2, 2, 2, 2]",4,2.0,0.06666666666666667,0.13333333333333333,2.0
T-LGL,optbn[FP],STAT3,1,60,"[2, 2, 2, 2, 2, 2, 2, 2, 2, 2, 2, 2, 2, 2, 2, 2, 2]",17,2.0,0.2833333333333333,0.5666666666666667,8.5
T-LGL,optbn[SA],STAT3,1,60,"[2, 2, 2, 2]",4,2.0,0.06666666666666667,0.13333333333333333,2.0
T-LGL,ActoNet,Stimuli,1,60,[1],1,1.0,1.0,1.0,1.0
T-LGL,BoNesis[FP],Stimuli,1,60,[1],1,1.0,1.0,1.0,1.0
T-LGL,optbn[FP],Stimuli,1,60,[1],1,1.0,1.0,1.0,1.0
T-LGL,ActoNet,TAX,1,60,"[2, 2, 2, 2, 2, 2, 2, 2, 2, 2, 2, 2, 2, 2, 2, 2, 2, 2, 2, 2]",20,2.0,0.3333333333333333,0.6666666666666666,10.0
T-LGL,BoNesis[FP],TAX,1,60,"[2, 2, 2, 2, 2, 2, 2, 2, 2, 2, 2, 2, 2, 2, 2, 2, 2, 2, 2, 2]",20,2.0,0.3333333333333333,0.6666666666666666,10.0
T-LGL,BoNesis[MTS],TAX,1,60,"[2, 2, 2, 2]",4,2.0,0.06666666666666667,0.13333333333333333,2.0
T-LGL,Caspo,TAX,1,60,"[2, 2, 2, 2]",4,2.0,0.06666666666666667,0.13333333333333333,2.0
T-LGL,PBN[ASA],TAX,1,60,"[2, 2, 2, 2]",4,2.0,0.06666666666666667,0.13333333333333333,2.0
T-LGL,PBN[SA],TAX,1,60,"[2, 2, 2, 2]",4,2.0,0.06666666666666667,0.13333333333333333,2.0
T-LGL,PBN[percolation],TAX,1,60,"[2, 2, 2, 2]",4,2.0,0.06666666666666667,0.13333333333333333,2.0
T-LGL,PBN[trap_spaces],TAX,1,60,"[2, 2]",2,2.0,0.03333333333333333,0.06666666666666667,1.0
T-LGL,SM[brute-force],TAX,1,60,"[2, 2, 2, 2]",4,2.0,0.06666666666666667,0.13333333333333333,2.0
T-LGL,optbn[FP],TAX,1,60,"[2, 2, 2, 2, 2, 2, 2, 2, 2, 2, 2, 2, 2, 2, 2, 2, 2, 2, 2, 2]",20,2.0,0.3333333333333333,0.6666666666666666,10.0
T-LGL,optbn[SA],TAX,1,60,"[2, 2, 2, 2]",4,2.0,0.06666666666666667,0.13333333333333333,2.0
T-LGL,ActoNet,TBET,0,60,"[2, 2, 2, 2, 2, 2, 2, 2, 2, 2, 2, 2, 2, 2, 2, 2, 2, 2, 2]",19,2.0,0.31666666666666665,0.6333333333333333,9.5
T-LGL,BoNesis[FP],TBET,0,60,"[2, 2, 2, 2, 2, 2, 2, 2, 2, 2, 2, 2, 2, 2, 2, 2, 2, 2, 2]",19,2.0,0.31666666666666665,0.6333333333333333,9.5
T-LGL,BoNesis[MTS],TBET,0,60,[2],1,2.0,0.016666666666666666,0.03333333333333333,0.5
T-LGL,Caspo,TBET,0,60,[2],1,2.0,0.016666666666666666,0.03333333333333333,0.5
T-LGL,PBN[ASA],TBET,0,60,[2],1,2.0,0.016666666666666666,0.03333333333333333,0.5
T-LGL,PBN[SA],TBET,0,60,[2],1,2.0,0.016666666666666666,0.03333333333333333,0.5
T-LGL,PBN[percolation],TBET,0,60,[2],1,2.0,0.016666666666666666,0.03333333333333333,0.5
T-LGL,SM[brute-force],TBET,0,60,[2],1,2.0,0.016666666666666666,0.03333333333333333,0.5
T-LGL,optbn[FP],TBET,0,60,"[2, 2, 2, 2, 2, 2, 2, 2, 2, 2, 2, 2, 2, 2, 2, 2, 2, 2, 2]",19,2.0,0.31666666666666665,0.6333333333333333,9.5
T-LGL,optbn[SA],TBET,0,60,[2],1,2.0,0.016666666666666666,0.03333333333333333,0.5
T-LGL,ActoNet,TBET,1,60,"[2, 2, 2, 2, 2, 2, 2, 2, 2, 2, 2, 2, 2, 2, 2, 2, 2, 2, 2, 2]",20,2.0,0.3333333333333333,0.6666666666666666,10.0
T-LGL,BoNesis[FP],TBET,1,60,"[2, 2, 2, 2, 2, 2, 2, 2, 2, 2, 2, 2, 2, 2, 2, 2, 2, 2, 2, 2]",20,2.0,0.3333333333333333,0.6666666666666666,10.0
T-LGL,BoNesis[MTS],TBET,1,60,"[2, 2, 2, 2, 2, 2, 2, 2, 2, 2, 2, 2, 2, 2, 2, 2, 2, 2, 2]",19,2.0,0.31666666666666665,0.6333333333333333,9.5
T-LGL,Caspo,TBET,1,60,"[2, 2, 2, 2, 2, 2, 2, 2, 2, 2, 2, 2, 2, 2, 2]",15,2.0,0.25,0.5,7.5
T-LGL,PBN[ASA],TBET,1,60,"[2, 2, 2, 2, 2, 2, 2, 2, 2, 2, 2, 2, 2, 2, 2, 2, 2, 2, 2]",19,2.0,0.31666666666666665,0.6333333333333333,9.5
T-LGL,PBN[SA],TBET,1,60,"[2, 2, 2, 2, 2, 2, 2, 2, 2, 2, 2, 2, 2, 2, 2, 2, 2, 2, 2]",19,2.0,0.31666666666666665,0.6333333333333333,9.5
T-LGL,PBN[percolation],TBET,1,60,"[2, 2, 2, 2, 2, 2, 2, 2, 2, 2, 2, 2, 2, 2, 2]",15,2.0,0.25,0.5,7.5
T-LGL,PBN[trap_spaces],TBET,1,60,"[2, 2]",2,2.0,0.03333333333333333,0.06666666666666667,1.0
T-LGL,SM[brute-force],TBET,1,60,"[2, 2, 2, 2, 2, 2, 2, 2, 2, 2, 2, 2, 2, 2, 2]",15,2.0,0.25,0.5,7.5
T-LGL,optbn[FP],TBET,1,60,"[2, 2, 2, 2, 2, 2, 2, 2, 2, 2, 2, 2, 2, 2, 2, 2, 2, 2, 2, 2]",20,2.0,0.3333333333333333,0.6666666666666666,10.0
T-LGL,optbn[SA],TBET,1,60,"[2, 2, 2, 2, 2, 2, 2, 2, 2, 2, 2, 2, 2, 2, 2, 2, 2, 2, 2]",19,2.0,0.31666666666666665,0.6333333333333333,9.5
T-LGL,ActoNet,TCR,1,60,[2],1,2.0,0.016666666666666666,0.03333333333333333,0.5
T-LGL,BoNesis[FP],TCR,1,60,[2],1,2.0,0.016666666666666666,0.03333333333333333,0.5
T-LGL,optbn[FP],TCR,1,60,[2],1,2.0,0.016666666666666666,0.03333333333333333,0.5
T-LGL,ActoNet,TNF,1,60,[2],1,2.0,0.016666666666666666,0.03333333333333333,0.5
T-LGL,BoNesis[FP],TNF,1,60,[2],1,2.0,0.016666666666666666,0.03333333333333333,0.5
T-LGL,optbn[FP],TNF,1,60,[2],1,2.0,0.016666666666666666,0.03333333333333333,0.5
T-LGL,ActoNet,TPL2,1,60,"[2, 2, 2, 2, 2, 2, 2, 2, 2, 2, 2, 2, 2, 2, 2, 2, 2, 2, 2, 2]",20,2.0,0.3333333333333333,0.6666666666666666,10.0
T-LGL,BoNesis[FP],TPL2,1,60,"[2, 2, 2, 2, 2, 2, 2, 2, 2, 2, 2, 2, 2, 2, 2, 2, 2, 2, 2, 2]",20,2.0,0.3333333333333333,0.6666666666666666,10.0
T-LGL,BoNesis[MTS],TPL2,1,60,"[2, 2, 2, 2]",4,2.0,0.06666666666666667,0.13333333333333333,2.0
T-LGL,Caspo,TPL2,1,60,"[2, 2, 2, 2]",4,2.0,0.06666666666666667,0.13333333333333333,2.0
T-LGL,PBN[ASA],TPL2,1,60,"[2, 2, 2, 2]",4,2.0,0.06666666666666667,0.13333333333333333,2.0
T-LGL,PBN[SA],TPL2,1,60,"[2, 2, 2, 2]",4,2.0,0.06666666666666667,0.13333333333333333,2.0
T-LGL,PBN[percolation],TPL2,1,60,"[2, 2, 2, 2]",4,2.0,0.06666666666666667,0.13333333333333333,2.0
T-LGL,SM[brute-force],TPL2,1,60,"[2, 2, 2, 2]",4,2.0,0.06666666666666667,0.13333333333333333,2.0
T-LGL,optbn[FP],TPL2,1,60,"[2, 2, 2, 2, 2, 2, 2, 2, 2, 2, 2, 2, 2, 2, 2, 2, 2, 2, 2, 2]",20,2.0,0.3333333333333333,0.6666666666666666,10.0
T-LGL,optbn[SA],TPL2,1,60,"[2, 2, 2, 2]",4,2.0,0.06666666666666667,0.13333333333333333,2.0
T-LGL,ActoNet,TRADD,1,60,[2],1,2.0,0.016666666666666666,0.03333333333333333,0.5
T-LGL,BoNesis[FP],TRADD,1,60,[2],1,2.0,0.016666666666666666,0.03333333333333333,0.5
T-LGL,BoNesis[MTS],TRADD,1,60,[2],1,2.0,0.016666666666666666,0.03333333333333333,0.5
T-LGL,Caspo,TRADD,1,60,[2],1,2.0,0.016666666666666666,0.03333333333333333,0.5
T-LGL,PBN[ASA],TRADD,1,60,[2],1,2.0,0.016666666666666666,0.03333333333333333,0.5
T-LGL,PBN[SA],TRADD,1,60,[2],1,2.0,0.016666666666666666,0.03333333333333333,0.5
T-LGL,PBN[percolation],TRADD,1,60,[2],1,2.0,0.016666666666666666,0.03333333333333333,0.5
T-LGL,SM[brute-force],TRADD,1,60,[2],1,2.0,0.016666666666666666,0.03333333333333333,0.5
T-LGL,optbn[FP],TRADD,1,60,[2],1,2.0,0.016666666666666666,0.03333333333333333,0.5
T-LGL,optbn[SA],TRADD,1,60,[2],1,2.0,0.016666666666666666,0.03333333333333333,0.5
T-LGL,ActoNet,ZAP70,1,60,"[2, 2, 2, 2, 2, 2, 2, 2, 2, 2, 2, 2, 2, 2, 2, 2]",16,2.0,0.26666666666666666,0.5333333333333333,8.0
T-LGL,BoNesis[FP],ZAP70,1,60,"[2, 2, 2, 2, 2, 2, 2, 2, 2, 2, 2, 2, 2, 2, 2, 2]",16,2.0,0.26666666666666666,0.5333333333333333,8.0
T-LGL,BoNesis[MTS],ZAP70,1,60,"[2, 2, 2, 2]",4,2.0,0.06666666666666667,0.13333333333333333,2.0
T-LGL,PBN[ASA],ZAP70,1,60,"[2, 2, 2, 2]",4,2.0,0.06666666666666667,0.13333333333333333,2.0
T-LGL,PBN[SA],ZAP70,1,60,"[2, 2, 2, 2]",4,2.0,0.06666666666666667,0.13333333333333333,2.0
T-LGL,optbn[FP],ZAP70,1,60,"[2, 2, 2, 2, 2, 2, 2, 2, 2, 2, 2, 2, 2, 2, 2, 2]",16,2.0,0.26666666666666666,0.5333333333333333,8.0
T-LGL,optbn[SA],ZAP70,1,60,"[2, 2, 2, 2]",4,2.0,0.06666666666666667,0.13333333333333333,2.0
Tonello_1,BoNesis[MTS],x1,0,3,[1],1,1.0,1.0,1.0,1.0
Tonello_1,Caspo,x1,0,3,[1],1,1.0,1.0,1.0,1.0
Tonello_1,PBN[SA],x1,0,3,[1],1,1.0,1.0,1.0,1.0
Tonello_1,PBN[percolation],x1,0,3,[1],1,1.0,1.0,1.0,1.0
Tonello_1,SM[brute-force],x1,0,3,[1],1,1.0,1.0,1.0,1.0
Tonello_1,optbn[SA],x1,0,3,[1],1,1.0,1.0,1.0,1.0
Tonello_1,BoNesis[MTS],x2,0,3,[1],1,1.0,1.0,1.0,1.0
Tonello_1,Caspo,x2,0,3,[1],1,1.0,1.0,1.0,1.0
Tonello_1,PBN[SA],x2,0,3,[1],1,1.0,1.0,1.0,1.0
Tonello_1,PBN[percolation],x2,0,3,[1],1,1.0,1.0,1.0,1.0
Tonello_1,SM[brute-force],x2,0,3,[1],1,1.0,1.0,1.0,1.0
Tonello_1,optbn[SA],x2,0,3,[1],1,1.0,1.0,1.0,1.0
Tonello_1,BoNesis[MTS],x2,1,3,[1],1,1.0,1.0,1.0,1.0
Tonello_1,Caspo,x2,1,3,[1],1,1.0,1.0,1.0,1.0
Tonello_1,PBN[SA],x2,1,3,[1],1,1.0,1.0,1.0,1.0
Tonello_1,PBN[percolation],x2,1,3,[1],1,1.0,1.0,1.0,1.0
Tonello_1,SM[brute-force],x2,1,3,[1],1,1.0,1.0,1.0,1.0
Tonello_1,optbn[SA],x2,1,3,[1],1,1.0,1.0,1.0,1.0
Tonello_1,BoNesis[MTS],x3,0,3,[1],1,1.0,1.0,1.0,1.0
Tonello_1,Caspo,x3,0,3,[1],1,1.0,1.0,1.0,1.0
Tonello_1,PBN[SA],x3,0,3,[1],1,1.0,1.0,1.0,1.0
Tonello_1,PBN[percolation],x3,0,3,[1],1,1.0,1.0,1.0,1.0
Tonello_1,SM[brute-force],x3,0,3,[1],1,1.0,1.0,1.0,1.0
Tonello_1,optbn[SA],x3,0,3,[1],1,1.0,1.0,1.0,1.0
Tonello_1,BoNesis[MTS],x3,1,3,[1],1,1.0,1.0,1.0,1.0
Tonello_1,Caspo,x3,1,3,[1],1,1.0,1.0,1.0,1.0
Tonello_1,PBN[SA],x3,1,3,[1],1,1.0,1.0,1.0,1.0
Tonello_1,PBN[percolation],x3,1,3,[1],1,1.0,1.0,1.0,1.0
Tonello_1,SM[brute-force],x3,1,3,[1],1,1.0,1.0,1.0,1.0
Tonello_1,optbn[SA],x3,1,3,[1],1,1.0,1.0,1.0,1.0
Tonello_2,BoNesis[MTS],x1,0,3,[1],1,1.0,1.0,1.0,1.0
Tonello_2,Caspo,x1,0,3,[1],1,1.0,1.0,1.0,1.0
Tonello_2,PBN[ASA],x1,0,3,[1],1,1.0,1.0,1.0,1.0
Tonello_2,PBN[percolation],x1,0,3,[1],1,1.0,1.0,1.0,1.0
Tonello_2,SM[brute-force],x1,0,3,[1],1,1.0,1.0,1.0,1.0
Tonello_2,BoNesis[MTS],x2,0,3,[1],1,1.0,1.0,1.0,1.0
Tonello_2,Caspo,x2,0,3,[1],1,1.0,1.0,1.0,1.0
Tonello_2,PBN[ASA],x2,0,3,[1],1,1.0,1.0,1.0,1.0
Tonello_2,PBN[percolation],x2,0,3,[1],1,1.0,1.0,1.0,1.0
Tonello_2,SM[brute-force],x2,0,3,[1],1,1.0,1.0,1.0,1.0
Tonello_2,BoNesis[MTS],x3,0,3,[1],1,1.0,1.0,1.0,1.0
Tonello_2,Caspo,x3,0,3,[1],1,1.0,1.0,1.0,1.0
Tonello_2,PBN[ASA],x3,0,3,[1],1,1.0,1.0,1.0,1.0
Tonello_2,PBN[percolation],x3,0,3,[1],1,1.0,1.0,1.0,1.0
Tonello_2,SM[brute-force],x3,0,3,[1],1,1.0,1.0,1.0,1.0
Tonello_3,Caspo,x1,0,3,[1],1,1.0,1.0,1.0,1.0
Tonello_3,PBN[ASA],x1,0,3,[1],1,1.0,1.0,1.0,1.0
Tonello_3,PBN[SA],x1,0,3,[1],1,1.0,1.0,1.0,1.0
Tonello_3,PBN[percolation],x1,0,3,[1],1,1.0,1.0,1.0,1.0
Tonello_3,SM[brute-force],x1,0,3,[1],1,1.0,1.0,1.0,1.0
Tonello_3,optbn[SA],x1,0,3,[1],1,1.0,1.0,1.0,1.0
Tonello_3,PBN[ASA],x2,0,3,[1],1,1.0,1.0,1.0,1.0
Tonello_3,PBN[SA],x2,0,3,[1],1,1.0,1.0,1.0,1.0
Tonello_3,optbn[SA],x2,0,3,[1],1,1.0,1.0,1.0,1.0
Tonello_3,Caspo,x3,1,3,[1],1,1.0,1.0,1.0,1.0
Tonello_3,PBN[ASA],x3,1,3,[1],1,1.0,1.0,1.0,1.0
Tonello_3,PBN[SA],x3,1,3,[1],1,1.0,1.0,1.0,1.0
Tonello_3,PBN[percolation],x3,1,3,[1],1,1.0,1.0,1.0,1.0
Tonello_3,SM[brute-force],x3,1,3,[1],1,1.0,1.0,1.0,1.0
Tonello_3,optbn[SA],x3,1,3,[1],1,1.0,1.0,1.0,1.0
TumorInvasion,CABEAN[TTC],AKT1,1,32,[2],1,2.0,0.03125,0.0625,0.5
TumorInvasion,ActoNet,AKT2,1,32,"[2, 2, 2, 2, 2, 2]",6,2.0,0.1875,0.375,3.0
TumorInvasion,BoNesis[FP],AKT2,1,32,"[2, 2, 2, 2, 2, 2]",6,2.0,0.1875,0.375,3.0
TumorInvasion,BoNesis[MTS],AKT2,1,32,"[2, 2, 2, 2, 2]",5,2.0,0.15625,0.3125,2.5
TumorInvasion,CABEAN[PTC],AKT2,1,32,[2],1,2.0,0.03125,0.0625,0.5
TumorInvasion,CABEAN[TTC],AKT2,1,32,[2],1,2.0,0.03125,0.0625,0.5
TumorInvasion,Caspo,AKT2,1,32,"[2, 2]",2,2.0,0.0625,0.125,1.0
TumorInvasion,PBN[ASA],AKT2,1,32,"[2, 2, 2, 2, 2]",5,2.0,0.15625,0.3125,2.5
TumorInvasion,PBN[SA],AKT2,1,32,"[2, 2]",2,2.0,0.0625,0.125,1.0
TumorInvasion,PBN[percolation],AKT2,1,32,"[2, 2]",2,2.0,0.0625,0.125,1.0
TumorInvasion,PBN[trap_spaces],AKT2,1,32,[2],1,2.0,0.03125,0.0625,0.5
TumorInvasion,SM[brute-force],AKT2,1,32,"[2, 2]",2,2.0,0.0625,0.125,1.0
TumorInvasion,optbn[FP],AKT2,1,32,"[2, 2, 2, 2, 2, 2]",6,2.0,0.1875,0.375,3.0
TumorInvasion,optbn[SA],AKT2,1,32,"[2, 2]",2,2.0,0.0625,0.125,1.0
TumorInvasion,ActoNet,DNAdamage,0,32,[2],1,2.0,0.03125,0.0625,0.5
TumorInvasion,BoNesis[FP],DNAdamage,0,32,[2],1,2.0,0.03125,0.0625,0.5
TumorInvasion,BoNesis[MTS],DNAdamage,0,32,[2],1,2.0,0.03125,0.0625,0.5
TumorInvasion,CABEAN[PTC],DNAdamage,0,32,[2],1,2.0,0.03125,0.0625,0.5
TumorInvasion,CABEAN[TTC],DNAdamage,0,32,[2],1,2.0,0.03125,0.0625,0.5
TumorInvasion,PBN[ASA],DNAdamage,0,32,[2],1,2.0,0.03125,0.0625,0.5
TumorInvasion,PBN[SA],DNAdamage,0,32,[2],1,2.0,0.03125,0.0625,0.5
TumorInvasion,PBN[trap_spaces],DNAdamage,0,32,[2],1,2.0,0.03125,0.0625,0.5
TumorInvasion,SM[internal],DNAdamage,0,32,[2],1,2.0,0.03125,0.0625,0.5
TumorInvasion,SM[minimal],DNAdamage,0,32,[2],1,2.0,0.03125,0.0625,0.5
TumorInvasion,optbn[FP],DNAdamage,0,32,[2],1,2.0,0.03125,0.0625,0.5
TumorInvasion,optbn[SA],DNAdamage,0,32,[2],1,2.0,0.03125,0.0625,0.5
TumorInvasion,ActoNet,ECMicroenv,1,32,"[2, 2]",2,2.0,0.0625,0.125,1.0
TumorInvasion,BoNesis[FP],ECMicroenv,1,32,"[2, 2]",2,2.0,0.0625,0.125,1.0
TumorInvasion,BoNesis[MTS],ECMicroenv,1,32,"[2, 2]",2,2.0,0.0625,0.125,1.0
TumorInvasion,CABEAN[PTC],ECMicroenv,1,32,"[2, 2]",2,2.0,0.0625,0.125,1.0
TumorInvasion,CABEAN[TTC],ECMicroenv,1,32,"[2, 2, 2]",3,2.0,0.09375,0.1875,1.5
TumorInvasion,Caspo,ECMicroenv,1,32,[2],1,2.0,0.03125,0.0625,0.5
TumorInvasion,PBN[ASA],ECMicroenv,1,32,"[2, 2]",2,2.0,0.0625,0.125,1.0
TumorInvasion,PBN[SA],ECMicroenv,1,32,"[2, 2]",2,2.0,0.0625,0.125,1.0
TumorInvasion,PBN[percolation],ECMicroenv,1,32,[2],1,2.0,0.03125,0.0625,0.5
TumorInvasion,PBN[trap_spaces],ECMicroenv,1,32,"[2, 2]",2,2.0,0.0625,0.125,1.0
TumorInvasion,SM[brute-force],ECMicroenv,1,32,[2],1,2.0,0.03125,0.0625,0.5
TumorInvasion,SM[internal],ECMicroenv,1,32,[2],1,2.0,0.03125,0.0625,0.5
TumorInvasion,SM[minimal],ECMicroenv,1,32,[2],1,2.0,0.03125,0.0625,0.5
TumorInvasion,optbn[FP],ECMicroenv,1,32,"[2, 2]",2,2.0,0.0625,0.125,1.0
TumorInvasion,optbn[SA],ECMicroenv,1,32,"[2, 2]",2,2.0,0.0625,0.125,1.0
TumorInvasion,ActoNet,Invasion,1,32,[2],1,2.0,0.03125,0.0625,0.5
TumorInvasion,BoNesis[FP],Invasion,1,32,[2],1,2.0,0.03125,0.0625,0.5
TumorInvasion,BoNesis[MTS],Invasion,1,32,[2],1,2.0,0.03125,0.0625,0.5
TumorInvasion,PBN[ASA],Invasion,1,32,[2],1,2.0,0.03125,0.0625,0.5
TumorInvasion,optbn[FP],Invasion,1,32,[2],1,2.0,0.03125,0.0625,0.5
TumorInvasion,ActoNet,NICD,1,32,"[2, 2, 2, 2]",4,2.0,0.125,0.25,2.0
TumorInvasion,BoNesis[FP],NICD,1,32,"[2, 2, 2, 2]",4,2.0,0.125,0.25,2.0
TumorInvasion,BoNesis[MTS],NICD,1,32,"[2, 2, 2, 2]",4,2.0,0.125,0.25,2.0
TumorInvasion,Caspo,NICD,1,32,"[2, 2]",2,2.0,0.0625,0.125,1.0
TumorInvasion,PBN[ASA],NICD,1,32,"[2, 2, 2, 2]",4,2.0,0.125,0.25,2.0
TumorInvasion,PBN[SA],NICD,1,32,"[2, 2, 2, 2]",4,2.0,0.125,0.25,2.0
TumorInvasion,PBN[percolation],NICD,1,32,"[2, 2]",2,2.0,0.0625,0.125,1.0
TumorInvasion,SM[brute-force],NICD,1,32,"[2, 2]",2,2.0,0.0625,0.125,1.0
TumorInvasion,optbn[FP],NICD,1,32,"[2, 2, 2, 2]",4,2.0,0.125,0.25,2.0
TumorInvasion,optbn[SA],NICD,1,32,"[2, 2, 2, 2]",4,2.0,0.125,0.25,2.0
TumorInvasion,ActoNet,SMAD,1,32,[2],1,2.0,0.03125,0.0625,0.5
TumorInvasion,BoNesis[FP],SMAD,1,32,[2],1,2.0,0.03125,0.0625,0.5
TumorInvasion,BoNesis[MTS],SMAD,1,32,[2],1,2.0,0.03125,0.0625,0.5
TumorInvasion,PBN[ASA],SMAD,1,32,[2],1,2.0,0.03125,0.0625,0.5
TumorInvasion,optbn[FP],SMAD,1,32,[2],1,2.0,0.03125,0.0625,0.5
TumorInvasion,ActoNet,SNAI1,0,32,[2],1,2.0,0.03125,0.0625,0.5
TumorInvasion,BoNesis[FP],SNAI1,0,32,[2],1,2.0,0.03125,0.0625,0.5
TumorInvasion,optbn[FP],SNAI1,0,32,[2],1,2.0,0.03125,0.0625,0.5
TumorInvasion,ActoNet,SNAI2,1,32,[2],1,2.0,0.03125,0.0625,0.5
TumorInvasion,BoNesis[FP],SNAI2,1,32,[2],1,2.0,0.03125,0.0625,0.5
TumorInvasion,BoNesis[MTS],SNAI2,1,32,[2],1,2.0,0.03125,0.0625,0.5
TumorInvasion,Caspo,SNAI2,1,32,[2],1,2.0,0.03125,0.0625,0.5
TumorInvasion,PBN[ASA],SNAI2,1,32,[2],1,2.0,0.03125,0.0625,0.5
TumorInvasion,PBN[SA],SNAI2,1,32,[2],1,2.0,0.03125,0.0625,0.5
TumorInvasion,PBN[percolation],SNAI2,1,32,[2],1,2.0,0.03125,0.0625,0.5
TumorInvasion,SM[brute-force],SNAI2,1,32,[2],1,2.0,0.03125,0.0625,0.5
TumorInvasion,optbn[FP],SNAI2,1,32,[2],1,2.0,0.03125,0.0625,0.5
TumorInvasion,optbn[SA],SNAI2,1,32,[2],1,2.0,0.03125,0.0625,0.5
TumorInvasion,ActoNet,TGFbeta,1,32,[2],1,2.0,0.03125,0.0625,0.5
TumorInvasion,BoNesis[FP],TGFbeta,1,32,[2],1,2.0,0.03125,0.0625,0.5
TumorInvasion,BoNesis[MTS],TGFbeta,1,32,[2],1,2.0,0.03125,0.0625,0.5
TumorInvasion,PBN[ASA],TGFbeta,1,32,[2],1,2.0,0.03125,0.0625,0.5
TumorInvasion,optbn[FP],TGFbeta,1,32,[2],1,2.0,0.03125,0.0625,0.5
TumorInvasion,ActoNet,p53,0,32,[2],1,2.0,0.03125,0.0625,0.5
TumorInvasion,BoNesis[FP],p53,0,32,[2],1,2.0,0.03125,0.0625,0.5
TumorInvasion,BoNesis[MTS],p53,0,32,[2],1,2.0,0.03125,0.0625,0.5
TumorInvasion,PBN[ASA],p53,0,32,[2],1,2.0,0.03125,0.0625,0.5
TumorInvasion,PBN[SA],p53,0,32,[2],1,2.0,0.03125,0.0625,0.5
TumorInvasion,optbn[FP],p53,0,32,[2],1,2.0,0.03125,0.0625,0.5
TumorInvasion,optbn[SA],p53,0,32,[2],1,2.0,0.03125,0.0625,0.5
TumorInvasion,ActoNet,p73,1,32,[2],1,2.0,0.03125,0.0625,0.5
TumorInvasion,BoNesis[FP],p73,1,32,[2],1,2.0,0.03125,0.0625,0.5
TumorInvasion,BoNesis[MTS],p73,1,32,[2],1,2.0,0.03125,0.0625,0.5
TumorInvasion,PBN[ASA],p73,1,32,[2],1,2.0,0.03125,0.0625,0.5
TumorInvasion,PBN[SA],p73,1,32,[2],1,2.0,0.03125,0.0625,0.5
TumorInvasion,optbn[FP],p73,1,32,[2],1,2.0,0.03125,0.0625,0.5
TumorInvasion,optbn[SA],p73,1,32,[2],1,2.0,0.03125,0.0625,0.5
ce_long_attr,Caspo,x2,0,3,[2],1,2.0,0.3333333333333333,0.6666666666666666,0.5
ce_long_attr,PBN[percolation],x2,0,3,[2],1,2.0,0.3333333333333333,0.6666666666666666,0.5
ce_long_attr,SM[brute-force],x2,0,3,[2],1,2.0,0.3333333333333333,0.6666666666666666,0.5
ce_long_attr,BoNesis[MTS],x3,0,3,[1],1,1.0,1.0,1.0,1.0
ce_long_attr,Caspo,x3,0,3,[2],1,2.0,0.3333333333333333,0.6666666666666666,0.5
ce_long_attr,PBN[ASA],x3,0,3,[1],1,1.0,1.0,1.0,1.0
ce_long_attr,PBN[SA],x3,0,3,[1],1,1.0,1.0,1.0,1.0
ce_long_attr,PBN[percolation],x3,0,3,[2],1,2.0,0.3333333333333333,0.6666666666666666,0.5
ce_long_attr,SM[brute-force],x3,0,3,[2],1,2.0,0.3333333333333333,0.6666666666666666,0.5
ce_long_attr,optbn[SA],x3,0,3,[1],1,1.0,1.0,1.0,1.0
ce_yes_ASA_no_MTS,BoNesis[MTS],PHENOTYPE,1,4,[1],1,1.0,1.0,1.0,1.0
ce_yes_ASA_no_MTS,Caspo,PHENOTYPE,1,4,[1],1,1.0,1.0,1.0,1.0
ce_yes_ASA_no_MTS,PBN[percolation],PHENOTYPE,1,4,[1],1,1.0,1.0,1.0,1.0
ce_yes_ASA_no_MTS,SM[brute-force],PHENOTYPE,1,4,[1],1,1.0,1.0,1.0,1.0
ce_yes_ASA_no_MTS,BoNesis[MTS],x1,0,4,[1],1,1.0,1.0,1.0,1.0
ce_yes_ASA_no_MTS,Caspo,x1,0,4,[1],1,1.0,1.0,1.0,1.0
ce_yes_ASA_no_MTS,PBN[percolation],x1,0,4,[1],1,1.0,1.0,1.0,1.0
ce_yes_ASA_no_MTS,SM[brute-force],x1,0,4,[1],1,1.0,1.0,1.0,1.0
ce_yes_ASA_no_MTS,BoNesis[MTS],x1,1,4,[1],1,1.0,1.0,1.0,1.0
ce_yes_ASA_no_MTS,Caspo,x1,1,4,[1],1,1.0,1.0,1.0,1.0
ce_yes_ASA_no_MTS,PBN[percolation],x1,1,4,[1],1,1.0,1.0,1.0,1.0
ce_yes_ASA_no_MTS,SM[brute-force],x1,1,4,[1],1,1.0,1.0,1.0,1.0
ce_yes_ASA_no_MTS,BoNesis[MTS],x2,1,4,[1],1,1.0,1.0,1.0,1.0
ce_yes_ASA_no_MTS,Caspo,x2,1,4,[1],1,1.0,1.0,1.0,1.0
ce_yes_ASA_no_MTS,PBN[percolation],x2,1,4,[1],1,1.0,1.0,1.0,1.0
ce_yes_ASA_no_MTS,SM[brute-force],x2,1,4,[1],1,1.0,1.0,1.0,1.0
ce_yes_ASA_no_MTS,BoNesis[MTS],x3,0,4,[1],1,1.0,1.0,1.0,1.0
ce_yes_ASA_no_MTS,BoNesis[MTS],x3,1,4,[1],1,1.0,1.0,1.0,1.0
ce_yes_ASA_no_MTS,Caspo,x3,1,4,[1],1,1.0,1.0,1.0,1.0
ce_yes_ASA_no_MTS,PBN[percolation],x3,1,4,[1],1,1.0,1.0,1.0,1.0
ce_yes_ASA_no_MTS,SM[brute-force],x3,1,4,[1],1,1.0,1.0,1.0,1.0
ce_yes_OI_no_OT,ActoNet,PHENOTYPE,1,4,[1],1,1.0,1.0,1.0,1.0
ce_yes_OI_no_OT,BoNesis[FP],PHENOTYPE,1,4,[1],1,1.0,1.0,1.0,1.0
ce_yes_OI_no_OT,BoNesis[MTS],PHENOTYPE,1,4,[1],1,1.0,1.0,1.0,1.0
ce_yes_OI_no_OT,Caspo,PHENOTYPE,1,4,[1],1,1.0,1.0,1.0,1.0
ce_yes_OI_no_OT,PBN[ASA],PHENOTYPE,1,4,[1],1,1.0,1.0,1.0,1.0
ce_yes_OI_no_OT,PBN[SA],PHENOTYPE,1,4,[1],1,1.0,1.0,1.0,1.0
ce_yes_OI_no_OT,PBN[percolation],PHENOTYPE,1,4,[1],1,1.0,1.0,1.0,1.0
ce_yes_OI_no_OT,SM[brute-force],PHENOTYPE,1,4,[1],1,1.0,1.0,1.0,1.0
ce_yes_OI_no_OT,optbn[FP],PHENOTYPE,1,4,[1],1,1.0,1.0,1.0,1.0
ce_yes_OI_no_OT,optbn[SA],PHENOTYPE,1,4,[1],1,1.0,1.0,1.0,1.0
ce_yes_OI_no_OT,ActoNet,x1,1,4,[1],1,1.0,1.0,1.0,1.0
ce_yes_OI_no_OT,BoNesis[FP],x1,1,4,[1],1,1.0,1.0,1.0,1.0
ce_yes_OI_no_OT,BoNesis[MTS],x1,1,4,[1],1,1.0,1.0,1.0,1.0
ce_yes_OI_no_OT,CABEAN[ITC],x1,1,4,[2],1,2.0,0.25,0.5,0.5
ce_yes_OI_no_OT,CABEAN[PTC],x1,1,4,[1],1,1.0,1.0,1.0,1.0
ce_yes_OI_no_OT,CABEAN[TTC],x1,1,4,[1],1,1.0,1.0,1.0,1.0
ce_yes_OI_no_OT,Caspo,x1,1,4,[1],1,1.0,1.0,1.0,1.0
ce_yes_OI_no_OT,PBN[ASA],x1,1,4,[1],1,1.0,1.0,1.0,1.0
ce_yes_OI_no_OT,PBN[SA],x1,1,4,[1],1,1.0,1.0,1.0,1.0
ce_yes_OI_no_OT,PBN[percolation],x1,1,4,[1],1,1.0,1.0,1.0,1.0
ce_yes_OI_no_OT,PBN[trap_spaces],x1,1,4,[1],1,1.0,1.0,1.0,1.0
ce_yes_OI_no_OT,SM[brute-force],x1,1,4,[1],1,1.0,1.0,1.0,1.0
ce_yes_OI_no_OT,SM[internal],x1,1,4,[1],1,1.0,1.0,1.0,1.0
ce_yes_OI_no_OT,SM[minimal],x1,1,4,[1],1,1.0,1.0,1.0,1.0
ce_yes_OI_no_OT,optbn[FP],x1,1,4,[1],1,1.0,1.0,1.0,1.0
ce_yes_OI_no_OT,optbn[SA],x1,1,4,[1],1,1.0,1.0,1.0,1.0
ce_yes_OI_no_OT,ActoNet,x2,1,4,[1],1,1.0,1.0,1.0,1.0
ce_yes_OI_no_OT,BoNesis[FP],x2,1,4,[1],1,1.0,1.0,1.0,1.0
ce_yes_OI_no_OT,BoNesis[MTS],x2,1,4,[1],1,1.0,1.0,1.0,1.0
ce_yes_OI_no_OT,CABEAN[ITC],x2,1,4,[2],1,2.0,0.25,0.5,0.5
ce_yes_OI_no_OT,CABEAN[PTC],x2,1,4,[1],1,1.0,1.0,1.0,1.0
ce_yes_OI_no_OT,CABEAN[TTC],x2,1,4,[1],1,1.0,1.0,1.0,1.0
ce_yes_OI_no_OT,Caspo,x2,1,4,[1],1,1.0,1.0,1.0,1.0
ce_yes_OI_no_OT,PBN[ASA],x2,1,4,[1],1,1.0,1.0,1.0,1.0
ce_yes_OI_no_OT,PBN[SA],x2,1,4,[1],1,1.0,1.0,1.0,1.0
ce_yes_OI_no_OT,PBN[percolation],x2,1,4,[1],1,1.0,1.0,1.0,1.0
ce_yes_OI_no_OT,PBN[trap_spaces],x2,1,4,[1],1,1.0,1.0,1.0,1.0
ce_yes_OI_no_OT,SM[brute-force],x2,1,4,[1],1,1.0,1.0,1.0,1.0
ce_yes_OI_no_OT,SM[internal],x2,1,4,[1],1,1.0,1.0,1.0,1.0
ce_yes_OI_no_OT,SM[minimal],x2,1,4,[1],1,1.0,1.0,1.0,1.0
ce_yes_OI_no_OT,optbn[FP],x2,1,4,[1],1,1.0,1.0,1.0,1.0
ce_yes_OI_no_OT,optbn[SA],x2,1,4,[1],1,1.0,1.0,1.0,1.0
ce_yes_P_no_R,ActoNet,x1,0,2,[1],1,1.0,1.0,1.0,1.0
ce_yes_P_no_R,BoNesis[FP],x1,0,2,[1],1,1.0,1.0,1.0,1.0
ce_yes_P_no_R,BoNesis[MTS],x1,0,2,[1],1,1.0,1.0,1.0,1.0
ce_yes_P_no_R,Caspo,x1,0,2,[1],1,1.0,1.0,1.0,1.0
ce_yes_P_no_R,PBN[ASA],x1,0,2,[1],1,1.0,1.0,1.0,1.0
ce_yes_P_no_R,PBN[SA],x1,0,2,[1],1,1.0,1.0,1.0,1.0
ce_yes_P_no_R,PBN[percolation],x1,0,2,[1],1,1.0,1.0,1.0,1.0
ce_yes_P_no_R,SM[brute-force],x1,0,2,[1],1,1.0,1.0,1.0,1.0
ce_yes_P_no_R,optbn[FP],x1,0,2,[1],1,1.0,1.0,1.0,1.0
ce_yes_P_no_R,optbn[SA],x1,0,2,[1],1,1.0,1.0,1.0,1.0
ce_yes_R_no_P,CABEAN[ITC],x1,0,2,[1],1,1.0,1.0,1.0,1.0
ce_yes_R_no_P,CABEAN[TTC],x1,0,2,[1],1,1.0,1.0,1.0,1.0
ce_yes_R_no_P,SM[minimal],x1,0,2,[1],1,1.0,1.0,1.0,1.0
ce_yes_R_no_P,ActoNet,x2,1,2,[1],1,1.0,1.0,1.0,1.0
ce_yes_R_no_P,BoNesis[FP],x2,1,2,[1],1,1.0,1.0,1.0,1.0
ce_yes_R_no_P,BoNesis[MTS],x2,1,2,[1],1,1.0,1.0,1.0,1.0
ce_yes_R_no_P,CABEAN[PTC],x2,1,2,[1],1,1.0,1.0,1.0,1.0
ce_yes_R_no_P,CABEAN[TTC],x2,1,2,[1],1,1.0,1.0,1.0,1.0
ce_yes_R_no_P,Caspo,x2,1,2,[1],1,1.0,1.0,1.0,1.0
ce_yes_R_no_P,PBN[ASA],x2,1,2,[1],1,1.0,1.0,1.0,1.0
ce_yes_R_no_P,PBN[SA],x2,1,2,[1],1,1.0,1.0,1.0,1.0
ce_yes_R_no_P,PBN[percolation],x2,1,2,[1],1,1.0,1.0,1.0,1.0
ce_yes_R_no_P,PBN[trap_spaces],x2,1,2,[1],1,1.0,1.0,1.0,1.0
ce_yes_R_no_P,SM[brute-force],x2,1,2,[1],1,1.0,1.0,1.0,1.0
ce_yes_R_no_P,SM[internal],x2,1,2,[1],1,1.0,1.0,1.0,1.0
ce_yes_R_no_P,SM[minimal],x2,1,2,[1],1,1.0,1.0,1.0,1.0
ce_yes_R_no_P,optbn[FP],x2,1,2,[1],1,1.0,1.0,1.0,1.0
ce_yes_R_no_P,optbn[SA],x2,1,2,[1],1,1.0,1.0,1.0,1.0
