Instance,Algorithm,BN_size,ControlSize,Genes
Bladder,ActoNet,35,1.0,{'FGFR3': 0}
Bladder,ActoNet,35,1.0,{'RAS': 0}
Bladder,ActoNet,35,1.0,{'SPRY': 0}
Bladder,ActoNet,35,2.0,"{'ATM_b1': 1, 'RB1': 1}"
Bladder,ActoNet,35,2.0,"{'ATM_b1': 1, 'p16INK4a': 0}"
Bladder,ActoNet,35,2.0,"{'Apoptosis_b1': 1, 'RB1': 1}"
Bladder,ActoNet,35,2.0,"{'DNAdamage': 1, 'RB1': 1}"
Bladder,ActoNet,35,2.0,"{'DNAdamage': 1, 'p16INK4a': 0}"
Bladder,ActoNet,35,2.0,"{'RB1': 1, 'TP53': 1}"
Bladder,BoNesis[FP],35,1.0,{'FGFR3': 0}
Bladder,BoNesis[FP],35,1.0,{'RAS': 0}
Bladder,BoNesis[FP],35,1.0,{'SPRY': 0}
Bladder,BoNesis[FP],35,2.0,"{'ATM_b1': 1, 'RB1': 1}"
Bladder,BoNesis[FP],35,2.0,"{'ATM_b1': 1, 'p16INK4a': 0}"
Bladder,BoNesis[FP],35,2.0,"{'Apoptosis_b1': 1, 'RB1': 1}"
Bladder,BoNesis[FP],35,2.0,"{'DNAdamage': 1, 'RB1': 1}"
Bladder,BoNesis[FP],35,2.0,"{'DNAdamage': 1, 'p16INK4a': 0}"
Bladder,BoNesis[FP],35,2.0,"{'RB1': 1, 'TP53': 1}"
Bladder,BoNesis[MTS],35,2.0,"{'ATM_b1': 1, 'RB1': 1}"
Bladder,BoNesis[MTS],35,2.0,"{'ATM_b1': 1, 'p16INK4a': 0}"
Bladder,BoNesis[MTS],35,2.0,"{'Apoptosis_b1': 1, 'RB1': 1}"
Bladder,BoNesis[MTS],35,2.0,"{'DNAdamage': 1, 'RB1': 1}"
Bladder,BoNesis[MTS],35,2.0,"{'DNAdamage': 1, 'p16INK4a': 0}"
Bladder,BoNesis[MTS],35,2.0,"{'RB1': 1, 'TP53': 1}"
Bladder,CABEAN[ITC],35,inf,{}
Bladder,CABEAN[PTC],35,2.0,"{'DNAdamage': 1, 'RB1': 1}"
Bladder,CABEAN[PTC],35,2.0,"{'DNAdamage': 1, 'p16INK4a': 0}"
Bladder,CABEAN[TTC],35,2.0,"{'DNAdamage': 1, 'RB1': 1}"
Bladder,CABEAN[TTC],35,2.0,"{'DNAdamage': 1, 'p16INK4a': 0}"
Bladder,Caspo,35,2.0,"{'ATM_b1': 1, 'RB1': 1}"
Bladder,Caspo,35,2.0,"{'ATM_b1': 1, 'p16INK4a': 0}"
Bladder,Caspo,35,2.0,"{'Apoptosis_b1': 1, 'RB1': 1}"
Bladder,Caspo,35,2.0,"{'DNAdamage': 1, 'RB1': 1}"
Bladder,Caspo,35,2.0,"{'DNAdamage': 1, 'p16INK4a': 0}"
Bladder,Caspo,35,2.0,"{'RB1': 1, 'TP53': 1}"
Bladder,optbn[FP],35,1.0,{'FGFR3': 0}
Bladder,optbn[FP],35,1.0,{'RAS': 0}
Bladder,optbn[FP],35,1.0,{'SPRY': 0}
Bladder,optbn[FP],35,2.0,"{'ATM_b1': 1, 'RB1': 1}"
Bladder,optbn[FP],35,2.0,"{'ATM_b1': 1, 'p16INK4a': 0}"
Bladder,optbn[FP],35,2.0,"{'Apoptosis_b1': 1, 'RB1': 1}"
Bladder,optbn[FP],35,2.0,"{'DNAdamage': 1, 'RB1': 1}"
Bladder,optbn[FP],35,2.0,"{'DNAdamage': 1, 'p16INK4a': 0}"
Bladder,optbn[FP],35,2.0,"{'RB1': 1, 'TP53': 1}"
Bladder,optbn[SA],35,2.0,"{'ATM_b1': 1, 'RB1': 1}"
Bladder,optbn[SA],35,2.0,"{'ATM_b1': 1, 'p16INK4a': 0}"
Bladder,optbn[SA],35,2.0,"{'Apoptosis_b1': 1, 'RB1': 1}"
Bladder,optbn[SA],35,2.0,"{'DNAdamage': 1, 'RB1': 1}"
Bladder,optbn[SA],35,2.0,"{'DNAdamage': 1, 'p16INK4a': 0}"
Bladder,optbn[SA],35,2.0,"{'RB1': 1, 'TP53': 1}"
Bladder,PBN[ASA],35,2.0,"{'ATM_b1': 1, 'RB1': 1}"
Bladder,PBN[ASA],35,2.0,"{'ATM_b1': 1, 'p16INK4a': 0}"
Bladder,PBN[ASA],35,2.0,"{'Apoptosis_b1': 1, 'RB1': 1}"
Bladder,PBN[ASA],35,2.0,"{'DNAdamage': 1, 'RB1': 1}"
Bladder,PBN[ASA],35,2.0,"{'DNAdamage': 1, 'p16INK4a': 0}"
Bladder,PBN[ASA],35,2.0,"{'RB1': 1, 'TP53': 1}"
Bladder,PBN[percolation],35,2.0,"{'ATM_b1': 1, 'RB1': 1}"
Bladder,PBN[percolation],35,2.0,"{'ATM_b1': 1, 'p16INK4a': 0}"
Bladder,PBN[percolation],35,2.0,"{'Apoptosis_b1': 1, 'RB1': 1}"
Bladder,PBN[percolation],35,2.0,"{'DNAdamage': 1, 'RB1': 1}"
Bladder,PBN[percolation],35,2.0,"{'DNAdamage': 1, 'p16INK4a': 0}"
Bladder,PBN[percolation],35,2.0,"{'RB1': 1, 'TP53': 1}"
Bladder,PBN[SA],35,2.0,"{'ATM_b1': 1, 'RB1': 1}"
Bladder,PBN[SA],35,2.0,"{'ATM_b1': 1, 'p16INK4a': 0}"
Bladder,PBN[SA],35,2.0,"{'Apoptosis_b1': 1, 'RB1': 1}"
Bladder,PBN[SA],35,2.0,"{'DNAdamage': 1, 'RB1': 1}"
Bladder,PBN[SA],35,2.0,"{'DNAdamage': 1, 'p16INK4a': 0}"
Bladder,PBN[SA],35,2.0,"{'RB1': 1, 'TP53': 1}"
Bladder,PBN[trap_spaces],35,2.0,"{'DNAdamage': 1, 'RB1': 1}"
Bladder,PBN[trap_spaces],35,2.0,"{'DNAdamage': 1, 'p16INK4a': 0}"
Bladder,SM[internal],35,2.0,"{'DNAdamage': 1, 'RB1': 1}"
Bladder,SM[internal],35,2.0,"{'DNAdamage': 1, 'p16INK4a': 0}"
Bladder,SM[minimal],35,2.0,"{'DNAdamage': 1, 'RB1': 1}"
Bladder,SM[minimal],35,2.0,"{'DNAdamage': 1, 'p16INK4a': 0}"
Myeloid,ActoNet,11,2.0,"{'CEBPA': 1, 'EgrNab': 1}"
Myeloid,BoNesis[FP],11,2.0,"{'CEBPA': 1, 'EgrNab': 1}"
Myeloid,BoNesis[MTS],11,2.0,"{'CEBPA': 1, 'EgrNab': 1}"
Myeloid,CABEAN[ITC],11,inf,{}
Myeloid,CABEAN[PTC],11,inf,{}
Myeloid,CABEAN[TTC],11,inf,{}
Myeloid,Caspo,11,2.0,"{'CEBPA': 1, 'EgrNab': 1}"
Myeloid,optbn[FP],11,2.0,"{'CEBPA': 1, 'EgrNab': 1}"
Myeloid,optbn[SA],11,2.0,"{'CEBPA': 1, 'EgrNab': 1}"
Myeloid,PBN[ASA],11,2.0,"{'CEBPA': 1, 'EgrNab': 1}"
Myeloid,PBN[percolation],11,2.0,"{'CEBPA': 1, 'EgrNab': 1}"
Myeloid,PBN[SA],11,2.0,"{'CEBPA': 1, 'EgrNab': 1}"
Myeloid,PBN[trap_spaces],11,inf,{}
Myeloid,SM[internal],11,inf,{}
Myeloid,SM[minimal],11,inf,{}
T-LGL,ActoNet,60,1.0,{'Apoptosis': 1}
T-LGL,ActoNet,60,1.0,{'CD45': 1}
T-LGL,ActoNet,60,1.0,{'Caspase': 1}
T-LGL,ActoNet,60,1.0,{'DISC': 1}
T-LGL,ActoNet,60,1.0,{'Stimuli': 1}
T-LGL,ActoNet,60,2.0,"{'BID': 1, 'GRB2': 1}"
T-LGL,ActoNet,60,2.0,"{'BID': 1, 'GZMB': 1}"
T-LGL,ActoNet,60,2.0,"{'BID': 1, 'IFNG': 1}"
T-LGL,ActoNet,60,2.0,"{'BID': 1, 'IL2RB': 1}"
T-LGL,ActoNet,60,2.0,"{'BID': 1, 'JAK': 1}"
T-LGL,ActoNet,60,2.0,"{'BID': 1, 'LCK': 1}"
T-LGL,ActoNet,60,2.0,"{'BID': 1, 'NFKB': 1}"
T-LGL,ActoNet,60,2.0,"{'BID': 1, 'PDGF': 1}"
T-LGL,ActoNet,60,2.0,"{'BID': 1, 'PDGFR': 1}"
T-LGL,ActoNet,60,2.0,"{'BID': 1, 'PI3K': 1}"
T-LGL,ActoNet,60,2.0,"{'BID': 1, 'PLCG1': 1}"
T-LGL,ActoNet,60,2.0,"{'BID': 1, 'RANTES': 1}"
T-LGL,ActoNet,60,2.0,"{'BID': 1, 'RAS': 1}"
T-LGL,ActoNet,60,2.0,"{'BID': 1, 'S1P': 1}"
T-LGL,ActoNet,60,2.0,"{'BID': 1, 'SPHK1': 1}"
T-LGL,ActoNet,60,2.0,"{'BID': 1, 'STAT3': 1}"
T-LGL,ActoNet,60,2.0,"{'BID': 1, 'TAX': 1}"
T-LGL,ActoNet,60,2.0,"{'BID': 1, 'TBET': 1}"
T-LGL,ActoNet,60,2.0,"{'BID': 1, 'TNF': 1}"
T-LGL,ActoNet,60,2.0,"{'BID': 1, 'TPL2': 1}"
T-LGL,ActoNet,60,2.0,"{'BID': 1, 'TRADD': 1}"
T-LGL,ActoNet,60,2.0,"{'BID': 1, 'ZAP70': 1}"
T-LGL,ActoNet,60,2.0,"{'Ceramide': 1, 'FasT': 1}"
T-LGL,ActoNet,60,2.0,"{'Ceramide': 1, 'GRB2': 1}"
T-LGL,ActoNet,60,2.0,"{'Ceramide': 1, 'GZMB': 1}"
T-LGL,ActoNet,60,2.0,"{'Ceramide': 1, 'IFNG': 1}"
T-LGL,ActoNet,60,2.0,"{'Ceramide': 1, 'IL2RA': 1}"
T-LGL,ActoNet,60,2.0,"{'Ceramide': 1, 'IL2RB': 1}"
T-LGL,ActoNet,60,2.0,"{'Ceramide': 1, 'JAK': 1}"
T-LGL,ActoNet,60,2.0,"{'Ceramide': 1, 'LCK': 1}"
T-LGL,ActoNet,60,2.0,"{'Ceramide': 1, 'NFKB': 1}"
T-LGL,ActoNet,60,2.0,"{'Ceramide': 1, 'PDGF': 1}"
T-LGL,ActoNet,60,2.0,"{'Ceramide': 1, 'PDGFR': 1}"
T-LGL,ActoNet,60,2.0,"{'Ceramide': 1, 'PI3K': 1}"
T-LGL,ActoNet,60,2.0,"{'Ceramide': 1, 'PLCG1': 1}"
T-LGL,ActoNet,60,2.0,"{'Ceramide': 1, 'RANTES': 1}"
T-LGL,ActoNet,60,2.0,"{'Ceramide': 1, 'RAS': 1}"
T-LGL,ActoNet,60,2.0,"{'Ceramide': 1, 'S1P': 1}"
T-LGL,ActoNet,60,2.0,"{'Ceramide': 1, 'STAT3': 1}"
T-LGL,ActoNet,60,2.0,"{'Ceramide': 1, 'TAX': 1}"
T-LGL,ActoNet,60,2.0,"{'Ceramide': 1, 'TBET': 1}"
T-LGL,ActoNet,60,2.0,"{'Ceramide': 1, 'TPL2': 1}"
T-LGL,ActoNet,60,2.0,"{'Ceramide': 1, 'ZAP70': 1}"
T-LGL,ActoNet,60,2.0,"{'ERK': 0, 'GRB2': 1}"
T-LGL,ActoNet,60,2.0,"{'ERK': 0, 'GZMB': 1}"
T-LGL,ActoNet,60,2.0,"{'ERK': 0, 'IFNG': 1}"
T-LGL,ActoNet,60,2.0,"{'ERK': 0, 'JAK': 1}"
T-LGL,ActoNet,60,2.0,"{'ERK': 0, 'LCK': 1}"
T-LGL,ActoNet,60,2.0,"{'ERK': 0, 'NFKB': 1}"
T-LGL,ActoNet,60,2.0,"{'ERK': 0, 'PDGF': 1}"
T-LGL,ActoNet,60,2.0,"{'ERK': 0, 'PDGFR': 1}"
T-LGL,ActoNet,60,2.0,"{'ERK': 0, 'PI3K': 1}"
T-LGL,ActoNet,60,2.0,"{'ERK': 0, 'PLCG1': 1}"
T-LGL,ActoNet,60,2.0,"{'ERK': 0, 'RANTES': 1}"
T-LGL,ActoNet,60,2.0,"{'ERK': 0, 'RAS': 1}"
T-LGL,ActoNet,60,2.0,"{'ERK': 0, 'S1P': 1}"
T-LGL,ActoNet,60,2.0,"{'ERK': 0, 'SPHK1': 1}"
T-LGL,ActoNet,60,2.0,"{'ERK': 0, 'STAT3': 1}"
T-LGL,ActoNet,60,2.0,"{'ERK': 0, 'TAX': 1}"
T-LGL,ActoNet,60,2.0,"{'ERK': 0, 'TBET': 1}"
T-LGL,ActoNet,60,2.0,"{'ERK': 0, 'TPL2': 1}"
T-LGL,ActoNet,60,2.0,"{'ERK': 0, 'ZAP70': 1}"
T-LGL,ActoNet,60,2.0,"{'FYN': 0, 'GRB2': 1}"
T-LGL,ActoNet,60,2.0,"{'FYN': 0, 'GZMB': 1}"
T-LGL,ActoNet,60,2.0,"{'FYN': 0, 'IFNG': 1}"
T-LGL,ActoNet,60,2.0,"{'FYN': 0, 'IL2RB': 1}"
T-LGL,ActoNet,60,2.0,"{'FYN': 0, 'NFKB': 1}"
T-LGL,ActoNet,60,2.0,"{'FYN': 0, 'PDGF': 1}"
T-LGL,ActoNet,60,2.0,"{'FYN': 0, 'PDGFR': 1}"
T-LGL,ActoNet,60,2.0,"{'FYN': 0, 'PI3K': 1}"
T-LGL,ActoNet,60,2.0,"{'FYN': 0, 'PLCG1': 1}"
T-LGL,ActoNet,60,2.0,"{'FYN': 0, 'RANTES': 1}"
T-LGL,ActoNet,60,2.0,"{'FYN': 0, 'RAS': 1}"
T-LGL,ActoNet,60,2.0,"{'FYN': 0, 'S1P': 1}"
T-LGL,ActoNet,60,2.0,"{'FYN': 0, 'SPHK1': 1}"
T-LGL,ActoNet,60,2.0,"{'FYN': 0, 'TAX': 1}"
T-LGL,ActoNet,60,2.0,"{'FYN': 0, 'TBET': 1}"
T-LGL,ActoNet,60,2.0,"{'FYN': 0, 'TCR': 1}"
T-LGL,ActoNet,60,2.0,"{'FYN': 0, 'TPL2': 1}"
T-LGL,ActoNet,60,2.0,"{'GAP': 1, 'GZMB': 1}"
T-LGL,ActoNet,60,2.0,"{'GAP': 1, 'JAK': 1}"
T-LGL,ActoNet,60,2.0,"{'GAP': 1, 'NFKB': 1}"
T-LGL,ActoNet,60,2.0,"{'GAP': 1, 'PDGF': 1}"
T-LGL,ActoNet,60,2.0,"{'GAP': 1, 'PDGFR': 1}"
T-LGL,ActoNet,60,2.0,"{'GAP': 1, 'PI3K': 1}"
T-LGL,ActoNet,60,2.0,"{'GAP': 1, 'S1P': 1}"
T-LGL,ActoNet,60,2.0,"{'GAP': 1, 'SPHK1': 1}"
T-LGL,ActoNet,60,2.0,"{'GAP': 1, 'STAT3': 1}"
T-LGL,ActoNet,60,2.0,"{'GAP': 1, 'TAX': 1}"
T-LGL,ActoNet,60,2.0,"{'GAP': 1, 'TBET': 1}"
T-LGL,ActoNet,60,2.0,"{'GAP': 1, 'TPL2': 1}"
T-LGL,ActoNet,60,2.0,"{'GRB2': 1, 'IL15': 0}"
T-LGL,ActoNet,60,2.0,"{'GRB2': 1, 'IL2': 1}"
T-LGL,ActoNet,60,2.0,"{'GRB2': 1, 'IL2RB': 0}"
T-LGL,ActoNet,60,2.0,"{'GRB2': 1, 'IL2RBT': 0}"
T-LGL,ActoNet,60,2.0,"{'GRB2': 1, 'JAK': 0}"
T-LGL,ActoNet,60,2.0,"{'GRB2': 1, 'MCL1': 0}"
T-LGL,ActoNet,60,2.0,"{'GRB2': 1, 'MEK': 0}"
T-LGL,ActoNet,60,2.0,"{'GRB2': 1, 'PDGFR': 0}"
T-LGL,ActoNet,60,2.0,"{'GRB2': 1, 'S1P': 0}"
T-LGL,ActoNet,60,2.0,"{'GRB2': 1, 'SOCS': 1}"
T-LGL,ActoNet,60,2.0,"{'GRB2': 1, 'SPHK1': 0}"
T-LGL,ActoNet,60,2.0,"{'GRB2': 1, 'STAT3': 0}"
T-LGL,ActoNet,60,2.0,"{'GRB2': 1, 'TBET': 0}"
T-LGL,ActoNet,60,2.0,"{'GZMB': 1, 'IL15': 0}"
T-LGL,ActoNet,60,2.0,"{'GZMB': 1, 'IL2': 1}"
T-LGL,ActoNet,60,2.0,"{'GZMB': 1, 'IL2RB': 0}"
T-LGL,ActoNet,60,2.0,"{'GZMB': 1, 'IL2RBT': 0}"
T-LGL,ActoNet,60,2.0,"{'GZMB': 1, 'JAK': 0}"
T-LGL,ActoNet,60,2.0,"{'GZMB': 1, 'MCL1': 0}"
T-LGL,ActoNet,60,2.0,"{'GZMB': 1, 'MEK': 0}"
T-LGL,ActoNet,60,2.0,"{'GZMB': 1, 'NFKB': 0}"
T-LGL,ActoNet,60,2.0,"{'GZMB': 1, 'PDGFR': 0}"
T-LGL,ActoNet,60,2.0,"{'GZMB': 1, 'PI3K': 0}"
T-LGL,ActoNet,60,2.0,"{'GZMB': 1, 'RAS': 0}"
T-LGL,ActoNet,60,2.0,"{'GZMB': 1, 'S1P': 0}"
T-LGL,ActoNet,60,2.0,"{'GZMB': 1, 'SOCS': 1}"
T-LGL,ActoNet,60,2.0,"{'GZMB': 1, 'SPHK1': 0}"
T-LGL,ActoNet,60,2.0,"{'GZMB': 1, 'STAT3': 0}"
T-LGL,ActoNet,60,2.0,"{'GZMB': 1, 'TBET': 0}"
T-LGL,ActoNet,60,2.0,"{'IFNG': 1, 'IL15': 0}"
T-LGL,ActoNet,60,2.0,"{'IFNG': 1, 'IL2': 1}"
T-LGL,ActoNet,60,2.0,"{'IFNG': 1, 'IL2RB': 0}"
T-LGL,ActoNet,60,2.0,"{'IFNG': 1, 'IL2RBT': 0}"
T-LGL,ActoNet,60,2.0,"{'IFNG': 1, 'MCL1': 0}"
T-LGL,ActoNet,60,2.0,"{'IFNG': 1, 'MEK': 0}"
T-LGL,ActoNet,60,2.0,"{'IFNG': 1, 'NFKB': 0}"
T-LGL,ActoNet,60,2.0,"{'IFNG': 1, 'PDGFR': 0}"
T-LGL,ActoNet,60,2.0,"{'IFNG': 1, 'S1P': 0}"
T-LGL,ActoNet,60,2.0,"{'IFNG': 1, 'SPHK1': 0}"
T-LGL,ActoNet,60,2.0,"{'IFNG': 1, 'STAT3': 0}"
T-LGL,ActoNet,60,2.0,"{'IFNG': 1, 'TBET': 0}"
T-LGL,ActoNet,60,2.0,"{'IL15': 0, 'IL2RB': 1}"
T-LGL,ActoNet,60,2.0,"{'IL15': 0, 'JAK': 1}"
T-LGL,ActoNet,60,2.0,"{'IL15': 0, 'LCK': 1}"
T-LGL,ActoNet,60,2.0,"{'IL15': 0, 'NFKB': 1}"
T-LGL,ActoNet,60,2.0,"{'IL15': 0, 'PDGF': 1}"
T-LGL,ActoNet,60,2.0,"{'IL15': 0, 'PDGFR': 1}"
T-LGL,ActoNet,60,2.0,"{'IL15': 0, 'PI3K': 1}"
T-LGL,ActoNet,60,2.0,"{'IL15': 0, 'PLCG1': 1}"
T-LGL,ActoNet,60,2.0,"{'IL15': 0, 'RANTES': 1}"
T-LGL,ActoNet,60,2.0,"{'IL15': 0, 'RAS': 1}"
T-LGL,ActoNet,60,2.0,"{'IL15': 0, 'S1P': 1}"
T-LGL,ActoNet,60,2.0,"{'IL15': 0, 'SPHK1': 1}"
T-LGL,ActoNet,60,2.0,"{'IL15': 0, 'STAT3': 1}"
T-LGL,ActoNet,60,2.0,"{'IL15': 0, 'TAX': 1}"
T-LGL,ActoNet,60,2.0,"{'IL15': 0, 'TBET': 1}"
T-LGL,ActoNet,60,2.0,"{'IL15': 0, 'TPL2': 1}"
T-LGL,ActoNet,60,2.0,"{'IL15': 0, 'ZAP70': 1}"
T-LGL,ActoNet,60,2.0,"{'IL2': 1, 'IL2RAT': 1}"
T-LGL,ActoNet,60,2.0,"{'IL2': 1, 'IL2RB': 1}"
T-LGL,ActoNet,60,2.0,"{'IL2': 1, 'IL2RBT': 1}"
T-LGL,ActoNet,60,2.0,"{'IL2': 1, 'JAK': 1}"
T-LGL,ActoNet,60,2.0,"{'IL2': 1, 'LCK': 1}"
T-LGL,ActoNet,60,2.0,"{'IL2': 1, 'NFKB': 1}"
T-LGL,ActoNet,60,2.0,"{'IL2': 1, 'PDGF': 1}"
T-LGL,ActoNet,60,2.0,"{'IL2': 1, 'PDGFR': 1}"
T-LGL,ActoNet,60,2.0,"{'IL2': 1, 'PI3K': 1}"
T-LGL,ActoNet,60,2.0,"{'IL2': 1, 'PLCG1': 1}"
T-LGL,ActoNet,60,2.0,"{'IL2': 1, 'RANTES': 1}"
T-LGL,ActoNet,60,2.0,"{'IL2': 1, 'RAS': 1}"
T-LGL,ActoNet,60,2.0,"{'IL2': 1, 'S1P': 1}"
T-LGL,ActoNet,60,2.0,"{'IL2': 1, 'SPHK1': 1}"
T-LGL,ActoNet,60,2.0,"{'IL2': 1, 'STAT3': 1}"
T-LGL,ActoNet,60,2.0,"{'IL2': 1, 'TAX': 1}"
T-LGL,ActoNet,60,2.0,"{'IL2': 1, 'TBET': 1}"
T-LGL,ActoNet,60,2.0,"{'IL2': 1, 'TPL2': 1}"
T-LGL,ActoNet,60,2.0,"{'IL2': 1, 'ZAP70': 1}"
T-LGL,ActoNet,60,2.0,"{'IL2RA': 1, 'PDGFR': 0}"
T-LGL,ActoNet,60,2.0,"{'IL2RA': 1, 'S1P': 0}"
T-LGL,ActoNet,60,2.0,"{'IL2RA': 1, 'SPHK1': 0}"
T-LGL,ActoNet,60,2.0,"{'IL2RB': 0, 'JAK': 1}"
T-LGL,ActoNet,60,2.0,"{'IL2RB': 0, 'LCK': 1}"
T-LGL,ActoNet,60,2.0,"{'IL2RB': 0, 'NFKB': 1}"
T-LGL,ActoNet,60,2.0,"{'IL2RB': 0, 'PDGF': 1}"
T-LGL,ActoNet,60,2.0,"{'IL2RB': 0, 'PDGFR': 1}"
T-LGL,ActoNet,60,2.0,"{'IL2RB': 0, 'PI3K': 1}"
T-LGL,ActoNet,60,2.0,"{'IL2RB': 0, 'PLCG1': 1}"
T-LGL,ActoNet,60,2.0,"{'IL2RB': 0, 'RANTES': 1}"
T-LGL,ActoNet,60,2.0,"{'IL2RB': 0, 'RAS': 1}"
T-LGL,ActoNet,60,2.0,"{'IL2RB': 0, 'S1P': 1}"
T-LGL,ActoNet,60,2.0,"{'IL2RB': 0, 'SPHK1': 1}"
T-LGL,ActoNet,60,2.0,"{'IL2RB': 0, 'STAT3': 1}"
T-LGL,ActoNet,60,2.0,"{'IL2RB': 0, 'TAX': 1}"
T-LGL,ActoNet,60,2.0,"{'IL2RB': 0, 'TBET': 1}"
T-LGL,ActoNet,60,2.0,"{'IL2RB': 0, 'TPL2': 1}"
T-LGL,ActoNet,60,2.0,"{'IL2RB': 0, 'ZAP70': 1}"
T-LGL,ActoNet,60,2.0,"{'IL2RB': 1, 'JAK': 0}"
T-LGL,ActoNet,60,2.0,"{'IL2RB': 1, 'MCL1': 0}"
T-LGL,ActoNet,60,2.0,"{'IL2RB': 1, 'PDGFR': 0}"
T-LGL,ActoNet,60,2.0,"{'IL2RB': 1, 'S1P': 0}"
T-LGL,ActoNet,60,2.0,"{'IL2RB': 1, 'SOCS': 1}"
T-LGL,ActoNet,60,2.0,"{'IL2RB': 1, 'SPHK1': 0}"
T-LGL,ActoNet,60,2.0,"{'IL2RB': 1, 'STAT3': 0}"
T-LGL,ActoNet,60,2.0,"{'IL2RB': 1, 'TBET': 0}"
T-LGL,ActoNet,60,2.0,"{'IL2RBT': 0, 'JAK': 1}"
T-LGL,ActoNet,60,2.0,"{'IL2RBT': 0, 'LCK': 1}"
T-LGL,ActoNet,60,2.0,"{'IL2RBT': 0, 'NFKB': 1}"
T-LGL,ActoNet,60,2.0,"{'IL2RBT': 0, 'PDGF': 1}"
T-LGL,ActoNet,60,2.0,"{'IL2RBT': 0, 'PDGFR': 1}"
T-LGL,ActoNet,60,2.0,"{'IL2RBT': 0, 'PI3K': 1}"
T-LGL,ActoNet,60,2.0,"{'IL2RBT': 0, 'PLCG1': 1}"
T-LGL,ActoNet,60,2.0,"{'IL2RBT': 0, 'RANTES': 1}"
T-LGL,ActoNet,60,2.0,"{'IL2RBT': 0, 'RAS': 1}"
T-LGL,ActoNet,60,2.0,"{'IL2RBT': 0, 'S1P': 1}"
T-LGL,ActoNet,60,2.0,"{'IL2RBT': 0, 'SPHK1': 1}"
T-LGL,ActoNet,60,2.0,"{'IL2RBT': 0, 'STAT3': 1}"
T-LGL,ActoNet,60,2.0,"{'IL2RBT': 0, 'TAX': 1}"
T-LGL,ActoNet,60,2.0,"{'IL2RBT': 0, 'TBET': 1}"
T-LGL,ActoNet,60,2.0,"{'IL2RBT': 0, 'TPL2': 1}"
T-LGL,ActoNet,60,2.0,"{'IL2RBT': 0, 'ZAP70': 1}"
T-LGL,ActoNet,60,2.0,"{'JAK': 0, 'LCK': 1}"
T-LGL,ActoNet,60,2.0,"{'JAK': 0, 'NFKB': 1}"
T-LGL,ActoNet,60,2.0,"{'JAK': 0, 'PDGF': 1}"
T-LGL,ActoNet,60,2.0,"{'JAK': 0, 'PDGFR': 1}"
T-LGL,ActoNet,60,2.0,"{'JAK': 0, 'PI3K': 1}"
T-LGL,ActoNet,60,2.0,"{'JAK': 0, 'PLCG1': 1}"
T-LGL,ActoNet,60,2.0,"{'JAK': 0, 'RAS': 1}"
T-LGL,ActoNet,60,2.0,"{'JAK': 0, 'S1P': 1}"
T-LGL,ActoNet,60,2.0,"{'JAK': 0, 'SPHK1': 1}"
T-LGL,ActoNet,60,2.0,"{'JAK': 0, 'TAX': 1}"
T-LGL,ActoNet,60,2.0,"{'JAK': 0, 'TBET': 1}"
T-LGL,ActoNet,60,2.0,"{'JAK': 0, 'TPL2': 1}"
T-LGL,ActoNet,60,2.0,"{'JAK': 0, 'ZAP70': 1}"
T-LGL,ActoNet,60,2.0,"{'JAK': 1, 'MCL1': 0}"
T-LGL,ActoNet,60,2.0,"{'JAK': 1, 'MEK': 0}"
T-LGL,ActoNet,60,2.0,"{'JAK': 1, 'NFKB': 0}"
T-LGL,ActoNet,60,2.0,"{'JAK': 1, 'PDGFR': 0}"
T-LGL,ActoNet,60,2.0,"{'JAK': 1, 'PI3K': 0}"
T-LGL,ActoNet,60,2.0,"{'JAK': 1, 'RAS': 0}"
T-LGL,ActoNet,60,2.0,"{'JAK': 1, 'S1P': 0}"
T-LGL,ActoNet,60,2.0,"{'JAK': 1, 'SPHK1': 0}"
T-LGL,ActoNet,60,2.0,"{'JAK': 1, 'STAT3': 0}"
T-LGL,ActoNet,60,2.0,"{'JAK': 1, 'TBET': 0}"
T-LGL,ActoNet,60,2.0,"{'LCK': 1, 'MCL1': 0}"
T-LGL,ActoNet,60,2.0,"{'LCK': 1, 'MEK': 0}"
T-LGL,ActoNet,60,2.0,"{'LCK': 1, 'PDGFR': 0}"
T-LGL,ActoNet,60,2.0,"{'LCK': 1, 'S1P': 0}"
T-LGL,ActoNet,60,2.0,"{'LCK': 1, 'SOCS': 1}"
T-LGL,ActoNet,60,2.0,"{'LCK': 1, 'SPHK1': 0}"
T-LGL,ActoNet,60,2.0,"{'LCK': 1, 'STAT3': 0}"
T-LGL,ActoNet,60,2.0,"{'LCK': 1, 'TBET': 0}"
T-LGL,ActoNet,60,2.0,"{'MCL1': 0, 'NFKB': 1}"
T-LGL,ActoNet,60,2.0,"{'MCL1': 0, 'PDGF': 1}"
T-LGL,ActoNet,60,2.0,"{'MCL1': 0, 'PDGFR': 1}"
T-LGL,ActoNet,60,2.0,"{'MCL1': 0, 'PI3K': 1}"
T-LGL,ActoNet,60,2.0,"{'MCL1': 0, 'PLCG1': 1}"
T-LGL,ActoNet,60,2.0,"{'MCL1': 0, 'RANTES': 1}"
T-LGL,ActoNet,60,2.0,"{'MCL1': 0, 'RAS': 1}"
T-LGL,ActoNet,60,2.0,"{'MCL1': 0, 'S1P': 1}"
T-LGL,ActoNet,60,2.0,"{'MCL1': 0, 'SPHK1': 1}"
T-LGL,ActoNet,60,2.0,"{'MCL1': 0, 'STAT3': 1}"
T-LGL,ActoNet,60,2.0,"{'MCL1': 0, 'TAX': 1}"
T-LGL,ActoNet,60,2.0,"{'MCL1': 0, 'TBET': 1}"
T-LGL,ActoNet,60,2.0,"{'MCL1': 0, 'TPL2': 1}"
T-LGL,ActoNet,60,2.0,"{'MCL1': 0, 'ZAP70': 1}"
T-LGL,ActoNet,60,2.0,"{'MEK': 0, 'NFKB': 1}"
T-LGL,ActoNet,60,2.0,"{'MEK': 0, 'PDGF': 1}"
T-LGL,ActoNet,60,2.0,"{'MEK': 0, 'PDGFR': 1}"
T-LGL,ActoNet,60,2.0,"{'MEK': 0, 'PI3K': 1}"
T-LGL,ActoNet,60,2.0,"{'MEK': 0, 'PLCG1': 1}"
T-LGL,ActoNet,60,2.0,"{'MEK': 0, 'RANTES': 1}"
T-LGL,ActoNet,60,2.0,"{'MEK': 0, 'RAS': 1}"
T-LGL,ActoNet,60,2.0,"{'MEK': 0, 'S1P': 1}"
T-LGL,ActoNet,60,2.0,"{'MEK': 0, 'SPHK1': 1}"
T-LGL,ActoNet,60,2.0,"{'MEK': 0, 'STAT3': 1}"
T-LGL,ActoNet,60,2.0,"{'MEK': 0, 'TAX': 1}"
T-LGL,ActoNet,60,2.0,"{'MEK': 0, 'TBET': 1}"
T-LGL,ActoNet,60,2.0,"{'MEK': 0, 'TPL2': 1}"
T-LGL,ActoNet,60,2.0,"{'MEK': 0, 'ZAP70': 1}"
T-LGL,ActoNet,60,2.0,"{'NFKB': 0, 'STAT3': 1}"
T-LGL,ActoNet,60,2.0,"{'NFKB': 0, 'TBET': 1}"
T-LGL,ActoNet,60,2.0,"{'NFKB': 1, 'PDGFR': 0}"
T-LGL,ActoNet,60,2.0,"{'NFKB': 1, 'PI3K': 0}"
T-LGL,ActoNet,60,2.0,"{'NFKB': 1, 'RAS': 0}"
T-LGL,ActoNet,60,2.0,"{'NFKB': 1, 'S1P': 0}"
T-LGL,ActoNet,60,2.0,"{'NFKB': 1, 'SOCS': 1}"
T-LGL,ActoNet,60,2.0,"{'NFKB': 1, 'SPHK1': 0}"
T-LGL,ActoNet,60,2.0,"{'NFKB': 1, 'STAT3': 0}"
T-LGL,ActoNet,60,2.0,"{'NFKB': 1, 'TBET': 0}"
T-LGL,ActoNet,60,2.0,"{'PDGF': 1, 'RAS': 0}"
T-LGL,ActoNet,60,2.0,"{'PDGF': 1, 'S1P': 0}"
T-LGL,ActoNet,60,2.0,"{'PDGF': 1, 'SOCS': 1}"
T-LGL,ActoNet,60,2.0,"{'PDGF': 1, 'SPHK1': 0}"
T-LGL,ActoNet,60,2.0,"{'PDGF': 1, 'STAT3': 0}"
T-LGL,ActoNet,60,2.0,"{'PDGF': 1, 'TBET': 0}"
T-LGL,ActoNet,60,2.0,"{'PDGFR': 0, 'PI3K': 1}"
T-LGL,ActoNet,60,2.0,"{'PDGFR': 0, 'PLCG1': 1}"
T-LGL,ActoNet,60,2.0,"{'PDGFR': 0, 'RANTES': 1}"
T-LGL,ActoNet,60,2.0,"{'PDGFR': 0, 'RAS': 1}"
T-LGL,ActoNet,60,2.0,"{'PDGFR': 0, 'STAT3': 1}"
T-LGL,ActoNet,60,2.0,"{'PDGFR': 0, 'TAX': 1}"
T-LGL,ActoNet,60,2.0,"{'PDGFR': 0, 'TBET': 1}"
T-LGL,ActoNet,60,2.0,"{'PDGFR': 0, 'TPL2': 1}"
T-LGL,ActoNet,60,2.0,"{'PDGFR': 0, 'ZAP70': 1}"
T-LGL,ActoNet,60,2.0,"{'PDGFR': 1, 'RAS': 0}"
T-LGL,ActoNet,60,2.0,"{'PDGFR': 1, 'S1P': 0}"
T-LGL,ActoNet,60,2.0,"{'PDGFR': 1, 'SOCS': 1}"
T-LGL,ActoNet,60,2.0,"{'PDGFR': 1, 'SPHK1': 0}"
T-LGL,ActoNet,60,2.0,"{'PDGFR': 1, 'STAT3': 0}"
T-LGL,ActoNet,60,2.0,"{'PDGFR': 1, 'TBET': 0}"
T-LGL,ActoNet,60,2.0,"{'PI3K': 0, 'STAT3': 1}"
T-LGL,ActoNet,60,2.0,"{'PI3K': 0, 'TAX': 1}"
T-LGL,ActoNet,60,2.0,"{'PI3K': 0, 'TBET': 1}"
T-LGL,ActoNet,60,2.0,"{'PI3K': 0, 'TPL2': 1}"
T-LGL,ActoNet,60,2.0,"{'PI3K': 1, 'RAS': 0}"
T-LGL,ActoNet,60,2.0,"{'PI3K': 1, 'S1P': 0}"
T-LGL,ActoNet,60,2.0,"{'PI3K': 1, 'SOCS': 1}"
T-LGL,ActoNet,60,2.0,"{'PI3K': 1, 'SPHK1': 0}"
T-LGL,ActoNet,60,2.0,"{'PI3K': 1, 'STAT3': 0}"
T-LGL,ActoNet,60,2.0,"{'PI3K': 1, 'TBET': 0}"
T-LGL,ActoNet,60,2.0,"{'PLCG1': 1, 'S1P': 0}"
T-LGL,ActoNet,60,2.0,"{'PLCG1': 1, 'SOCS': 1}"
T-LGL,ActoNet,60,2.0,"{'PLCG1': 1, 'SPHK1': 0}"
T-LGL,ActoNet,60,2.0,"{'PLCG1': 1, 'STAT3': 0}"
T-LGL,ActoNet,60,2.0,"{'PLCG1': 1, 'TBET': 0}"
T-LGL,ActoNet,60,2.0,"{'RANTES': 1, 'S1P': 0}"
T-LGL,ActoNet,60,2.0,"{'RANTES': 1, 'SPHK1': 0}"
T-LGL,ActoNet,60,2.0,"{'RANTES': 1, 'STAT3': 0}"
T-LGL,ActoNet,60,2.0,"{'RANTES': 1, 'TBET': 0}"
T-LGL,ActoNet,60,2.0,"{'RAS': 0, 'S1P': 1}"
T-LGL,ActoNet,60,2.0,"{'RAS': 0, 'SPHK1': 1}"
T-LGL,ActoNet,60,2.0,"{'RAS': 0, 'STAT3': 1}"
T-LGL,ActoNet,60,2.0,"{'RAS': 0, 'TAX': 1}"
T-LGL,ActoNet,60,2.0,"{'RAS': 0, 'TBET': 1}"
T-LGL,ActoNet,60,2.0,"{'RAS': 0, 'TPL2': 1}"
T-LGL,ActoNet,60,2.0,"{'RAS': 1, 'S1P': 0}"
T-LGL,ActoNet,60,2.0,"{'RAS': 1, 'SOCS': 1}"
T-LGL,ActoNet,60,2.0,"{'RAS': 1, 'SPHK1': 0}"
T-LGL,ActoNet,60,2.0,"{'RAS': 1, 'STAT3': 0}"
T-LGL,ActoNet,60,2.0,"{'RAS': 1, 'TBET': 0}"
T-LGL,ActoNet,60,2.0,"{'S1P': 0, 'STAT3': 1}"
T-LGL,ActoNet,60,2.0,"{'S1P': 0, 'TAX': 1}"
T-LGL,ActoNet,60,2.0,"{'S1P': 0, 'TBET': 1}"
T-LGL,ActoNet,60,2.0,"{'S1P': 0, 'TPL2': 1}"
T-LGL,ActoNet,60,2.0,"{'S1P': 0, 'ZAP70': 1}"
T-LGL,ActoNet,60,2.0,"{'S1P': 1, 'SOCS': 1}"
T-LGL,ActoNet,60,2.0,"{'S1P': 1, 'STAT3': 0}"
T-LGL,ActoNet,60,2.0,"{'S1P': 1, 'TBET': 0}"
T-LGL,ActoNet,60,2.0,"{'SOCS': 1, 'SPHK1': 1}"
T-LGL,ActoNet,60,2.0,"{'SOCS': 1, 'TAX': 1}"
T-LGL,ActoNet,60,2.0,"{'SOCS': 1, 'TBET': 1}"
T-LGL,ActoNet,60,2.0,"{'SOCS': 1, 'TPL2': 1}"
T-LGL,ActoNet,60,2.0,"{'SOCS': 1, 'ZAP70': 1}"
T-LGL,ActoNet,60,2.0,"{'SPHK1': 0, 'STAT3': 1}"
T-LGL,ActoNet,60,2.0,"{'SPHK1': 0, 'TAX': 1}"
T-LGL,ActoNet,60,2.0,"{'SPHK1': 0, 'TBET': 1}"
T-LGL,ActoNet,60,2.0,"{'SPHK1': 0, 'TPL2': 1}"
T-LGL,ActoNet,60,2.0,"{'SPHK1': 0, 'ZAP70': 1}"
T-LGL,ActoNet,60,2.0,"{'SPHK1': 1, 'STAT3': 0}"
T-LGL,ActoNet,60,2.0,"{'SPHK1': 1, 'TBET': 0}"
T-LGL,ActoNet,60,2.0,"{'STAT3': 0, 'TAX': 1}"
T-LGL,ActoNet,60,2.0,"{'STAT3': 0, 'TBET': 1}"
T-LGL,ActoNet,60,2.0,"{'STAT3': 0, 'TPL2': 1}"
T-LGL,ActoNet,60,2.0,"{'STAT3': 0, 'ZAP70': 1}"
T-LGL,ActoNet,60,2.0,"{'STAT3': 1, 'TBET': 0}"
T-LGL,ActoNet,60,2.0,"{'TAX': 1, 'TBET': 0}"
T-LGL,ActoNet,60,2.0,"{'TBET': 0, 'TPL2': 1}"
T-LGL,ActoNet,60,2.0,"{'TBET': 0, 'ZAP70': 1}"
T-LGL,BoNesis[FP],60,1.0,{'Apoptosis': 1}
T-LGL,BoNesis[FP],60,1.0,{'CD45': 1}
T-LGL,BoNesis[FP],60,1.0,{'Caspase': 1}
T-LGL,BoNesis[FP],60,1.0,{'DISC': 1}
T-LGL,BoNesis[FP],60,1.0,{'Stimuli': 1}
T-LGL,BoNesis[FP],60,2.0,"{'BID': 1, 'GRB2': 1}"
T-LGL,BoNesis[FP],60,2.0,"{'BID': 1, 'GZMB': 1}"
T-LGL,BoNesis[FP],60,2.0,"{'BID': 1, 'IFNG': 1}"
T-LGL,BoNesis[FP],60,2.0,"{'BID': 1, 'IL2RB': 1}"
T-LGL,BoNesis[FP],60,2.0,"{'BID': 1, 'JAK': 1}"
T-LGL,BoNesis[FP],60,2.0,"{'BID': 1, 'LCK': 1}"
T-LGL,BoNesis[FP],60,2.0,"{'BID': 1, 'NFKB': 1}"
T-LGL,BoNesis[FP],60,2.0,"{'BID': 1, 'PDGF': 1}"
T-LGL,BoNesis[FP],60,2.0,"{'BID': 1, 'PDGFR': 1}"
T-LGL,BoNesis[FP],60,2.0,"{'BID': 1, 'PI3K': 1}"
T-LGL,BoNesis[FP],60,2.0,"{'BID': 1, 'PLCG1': 1}"
T-LGL,BoNesis[FP],60,2.0,"{'BID': 1, 'RANTES': 1}"
T-LGL,BoNesis[FP],60,2.0,"{'BID': 1, 'RAS': 1}"
T-LGL,BoNesis[FP],60,2.0,"{'BID': 1, 'S1P': 1}"
T-LGL,BoNesis[FP],60,2.0,"{'BID': 1, 'SPHK1': 1}"
T-LGL,BoNesis[FP],60,2.0,"{'BID': 1, 'STAT3': 1}"
T-LGL,BoNesis[FP],60,2.0,"{'BID': 1, 'TAX': 1}"
T-LGL,BoNesis[FP],60,2.0,"{'BID': 1, 'TBET': 1}"
T-LGL,BoNesis[FP],60,2.0,"{'BID': 1, 'TNF': 1}"
T-LGL,BoNesis[FP],60,2.0,"{'BID': 1, 'TPL2': 1}"
T-LGL,BoNesis[FP],60,2.0,"{'BID': 1, 'TRADD': 1}"
T-LGL,BoNesis[FP],60,2.0,"{'BID': 1, 'ZAP70': 1}"
T-LGL,BoNesis[FP],60,2.0,"{'Ceramide': 1, 'FasT': 1}"
T-LGL,BoNesis[FP],60,2.0,"{'Ceramide': 1, 'GRB2': 1}"
T-LGL,BoNesis[FP],60,2.0,"{'Ceramide': 1, 'GZMB': 1}"
T-LGL,BoNesis[FP],60,2.0,"{'Ceramide': 1, 'IFNG': 1}"
T-LGL,BoNesis[FP],60,2.0,"{'Ceramide': 1, 'IL2RA': 1}"
T-LGL,BoNesis[FP],60,2.0,"{'Ceramide': 1, 'IL2RB': 1}"
T-LGL,BoNesis[FP],60,2.0,"{'Ceramide': 1, 'JAK': 1}"
T-LGL,BoNesis[FP],60,2.0,"{'Ceramide': 1, 'LCK': 1}"
T-LGL,BoNesis[FP],60,2.0,"{'Ceramide': 1, 'NFKB': 1}"
T-LGL,BoNesis[FP],60,2.0,"{'Ceramide': 1, 'PDGF': 1}"
T-LGL,BoNesis[FP],60,2.0,"{'Ceramide': 1, 'PDGFR': 1}"
T-LGL,BoNesis[FP],60,2.0,"{'Ceramide': 1, 'PI3K': 1}"
T-LGL,BoNesis[FP],60,2.0,"{'Ceramide': 1, 'PLCG1': 1}"
T-LGL,BoNesis[FP],60,2.0,"{'Ceramide': 1, 'RANTES': 1}"
T-LGL,BoNesis[FP],60,2.0,"{'Ceramide': 1, 'RAS': 1}"
T-LGL,BoNesis[FP],60,2.0,"{'Ceramide': 1, 'S1P': 1}"
T-LGL,BoNesis[FP],60,2.0,"{'Ceramide': 1, 'STAT3': 1}"
T-LGL,BoNesis[FP],60,2.0,"{'Ceramide': 1, 'TAX': 1}"
T-LGL,BoNesis[FP],60,2.0,"{'Ceramide': 1, 'TBET': 1}"
T-LGL,BoNesis[FP],60,2.0,"{'Ceramide': 1, 'TPL2': 1}"
T-LGL,BoNesis[FP],60,2.0,"{'Ceramide': 1, 'ZAP70': 1}"
T-LGL,BoNesis[FP],60,2.0,"{'ERK': 0, 'GRB2': 1}"
T-LGL,BoNesis[FP],60,2.0,"{'ERK': 0, 'GZMB': 1}"
T-LGL,BoNesis[FP],60,2.0,"{'ERK': 0, 'IFNG': 1}"
T-LGL,BoNesis[FP],60,2.0,"{'ERK': 0, 'JAK': 1}"
T-LGL,BoNesis[FP],60,2.0,"{'ERK': 0, 'LCK': 1}"
T-LGL,BoNesis[FP],60,2.0,"{'ERK': 0, 'NFKB': 1}"
T-LGL,BoNesis[FP],60,2.0,"{'ERK': 0, 'PDGF': 1}"
T-LGL,BoNesis[FP],60,2.0,"{'ERK': 0, 'PDGFR': 1}"
T-LGL,BoNesis[FP],60,2.0,"{'ERK': 0, 'PI3K': 1}"
T-LGL,BoNesis[FP],60,2.0,"{'ERK': 0, 'PLCG1': 1}"
T-LGL,BoNesis[FP],60,2.0,"{'ERK': 0, 'RANTES': 1}"
T-LGL,BoNesis[FP],60,2.0,"{'ERK': 0, 'RAS': 1}"
T-LGL,BoNesis[FP],60,2.0,"{'ERK': 0, 'S1P': 1}"
T-LGL,BoNesis[FP],60,2.0,"{'ERK': 0, 'SPHK1': 1}"
T-LGL,BoNesis[FP],60,2.0,"{'ERK': 0, 'STAT3': 1}"
T-LGL,BoNesis[FP],60,2.0,"{'ERK': 0, 'TAX': 1}"
T-LGL,BoNesis[FP],60,2.0,"{'ERK': 0, 'TBET': 1}"
T-LGL,BoNesis[FP],60,2.0,"{'ERK': 0, 'TPL2': 1}"
T-LGL,BoNesis[FP],60,2.0,"{'ERK': 0, 'ZAP70': 1}"
T-LGL,BoNesis[FP],60,2.0,"{'FYN': 0, 'GRB2': 1}"
T-LGL,BoNesis[FP],60,2.0,"{'FYN': 0, 'GZMB': 1}"
T-LGL,BoNesis[FP],60,2.0,"{'FYN': 0, 'IFNG': 1}"
T-LGL,BoNesis[FP],60,2.0,"{'FYN': 0, 'IL2RB': 1}"
T-LGL,BoNesis[FP],60,2.0,"{'FYN': 0, 'NFKB': 1}"
T-LGL,BoNesis[FP],60,2.0,"{'FYN': 0, 'PDGF': 1}"
T-LGL,BoNesis[FP],60,2.0,"{'FYN': 0, 'PDGFR': 1}"
T-LGL,BoNesis[FP],60,2.0,"{'FYN': 0, 'PI3K': 1}"
T-LGL,BoNesis[FP],60,2.0,"{'FYN': 0, 'PLCG1': 1}"
T-LGL,BoNesis[FP],60,2.0,"{'FYN': 0, 'RANTES': 1}"
T-LGL,BoNesis[FP],60,2.0,"{'FYN': 0, 'RAS': 1}"
T-LGL,BoNesis[FP],60,2.0,"{'FYN': 0, 'S1P': 1}"
T-LGL,BoNesis[FP],60,2.0,"{'FYN': 0, 'SPHK1': 1}"
T-LGL,BoNesis[FP],60,2.0,"{'FYN': 0, 'TAX': 1}"
T-LGL,BoNesis[FP],60,2.0,"{'FYN': 0, 'TBET': 1}"
T-LGL,BoNesis[FP],60,2.0,"{'FYN': 0, 'TCR': 1}"
T-LGL,BoNesis[FP],60,2.0,"{'FYN': 0, 'TPL2': 1}"
T-LGL,BoNesis[FP],60,2.0,"{'GAP': 1, 'GZMB': 1}"
T-LGL,BoNesis[FP],60,2.0,"{'GAP': 1, 'JAK': 1}"
T-LGL,BoNesis[FP],60,2.0,"{'GAP': 1, 'NFKB': 1}"
T-LGL,BoNesis[FP],60,2.0,"{'GAP': 1, 'PDGF': 1}"
T-LGL,BoNesis[FP],60,2.0,"{'GAP': 1, 'PDGFR': 1}"
T-LGL,BoNesis[FP],60,2.0,"{'GAP': 1, 'PI3K': 1}"
T-LGL,BoNesis[FP],60,2.0,"{'GAP': 1, 'S1P': 1}"
T-LGL,BoNesis[FP],60,2.0,"{'GAP': 1, 'SPHK1': 1}"
T-LGL,BoNesis[FP],60,2.0,"{'GAP': 1, 'STAT3': 1}"
T-LGL,BoNesis[FP],60,2.0,"{'GAP': 1, 'TAX': 1}"
T-LGL,BoNesis[FP],60,2.0,"{'GAP': 1, 'TBET': 1}"
T-LGL,BoNesis[FP],60,2.0,"{'GAP': 1, 'TPL2': 1}"
T-LGL,BoNesis[FP],60,2.0,"{'GRB2': 1, 'IL15': 0}"
T-LGL,BoNesis[FP],60,2.0,"{'GRB2': 1, 'IL2': 1}"
T-LGL,BoNesis[FP],60,2.0,"{'GRB2': 1, 'IL2RB': 0}"
T-LGL,BoNesis[FP],60,2.0,"{'GRB2': 1, 'IL2RBT': 0}"
T-LGL,BoNesis[FP],60,2.0,"{'GRB2': 1, 'JAK': 0}"
T-LGL,BoNesis[FP],60,2.0,"{'GRB2': 1, 'MCL1': 0}"
T-LGL,BoNesis[FP],60,2.0,"{'GRB2': 1, 'MEK': 0}"
T-LGL,BoNesis[FP],60,2.0,"{'GRB2': 1, 'PDGFR': 0}"
T-LGL,BoNesis[FP],60,2.0,"{'GRB2': 1, 'S1P': 0}"
T-LGL,BoNesis[FP],60,2.0,"{'GRB2': 1, 'SOCS': 1}"
T-LGL,BoNesis[FP],60,2.0,"{'GRB2': 1, 'SPHK1': 0}"
T-LGL,BoNesis[FP],60,2.0,"{'GRB2': 1, 'STAT3': 0}"
T-LGL,BoNesis[FP],60,2.0,"{'GRB2': 1, 'TBET': 0}"
T-LGL,BoNesis[FP],60,2.0,"{'GZMB': 1, 'IL15': 0}"
T-LGL,BoNesis[FP],60,2.0,"{'GZMB': 1, 'IL2': 1}"
T-LGL,BoNesis[FP],60,2.0,"{'GZMB': 1, 'IL2RB': 0}"
T-LGL,BoNesis[FP],60,2.0,"{'GZMB': 1, 'IL2RBT': 0}"
T-LGL,BoNesis[FP],60,2.0,"{'GZMB': 1, 'JAK': 0}"
T-LGL,BoNesis[FP],60,2.0,"{'GZMB': 1, 'MCL1': 0}"
T-LGL,BoNesis[FP],60,2.0,"{'GZMB': 1, 'MEK': 0}"
T-LGL,BoNesis[FP],60,2.0,"{'GZMB': 1, 'NFKB': 0}"
T-LGL,BoNesis[FP],60,2.0,"{'GZMB': 1, 'PDGFR': 0}"
T-LGL,BoNesis[FP],60,2.0,"{'GZMB': 1, 'PI3K': 0}"
T-LGL,BoNesis[FP],60,2.0,"{'GZMB': 1, 'RAS': 0}"
T-LGL,BoNesis[FP],60,2.0,"{'GZMB': 1, 'S1P': 0}"
T-LGL,BoNesis[FP],60,2.0,"{'GZMB': 1, 'SOCS': 1}"
T-LGL,BoNesis[FP],60,2.0,"{'GZMB': 1, 'SPHK1': 0}"
T-LGL,BoNesis[FP],60,2.0,"{'GZMB': 1, 'STAT3': 0}"
T-LGL,BoNesis[FP],60,2.0,"{'GZMB': 1, 'TBET': 0}"
T-LGL,BoNesis[FP],60,2.0,"{'IFNG': 1, 'IL15': 0}"
T-LGL,BoNesis[FP],60,2.0,"{'IFNG': 1, 'IL2': 1}"
T-LGL,BoNesis[FP],60,2.0,"{'IFNG': 1, 'IL2RB': 0}"
T-LGL,BoNesis[FP],60,2.0,"{'IFNG': 1, 'IL2RBT': 0}"
T-LGL,BoNesis[FP],60,2.0,"{'IFNG': 1, 'MCL1': 0}"
T-LGL,BoNesis[FP],60,2.0,"{'IFNG': 1, 'MEK': 0}"
T-LGL,BoNesis[FP],60,2.0,"{'IFNG': 1, 'NFKB': 0}"
T-LGL,BoNesis[FP],60,2.0,"{'IFNG': 1, 'PDGFR': 0}"
T-LGL,BoNesis[FP],60,2.0,"{'IFNG': 1, 'S1P': 0}"
T-LGL,BoNesis[FP],60,2.0,"{'IFNG': 1, 'SPHK1': 0}"
T-LGL,BoNesis[FP],60,2.0,"{'IFNG': 1, 'STAT3': 0}"
T-LGL,BoNesis[FP],60,2.0,"{'IFNG': 1, 'TBET': 0}"
T-LGL,BoNesis[FP],60,2.0,"{'IL15': 0, 'IL2RB': 1}"
T-LGL,BoNesis[FP],60,2.0,"{'IL15': 0, 'JAK': 1}"
T-LGL,BoNesis[FP],60,2.0,"{'IL15': 0, 'LCK': 1}"
T-LGL,BoNesis[FP],60,2.0,"{'IL15': 0, 'NFKB': 1}"
T-LGL,BoNesis[FP],60,2.0,"{'IL15': 0, 'PDGF': 1}"
T-LGL,BoNesis[FP],60,2.0,"{'IL15': 0, 'PDGFR': 1}"
T-LGL,BoNesis[FP],60,2.0,"{'IL15': 0, 'PI3K': 1}"
T-LGL,BoNesis[FP],60,2.0,"{'IL15': 0, 'PLCG1': 1}"
T-LGL,BoNesis[FP],60,2.0,"{'IL15': 0, 'RANTES': 1}"
T-LGL,BoNesis[FP],60,2.0,"{'IL15': 0, 'RAS': 1}"
T-LGL,BoNesis[FP],60,2.0,"{'IL15': 0, 'S1P': 1}"
T-LGL,BoNesis[FP],60,2.0,"{'IL15': 0, 'SPHK1': 1}"
T-LGL,BoNesis[FP],60,2.0,"{'IL15': 0, 'STAT3': 1}"
T-LGL,BoNesis[FP],60,2.0,"{'IL15': 0, 'TAX': 1}"
T-LGL,BoNesis[FP],60,2.0,"{'IL15': 0, 'TBET': 1}"
T-LGL,BoNesis[FP],60,2.0,"{'IL15': 0, 'TPL2': 1}"
T-LGL,BoNesis[FP],60,2.0,"{'IL15': 0, 'ZAP70': 1}"
T-LGL,BoNesis[FP],60,2.0,"{'IL2': 1, 'IL2RAT': 1}"
T-LGL,BoNesis[FP],60,2.0,"{'IL2': 1, 'IL2RB': 1}"
T-LGL,BoNesis[FP],60,2.0,"{'IL2': 1, 'IL2RBT': 1}"
T-LGL,BoNesis[FP],60,2.0,"{'IL2': 1, 'JAK': 1}"
T-LGL,BoNesis[FP],60,2.0,"{'IL2': 1, 'LCK': 1}"
T-LGL,BoNesis[FP],60,2.0,"{'IL2': 1, 'NFKB': 1}"
T-LGL,BoNesis[FP],60,2.0,"{'IL2': 1, 'PDGF': 1}"
T-LGL,BoNesis[FP],60,2.0,"{'IL2': 1, 'PDGFR': 1}"
T-LGL,BoNesis[FP],60,2.0,"{'IL2': 1, 'PI3K': 1}"
T-LGL,BoNesis[FP],60,2.0,"{'IL2': 1, 'PLCG1': 1}"
T-LGL,BoNesis[FP],60,2.0,"{'IL2': 1, 'RANTES': 1}"
T-LGL,BoNesis[FP],60,2.0,"{'IL2': 1, 'RAS': 1}"
T-LGL,BoNesis[FP],60,2.0,"{'IL2': 1, 'S1P': 1}"
T-LGL,BoNesis[FP],60,2.0,"{'IL2': 1, 'SPHK1': 1}"
T-LGL,BoNesis[FP],60,2.0,"{'IL2': 1, 'STAT3': 1}"
T-LGL,BoNesis[FP],60,2.0,"{'IL2': 1, 'TAX': 1}"
T-LGL,BoNesis[FP],60,2.0,"{'IL2': 1, 'TBET': 1}"
T-LGL,BoNesis[FP],60,2.0,"{'IL2': 1, 'TPL2': 1}"
T-LGL,BoNesis[FP],60,2.0,"{'IL2': 1, 'ZAP70': 1}"
T-LGL,BoNesis[FP],60,2.0,"{'IL2RA': 1, 'PDGFR': 0}"
T-LGL,BoNesis[FP],60,2.0,"{'IL2RA': 1, 'S1P': 0}"
T-LGL,BoNesis[FP],60,2.0,"{'IL2RA': 1, 'SPHK1': 0}"
T-LGL,BoNesis[FP],60,2.0,"{'IL2RB': 0, 'JAK': 1}"
T-LGL,BoNesis[FP],60,2.0,"{'IL2RB': 0, 'LCK': 1}"
T-LGL,BoNesis[FP],60,2.0,"{'IL2RB': 0, 'NFKB': 1}"
T-LGL,BoNesis[FP],60,2.0,"{'IL2RB': 0, 'PDGF': 1}"
T-LGL,BoNesis[FP],60,2.0,"{'IL2RB': 0, 'PDGFR': 1}"
T-LGL,BoNesis[FP],60,2.0,"{'IL2RB': 0, 'PI3K': 1}"
T-LGL,BoNesis[FP],60,2.0,"{'IL2RB': 0, 'PLCG1': 1}"
T-LGL,BoNesis[FP],60,2.0,"{'IL2RB': 0, 'RANTES': 1}"
T-LGL,BoNesis[FP],60,2.0,"{'IL2RB': 0, 'RAS': 1}"
T-LGL,BoNesis[FP],60,2.0,"{'IL2RB': 0, 'S1P': 1}"
T-LGL,BoNesis[FP],60,2.0,"{'IL2RB': 0, 'SPHK1': 1}"
T-LGL,BoNesis[FP],60,2.0,"{'IL2RB': 0, 'STAT3': 1}"
T-LGL,BoNesis[FP],60,2.0,"{'IL2RB': 0, 'TAX': 1}"
T-LGL,BoNesis[FP],60,2.0,"{'IL2RB': 0, 'TBET': 1}"
T-LGL,BoNesis[FP],60,2.0,"{'IL2RB': 0, 'TPL2': 1}"
T-LGL,BoNesis[FP],60,2.0,"{'IL2RB': 0, 'ZAP70': 1}"
T-LGL,BoNesis[FP],60,2.0,"{'IL2RB': 1, 'JAK': 0}"
T-LGL,BoNesis[FP],60,2.0,"{'IL2RB': 1, 'MCL1': 0}"
T-LGL,BoNesis[FP],60,2.0,"{'IL2RB': 1, 'PDGFR': 0}"
T-LGL,BoNesis[FP],60,2.0,"{'IL2RB': 1, 'S1P': 0}"
T-LGL,BoNesis[FP],60,2.0,"{'IL2RB': 1, 'SOCS': 1}"
T-LGL,BoNesis[FP],60,2.0,"{'IL2RB': 1, 'SPHK1': 0}"
T-LGL,BoNesis[FP],60,2.0,"{'IL2RB': 1, 'STAT3': 0}"
T-LGL,BoNesis[FP],60,2.0,"{'IL2RB': 1, 'TBET': 0}"
T-LGL,BoNesis[FP],60,2.0,"{'IL2RBT': 0, 'JAK': 1}"
T-LGL,BoNesis[FP],60,2.0,"{'IL2RBT': 0, 'LCK': 1}"
T-LGL,BoNesis[FP],60,2.0,"{'IL2RBT': 0, 'NFKB': 1}"
T-LGL,BoNesis[FP],60,2.0,"{'IL2RBT': 0, 'PDGF': 1}"
T-LGL,BoNesis[FP],60,2.0,"{'IL2RBT': 0, 'PDGFR': 1}"
T-LGL,BoNesis[FP],60,2.0,"{'IL2RBT': 0, 'PI3K': 1}"
T-LGL,BoNesis[FP],60,2.0,"{'IL2RBT': 0, 'PLCG1': 1}"
T-LGL,BoNesis[FP],60,2.0,"{'IL2RBT': 0, 'RANTES': 1}"
T-LGL,BoNesis[FP],60,2.0,"{'IL2RBT': 0, 'RAS': 1}"
T-LGL,BoNesis[FP],60,2.0,"{'IL2RBT': 0, 'S1P': 1}"
T-LGL,BoNesis[FP],60,2.0,"{'IL2RBT': 0, 'SPHK1': 1}"
T-LGL,BoNesis[FP],60,2.0,"{'IL2RBT': 0, 'STAT3': 1}"
T-LGL,BoNesis[FP],60,2.0,"{'IL2RBT': 0, 'TAX': 1}"
T-LGL,BoNesis[FP],60,2.0,"{'IL2RBT': 0, 'TBET': 1}"
T-LGL,BoNesis[FP],60,2.0,"{'IL2RBT': 0, 'TPL2': 1}"
T-LGL,BoNesis[FP],60,2.0,"{'IL2RBT': 0, 'ZAP70': 1}"
T-LGL,BoNesis[FP],60,2.0,"{'JAK': 0, 'LCK': 1}"
T-LGL,BoNesis[FP],60,2.0,"{'JAK': 0, 'NFKB': 1}"
T-LGL,BoNesis[FP],60,2.0,"{'JAK': 0, 'PDGF': 1}"
T-LGL,BoNesis[FP],60,2.0,"{'JAK': 0, 'PDGFR': 1}"
T-LGL,BoNesis[FP],60,2.0,"{'JAK': 0, 'PI3K': 1}"
T-LGL,BoNesis[FP],60,2.0,"{'JAK': 0, 'PLCG1': 1}"
T-LGL,BoNesis[FP],60,2.0,"{'JAK': 0, 'RAS': 1}"
T-LGL,BoNesis[FP],60,2.0,"{'JAK': 0, 'S1P': 1}"
T-LGL,BoNesis[FP],60,2.0,"{'JAK': 0, 'SPHK1': 1}"
T-LGL,BoNesis[FP],60,2.0,"{'JAK': 0, 'TAX': 1}"
T-LGL,BoNesis[FP],60,2.0,"{'JAK': 0, 'TBET': 1}"
T-LGL,BoNesis[FP],60,2.0,"{'JAK': 0, 'TPL2': 1}"
T-LGL,BoNesis[FP],60,2.0,"{'JAK': 0, 'ZAP70': 1}"
T-LGL,BoNesis[FP],60,2.0,"{'JAK': 1, 'MCL1': 0}"
T-LGL,BoNesis[FP],60,2.0,"{'JAK': 1, 'MEK': 0}"
T-LGL,BoNesis[FP],60,2.0,"{'JAK': 1, 'NFKB': 0}"
T-LGL,BoNesis[FP],60,2.0,"{'JAK': 1, 'PDGFR': 0}"
T-LGL,BoNesis[FP],60,2.0,"{'JAK': 1, 'PI3K': 0}"
T-LGL,BoNesis[FP],60,2.0,"{'JAK': 1, 'RAS': 0}"
T-LGL,BoNesis[FP],60,2.0,"{'JAK': 1, 'S1P': 0}"
T-LGL,BoNesis[FP],60,2.0,"{'JAK': 1, 'SPHK1': 0}"
T-LGL,BoNesis[FP],60,2.0,"{'JAK': 1, 'STAT3': 0}"
T-LGL,BoNesis[FP],60,2.0,"{'JAK': 1, 'TBET': 0}"
T-LGL,BoNesis[FP],60,2.0,"{'LCK': 1, 'MCL1': 0}"
T-LGL,BoNesis[FP],60,2.0,"{'LCK': 1, 'MEK': 0}"
T-LGL,BoNesis[FP],60,2.0,"{'LCK': 1, 'PDGFR': 0}"
T-LGL,BoNesis[FP],60,2.0,"{'LCK': 1, 'S1P': 0}"
T-LGL,BoNesis[FP],60,2.0,"{'LCK': 1, 'SOCS': 1}"
T-LGL,BoNesis[FP],60,2.0,"{'LCK': 1, 'SPHK1': 0}"
T-LGL,BoNesis[FP],60,2.0,"{'LCK': 1, 'STAT3': 0}"
T-LGL,BoNesis[FP],60,2.0,"{'LCK': 1, 'TBET': 0}"
T-LGL,BoNesis[FP],60,2.0,"{'MCL1': 0, 'NFKB': 1}"
T-LGL,BoNesis[FP],60,2.0,"{'MCL1': 0, 'PDGF': 1}"
T-LGL,BoNesis[FP],60,2.0,"{'MCL1': 0, 'PDGFR': 1}"
T-LGL,BoNesis[FP],60,2.0,"{'MCL1': 0, 'PI3K': 1}"
T-LGL,BoNesis[FP],60,2.0,"{'MCL1': 0, 'PLCG1': 1}"
T-LGL,BoNesis[FP],60,2.0,"{'MCL1': 0, 'RANTES': 1}"
T-LGL,BoNesis[FP],60,2.0,"{'MCL1': 0, 'RAS': 1}"
T-LGL,BoNesis[FP],60,2.0,"{'MCL1': 0, 'S1P': 1}"
T-LGL,BoNesis[FP],60,2.0,"{'MCL1': 0, 'SPHK1': 1}"
T-LGL,BoNesis[FP],60,2.0,"{'MCL1': 0, 'STAT3': 1}"
T-LGL,BoNesis[FP],60,2.0,"{'MCL1': 0, 'TAX': 1}"
T-LGL,BoNesis[FP],60,2.0,"{'MCL1': 0, 'TBET': 1}"
T-LGL,BoNesis[FP],60,2.0,"{'MCL1': 0, 'TPL2': 1}"
T-LGL,BoNesis[FP],60,2.0,"{'MCL1': 0, 'ZAP70': 1}"
T-LGL,BoNesis[FP],60,2.0,"{'MEK': 0, 'NFKB': 1}"
T-LGL,BoNesis[FP],60,2.0,"{'MEK': 0, 'PDGF': 1}"
T-LGL,BoNesis[FP],60,2.0,"{'MEK': 0, 'PDGFR': 1}"
T-LGL,BoNesis[FP],60,2.0,"{'MEK': 0, 'PI3K': 1}"
T-LGL,BoNesis[FP],60,2.0,"{'MEK': 0, 'PLCG1': 1}"
T-LGL,BoNesis[FP],60,2.0,"{'MEK': 0, 'RANTES': 1}"
T-LGL,BoNesis[FP],60,2.0,"{'MEK': 0, 'RAS': 1}"
T-LGL,BoNesis[FP],60,2.0,"{'MEK': 0, 'S1P': 1}"
T-LGL,BoNesis[FP],60,2.0,"{'MEK': 0, 'SPHK1': 1}"
T-LGL,BoNesis[FP],60,2.0,"{'MEK': 0, 'STAT3': 1}"
T-LGL,BoNesis[FP],60,2.0,"{'MEK': 0, 'TAX': 1}"
T-LGL,BoNesis[FP],60,2.0,"{'MEK': 0, 'TBET': 1}"
T-LGL,BoNesis[FP],60,2.0,"{'MEK': 0, 'TPL2': 1}"
T-LGL,BoNesis[FP],60,2.0,"{'MEK': 0, 'ZAP70': 1}"
T-LGL,BoNesis[FP],60,2.0,"{'NFKB': 0, 'STAT3': 1}"
T-LGL,BoNesis[FP],60,2.0,"{'NFKB': 0, 'TBET': 1}"
T-LGL,BoNesis[FP],60,2.0,"{'NFKB': 1, 'PDGFR': 0}"
T-LGL,BoNesis[FP],60,2.0,"{'NFKB': 1, 'PI3K': 0}"
T-LGL,BoNesis[FP],60,2.0,"{'NFKB': 1, 'RAS': 0}"
T-LGL,BoNesis[FP],60,2.0,"{'NFKB': 1, 'S1P': 0}"
T-LGL,BoNesis[FP],60,2.0,"{'NFKB': 1, 'SOCS': 1}"
T-LGL,BoNesis[FP],60,2.0,"{'NFKB': 1, 'SPHK1': 0}"
T-LGL,BoNesis[FP],60,2.0,"{'NFKB': 1, 'STAT3': 0}"
T-LGL,BoNesis[FP],60,2.0,"{'NFKB': 1, 'TBET': 0}"
T-LGL,BoNesis[FP],60,2.0,"{'PDGF': 1, 'RAS': 0}"
T-LGL,BoNesis[FP],60,2.0,"{'PDGF': 1, 'S1P': 0}"
T-LGL,BoNesis[FP],60,2.0,"{'PDGF': 1, 'SOCS': 1}"
T-LGL,BoNesis[FP],60,2.0,"{'PDGF': 1, 'SPHK1': 0}"
T-LGL,BoNesis[FP],60,2.0,"{'PDGF': 1, 'STAT3': 0}"
T-LGL,BoNesis[FP],60,2.0,"{'PDGF': 1, 'TBET': 0}"
T-LGL,BoNesis[FP],60,2.0,"{'PDGFR': 0, 'PI3K': 1}"
T-LGL,BoNesis[FP],60,2.0,"{'PDGFR': 0, 'PLCG1': 1}"
T-LGL,BoNesis[FP],60,2.0,"{'PDGFR': 0, 'RANTES': 1}"
T-LGL,BoNesis[FP],60,2.0,"{'PDGFR': 0, 'RAS': 1}"
T-LGL,BoNesis[FP],60,2.0,"{'PDGFR': 0, 'STAT3': 1}"
T-LGL,BoNesis[FP],60,2.0,"{'PDGFR': 0, 'TAX': 1}"
T-LGL,BoNesis[FP],60,2.0,"{'PDGFR': 0, 'TBET': 1}"
T-LGL,BoNesis[FP],60,2.0,"{'PDGFR': 0, 'TPL2': 1}"
T-LGL,BoNesis[FP],60,2.0,"{'PDGFR': 0, 'ZAP70': 1}"
T-LGL,BoNesis[FP],60,2.0,"{'PDGFR': 1, 'RAS': 0}"
T-LGL,BoNesis[FP],60,2.0,"{'PDGFR': 1, 'S1P': 0}"
T-LGL,BoNesis[FP],60,2.0,"{'PDGFR': 1, 'SOCS': 1}"
T-LGL,BoNesis[FP],60,2.0,"{'PDGFR': 1, 'SPHK1': 0}"
T-LGL,BoNesis[FP],60,2.0,"{'PDGFR': 1, 'STAT3': 0}"
T-LGL,BoNesis[FP],60,2.0,"{'PDGFR': 1, 'TBET': 0}"
T-LGL,BoNesis[FP],60,2.0,"{'PI3K': 0, 'STAT3': 1}"
T-LGL,BoNesis[FP],60,2.0,"{'PI3K': 0, 'TAX': 1}"
T-LGL,BoNesis[FP],60,2.0,"{'PI3K': 0, 'TBET': 1}"
T-LGL,BoNesis[FP],60,2.0,"{'PI3K': 0, 'TPL2': 1}"
T-LGL,BoNesis[FP],60,2.0,"{'PI3K': 1, 'RAS': 0}"
T-LGL,BoNesis[FP],60,2.0,"{'PI3K': 1, 'S1P': 0}"
T-LGL,BoNesis[FP],60,2.0,"{'PI3K': 1, 'SOCS': 1}"
T-LGL,BoNesis[FP],60,2.0,"{'PI3K': 1, 'SPHK1': 0}"
T-LGL,BoNesis[FP],60,2.0,"{'PI3K': 1, 'STAT3': 0}"
T-LGL,BoNesis[FP],60,2.0,"{'PI3K': 1, 'TBET': 0}"
T-LGL,BoNesis[FP],60,2.0,"{'PLCG1': 1, 'S1P': 0}"
T-LGL,BoNesis[FP],60,2.0,"{'PLCG1': 1, 'SOCS': 1}"
T-LGL,BoNesis[FP],60,2.0,"{'PLCG1': 1, 'SPHK1': 0}"
T-LGL,BoNesis[FP],60,2.0,"{'PLCG1': 1, 'STAT3': 0}"
T-LGL,BoNesis[FP],60,2.0,"{'PLCG1': 1, 'TBET': 0}"
T-LGL,BoNesis[FP],60,2.0,"{'RANTES': 1, 'S1P': 0}"
T-LGL,BoNesis[FP],60,2.0,"{'RANTES': 1, 'SPHK1': 0}"
T-LGL,BoNesis[FP],60,2.0,"{'RANTES': 1, 'STAT3': 0}"
T-LGL,BoNesis[FP],60,2.0,"{'RANTES': 1, 'TBET': 0}"
T-LGL,BoNesis[FP],60,2.0,"{'RAS': 0, 'S1P': 1}"
T-LGL,BoNesis[FP],60,2.0,"{'RAS': 0, 'SPHK1': 1}"
T-LGL,BoNesis[FP],60,2.0,"{'RAS': 0, 'STAT3': 1}"
T-LGL,BoNesis[FP],60,2.0,"{'RAS': 0, 'TAX': 1}"
T-LGL,BoNesis[FP],60,2.0,"{'RAS': 0, 'TBET': 1}"
T-LGL,BoNesis[FP],60,2.0,"{'RAS': 0, 'TPL2': 1}"
T-LGL,BoNesis[FP],60,2.0,"{'RAS': 1, 'S1P': 0}"
T-LGL,BoNesis[FP],60,2.0,"{'RAS': 1, 'SOCS': 1}"
T-LGL,BoNesis[FP],60,2.0,"{'RAS': 1, 'SPHK1': 0}"
T-LGL,BoNesis[FP],60,2.0,"{'RAS': 1, 'STAT3': 0}"
T-LGL,BoNesis[FP],60,2.0,"{'RAS': 1, 'TBET': 0}"
T-LGL,BoNesis[FP],60,2.0,"{'S1P': 0, 'STAT3': 1}"
T-LGL,BoNesis[FP],60,2.0,"{'S1P': 0, 'TAX': 1}"
T-LGL,BoNesis[FP],60,2.0,"{'S1P': 0, 'TBET': 1}"
T-LGL,BoNesis[FP],60,2.0,"{'S1P': 0, 'TPL2': 1}"
T-LGL,BoNesis[FP],60,2.0,"{'S1P': 0, 'ZAP70': 1}"
T-LGL,BoNesis[FP],60,2.0,"{'S1P': 1, 'SOCS': 1}"
T-LGL,BoNesis[FP],60,2.0,"{'S1P': 1, 'STAT3': 0}"
T-LGL,BoNesis[FP],60,2.0,"{'S1P': 1, 'TBET': 0}"
T-LGL,BoNesis[FP],60,2.0,"{'SOCS': 1, 'SPHK1': 1}"
T-LGL,BoNesis[FP],60,2.0,"{'SOCS': 1, 'TAX': 1}"
T-LGL,BoNesis[FP],60,2.0,"{'SOCS': 1, 'TBET': 1}"
T-LGL,BoNesis[FP],60,2.0,"{'SOCS': 1, 'TPL2': 1}"
T-LGL,BoNesis[FP],60,2.0,"{'SOCS': 1, 'ZAP70': 1}"
T-LGL,BoNesis[FP],60,2.0,"{'SPHK1': 0, 'STAT3': 1}"
T-LGL,BoNesis[FP],60,2.0,"{'SPHK1': 0, 'TAX': 1}"
T-LGL,BoNesis[FP],60,2.0,"{'SPHK1': 0, 'TBET': 1}"
T-LGL,BoNesis[FP],60,2.0,"{'SPHK1': 0, 'TPL2': 1}"
T-LGL,BoNesis[FP],60,2.0,"{'SPHK1': 0, 'ZAP70': 1}"
T-LGL,BoNesis[FP],60,2.0,"{'SPHK1': 1, 'STAT3': 0}"
T-LGL,BoNesis[FP],60,2.0,"{'SPHK1': 1, 'TBET': 0}"
T-LGL,BoNesis[FP],60,2.0,"{'STAT3': 0, 'TAX': 1}"
T-LGL,BoNesis[FP],60,2.0,"{'STAT3': 0, 'TBET': 1}"
T-LGL,BoNesis[FP],60,2.0,"{'STAT3': 0, 'TPL2': 1}"
T-LGL,BoNesis[FP],60,2.0,"{'STAT3': 0, 'ZAP70': 1}"
T-LGL,BoNesis[FP],60,2.0,"{'STAT3': 1, 'TBET': 0}"
T-LGL,BoNesis[FP],60,2.0,"{'TAX': 1, 'TBET': 0}"
T-LGL,BoNesis[FP],60,2.0,"{'TBET': 0, 'TPL2': 1}"
T-LGL,BoNesis[FP],60,2.0,"{'TBET': 0, 'ZAP70': 1}"
T-LGL,BoNesis[MTS],60,1.0,{'Apoptosis': 1}
T-LGL,BoNesis[MTS],60,1.0,{'Caspase': 1}
T-LGL,BoNesis[MTS],60,1.0,{'DISC': 1}
T-LGL,BoNesis[MTS],60,2.0,"{'BID': 1, 'GZMB': 1}"
T-LGL,BoNesis[MTS],60,2.0,"{'BID': 1, 'JAK': 1}"
T-LGL,BoNesis[MTS],60,2.0,"{'BID': 1, 'TBET': 1}"
T-LGL,BoNesis[MTS],60,2.0,"{'BID': 1, 'TRADD': 1}"
T-LGL,BoNesis[MTS],60,2.0,"{'CD45': 1, 'GZMB': 1}"
T-LGL,BoNesis[MTS],60,2.0,"{'CD45': 1, 'TBET': 1}"
T-LGL,BoNesis[MTS],60,2.0,"{'Ceramide': 1, 'FasT': 1}"
T-LGL,BoNesis[MTS],60,2.0,"{'Ceramide': 1, 'GRB2': 1}"
T-LGL,BoNesis[MTS],60,2.0,"{'Ceramide': 1, 'GZMB': 1}"
T-LGL,BoNesis[MTS],60,2.0,"{'Ceramide': 1, 'JAK': 1}"
T-LGL,BoNesis[MTS],60,2.0,"{'Ceramide': 1, 'NFKB': 1}"
T-LGL,BoNesis[MTS],60,2.0,"{'Ceramide': 1, 'PDGF': 1}"
T-LGL,BoNesis[MTS],60,2.0,"{'Ceramide': 1, 'PDGFR': 1}"
T-LGL,BoNesis[MTS],60,2.0,"{'Ceramide': 1, 'PI3K': 1}"
T-LGL,BoNesis[MTS],60,2.0,"{'Ceramide': 1, 'PLCG1': 1}"
T-LGL,BoNesis[MTS],60,2.0,"{'Ceramide': 1, 'RAS': 1}"
T-LGL,BoNesis[MTS],60,2.0,"{'Ceramide': 1, 'S1P': 1}"
T-LGL,BoNesis[MTS],60,2.0,"{'Ceramide': 1, 'TAX': 1}"
T-LGL,BoNesis[MTS],60,2.0,"{'Ceramide': 1, 'TBET': 1}"
T-LGL,BoNesis[MTS],60,2.0,"{'Ceramide': 1, 'TPL2': 1}"
T-LGL,BoNesis[MTS],60,2.0,"{'Ceramide': 1, 'ZAP70': 1}"
T-LGL,BoNesis[MTS],60,2.0,"{'ERK': 0, 'GZMB': 1}"
T-LGL,BoNesis[MTS],60,2.0,"{'ERK': 0, 'JAK': 1}"
T-LGL,BoNesis[MTS],60,2.0,"{'ERK': 0, 'TBET': 1}"
T-LGL,BoNesis[MTS],60,2.0,"{'GAP': 1, 'GZMB': 1}"
T-LGL,BoNesis[MTS],60,2.0,"{'GAP': 1, 'JAK': 1}"
T-LGL,BoNesis[MTS],60,2.0,"{'GAP': 1, 'TBET': 1}"
T-LGL,BoNesis[MTS],60,2.0,"{'GRB2': 1, 'PDGFR': 0}"
T-LGL,BoNesis[MTS],60,2.0,"{'GRB2': 1, 'S1P': 0}"
T-LGL,BoNesis[MTS],60,2.0,"{'GRB2': 1, 'SPHK1': 0}"
T-LGL,BoNesis[MTS],60,2.0,"{'GZMB': 1, 'IL15': 0}"
T-LGL,BoNesis[MTS],60,2.0,"{'GZMB': 1, 'IL2RB': 0}"
T-LGL,BoNesis[MTS],60,2.0,"{'GZMB': 1, 'IL2RBT': 0}"
T-LGL,BoNesis[MTS],60,2.0,"{'GZMB': 1, 'JAK': 0}"
T-LGL,BoNesis[MTS],60,2.0,"{'GZMB': 1, 'MCL1': 0}"
T-LGL,BoNesis[MTS],60,2.0,"{'GZMB': 1, 'MEK': 0}"
T-LGL,BoNesis[MTS],60,2.0,"{'GZMB': 1, 'NFKB': 0}"
T-LGL,BoNesis[MTS],60,2.0,"{'GZMB': 1, 'PDGFR': 0}"
T-LGL,BoNesis[MTS],60,2.0,"{'GZMB': 1, 'PI3K': 0}"
T-LGL,BoNesis[MTS],60,2.0,"{'GZMB': 1, 'RAS': 0}"
T-LGL,BoNesis[MTS],60,2.0,"{'GZMB': 1, 'S1P': 0}"
T-LGL,BoNesis[MTS],60,2.0,"{'GZMB': 1, 'SOCS': 1}"
T-LGL,BoNesis[MTS],60,2.0,"{'GZMB': 1, 'SPHK1': 0}"
T-LGL,BoNesis[MTS],60,2.0,"{'GZMB': 1, 'STAT3': 0}"
T-LGL,BoNesis[MTS],60,2.0,"{'GZMB': 1, 'TBET': 0}"
T-LGL,BoNesis[MTS],60,2.0,"{'IL15': 0, 'JAK': 1}"
T-LGL,BoNesis[MTS],60,2.0,"{'IL15': 0, 'TBET': 1}"
T-LGL,BoNesis[MTS],60,2.0,"{'IL2RB': 0, 'JAK': 1}"
T-LGL,BoNesis[MTS],60,2.0,"{'IL2RB': 0, 'TBET': 1}"
T-LGL,BoNesis[MTS],60,2.0,"{'IL2RBT': 0, 'JAK': 1}"
T-LGL,BoNesis[MTS],60,2.0,"{'IL2RBT': 0, 'TBET': 1}"
T-LGL,BoNesis[MTS],60,2.0,"{'JAK': 0, 'TBET': 1}"
T-LGL,BoNesis[MTS],60,2.0,"{'JAK': 1, 'MCL1': 0}"
T-LGL,BoNesis[MTS],60,2.0,"{'JAK': 1, 'MEK': 0}"
T-LGL,BoNesis[MTS],60,2.0,"{'JAK': 1, 'NFKB': 0}"
T-LGL,BoNesis[MTS],60,2.0,"{'JAK': 1, 'PDGFR': 0}"
T-LGL,BoNesis[MTS],60,2.0,"{'JAK': 1, 'PI3K': 0}"
T-LGL,BoNesis[MTS],60,2.0,"{'JAK': 1, 'RAS': 0}"
T-LGL,BoNesis[MTS],60,2.0,"{'JAK': 1, 'S1P': 0}"
T-LGL,BoNesis[MTS],60,2.0,"{'JAK': 1, 'SPHK1': 0}"
T-LGL,BoNesis[MTS],60,2.0,"{'JAK': 1, 'STAT3': 0}"
T-LGL,BoNesis[MTS],60,2.0,"{'MCL1': 0, 'TBET': 1}"
T-LGL,BoNesis[MTS],60,2.0,"{'MEK': 0, 'TBET': 1}"
T-LGL,BoNesis[MTS],60,2.0,"{'NFKB': 0, 'TBET': 1}"
T-LGL,BoNesis[MTS],60,2.0,"{'NFKB': 1, 'PDGFR': 0}"
T-LGL,BoNesis[MTS],60,2.0,"{'NFKB': 1, 'S1P': 0}"
T-LGL,BoNesis[MTS],60,2.0,"{'NFKB': 1, 'SPHK1': 0}"
T-LGL,BoNesis[MTS],60,2.0,"{'PDGF': 1, 'S1P': 0}"
T-LGL,BoNesis[MTS],60,2.0,"{'PDGF': 1, 'SPHK1': 0}"
T-LGL,BoNesis[MTS],60,2.0,"{'PDGFR': 0, 'PI3K': 1}"
T-LGL,BoNesis[MTS],60,2.0,"{'PDGFR': 0, 'PLCG1': 1}"
T-LGL,BoNesis[MTS],60,2.0,"{'PDGFR': 0, 'RAS': 1}"
T-LGL,BoNesis[MTS],60,2.0,"{'PDGFR': 0, 'TAX': 1}"
T-LGL,BoNesis[MTS],60,2.0,"{'PDGFR': 0, 'TBET': 1}"
T-LGL,BoNesis[MTS],60,2.0,"{'PDGFR': 0, 'TPL2': 1}"
T-LGL,BoNesis[MTS],60,2.0,"{'PDGFR': 0, 'ZAP70': 1}"
T-LGL,BoNesis[MTS],60,2.0,"{'PDGFR': 1, 'S1P': 0}"
T-LGL,BoNesis[MTS],60,2.0,"{'PDGFR': 1, 'SPHK1': 0}"
T-LGL,BoNesis[MTS],60,2.0,"{'PI3K': 0, 'TBET': 1}"
T-LGL,BoNesis[MTS],60,2.0,"{'PI3K': 1, 'S1P': 0}"
T-LGL,BoNesis[MTS],60,2.0,"{'PI3K': 1, 'SPHK1': 0}"
T-LGL,BoNesis[MTS],60,2.0,"{'PLCG1': 1, 'S1P': 0}"
T-LGL,BoNesis[MTS],60,2.0,"{'PLCG1': 1, 'SPHK1': 0}"
T-LGL,BoNesis[MTS],60,2.0,"{'RAS': 0, 'TBET': 1}"
T-LGL,BoNesis[MTS],60,2.0,"{'RAS': 1, 'S1P': 0}"
T-LGL,BoNesis[MTS],60,2.0,"{'RAS': 1, 'SPHK1': 0}"
T-LGL,BoNesis[MTS],60,2.0,"{'S1P': 0, 'TAX': 1}"
T-LGL,BoNesis[MTS],60,2.0,"{'S1P': 0, 'TBET': 1}"
T-LGL,BoNesis[MTS],60,2.0,"{'S1P': 0, 'TPL2': 1}"
T-LGL,BoNesis[MTS],60,2.0,"{'S1P': 0, 'ZAP70': 1}"
T-LGL,BoNesis[MTS],60,2.0,"{'SOCS': 1, 'TBET': 1}"
T-LGL,BoNesis[MTS],60,2.0,"{'SPHK1': 0, 'TAX': 1}"
T-LGL,BoNesis[MTS],60,2.0,"{'SPHK1': 0, 'TBET': 1}"
T-LGL,BoNesis[MTS],60,2.0,"{'SPHK1': 0, 'TPL2': 1}"
T-LGL,BoNesis[MTS],60,2.0,"{'SPHK1': 0, 'ZAP70': 1}"
T-LGL,BoNesis[MTS],60,2.0,"{'STAT3': 0, 'TBET': 1}"
T-LGL,CABEAN[ITC],60,inf,{}
T-LGL,CABEAN[PTC],60,inf,{}
T-LGL,CABEAN[TTC],60,inf,{}
T-LGL,Caspo,60,1.0,{'Apoptosis': 1}
T-LGL,Caspo,60,1.0,{'Caspase': 1}
T-LGL,Caspo,60,1.0,{'DISC': 1}
T-LGL,Caspo,60,2.0,"{'BID': 1, 'GZMB': 1}"
T-LGL,Caspo,60,2.0,"{'BID': 1, 'JAK': 1}"
T-LGL,Caspo,60,2.0,"{'BID': 1, 'TBET': 1}"
T-LGL,Caspo,60,2.0,"{'BID': 1, 'TRADD': 1}"
T-LGL,Caspo,60,2.0,"{'CD45': 1, 'GZMB': 1}"
T-LGL,Caspo,60,2.0,"{'CD45': 1, 'TBET': 1}"
T-LGL,Caspo,60,2.0,"{'Ceramide': 1, 'FasT': 1}"
T-LGL,Caspo,60,2.0,"{'Ceramide': 1, 'NFKB': 1}"
T-LGL,Caspo,60,2.0,"{'Ceramide': 1, 'PDGF': 1}"
T-LGL,Caspo,60,2.0,"{'Ceramide': 1, 'PDGFR': 1}"
T-LGL,Caspo,60,2.0,"{'Ceramide': 1, 'PI3K': 1}"
T-LGL,Caspo,60,2.0,"{'Ceramide': 1, 'RAS': 1}"
T-LGL,Caspo,60,2.0,"{'Ceramide': 1, 'S1P': 1}"
T-LGL,Caspo,60,2.0,"{'Ceramide': 1, 'TAX': 1}"
T-LGL,Caspo,60,2.0,"{'Ceramide': 1, 'TPL2': 1}"
T-LGL,Caspo,60,2.0,"{'ERK': 0, 'GZMB': 1}"
T-LGL,Caspo,60,2.0,"{'ERK': 0, 'JAK': 1}"
T-LGL,Caspo,60,2.0,"{'ERK': 0, 'TBET': 1}"
T-LGL,Caspo,60,2.0,"{'GAP': 1, 'GZMB': 1}"
T-LGL,Caspo,60,2.0,"{'GAP': 1, 'JAK': 1}"
T-LGL,Caspo,60,2.0,"{'GAP': 1, 'TBET': 1}"
T-LGL,Caspo,60,2.0,"{'GZMB': 1, 'IL2RB': 0}"
T-LGL,Caspo,60,2.0,"{'GZMB': 1, 'IL2RBT': 0}"
T-LGL,Caspo,60,2.0,"{'GZMB': 1, 'JAK': 0}"
T-LGL,Caspo,60,2.0,"{'GZMB': 1, 'MCL1': 0}"
T-LGL,Caspo,60,2.0,"{'GZMB': 1, 'MEK': 0}"
T-LGL,Caspo,60,2.0,"{'GZMB': 1, 'NFKB': 0}"
T-LGL,Caspo,60,2.0,"{'GZMB': 1, 'PI3K': 0}"
T-LGL,Caspo,60,2.0,"{'GZMB': 1, 'RAS': 0}"
T-LGL,Caspo,60,2.0,"{'GZMB': 1, 'SOCS': 1}"
T-LGL,Caspo,60,2.0,"{'GZMB': 1, 'STAT3': 0}"
T-LGL,Caspo,60,2.0,"{'GZMB': 1, 'TBET': 0}"
T-LGL,Caspo,60,2.0,"{'IL15': 0, 'JAK': 1}"
T-LGL,Caspo,60,2.0,"{'IL15': 0, 'TBET': 1}"
T-LGL,Caspo,60,2.0,"{'IL2RB': 0, 'JAK': 1}"
T-LGL,Caspo,60,2.0,"{'IL2RB': 0, 'TBET': 1}"
T-LGL,Caspo,60,2.0,"{'IL2RBT': 0, 'JAK': 1}"
T-LGL,Caspo,60,2.0,"{'IL2RBT': 0, 'TBET': 1}"
T-LGL,Caspo,60,2.0,"{'JAK': 0, 'TBET': 1}"
T-LGL,Caspo,60,2.0,"{'JAK': 1, 'MCL1': 0}"
T-LGL,Caspo,60,2.0,"{'JAK': 1, 'MEK': 0}"
T-LGL,Caspo,60,2.0,"{'JAK': 1, 'NFKB': 0}"
T-LGL,Caspo,60,2.0,"{'JAK': 1, 'PI3K': 0}"
T-LGL,Caspo,60,2.0,"{'JAK': 1, 'RAS': 0}"
T-LGL,Caspo,60,2.0,"{'JAK': 1, 'STAT3': 0}"
T-LGL,Caspo,60,2.0,"{'MCL1': 0, 'TBET': 1}"
T-LGL,Caspo,60,2.0,"{'MEK': 0, 'TBET': 1}"
T-LGL,Caspo,60,2.0,"{'NFKB': 0, 'TBET': 1}"
T-LGL,Caspo,60,2.0,"{'NFKB': 1, 'PDGFR': 0}"
T-LGL,Caspo,60,2.0,"{'NFKB': 1, 'S1P': 0}"
T-LGL,Caspo,60,2.0,"{'NFKB': 1, 'SPHK1': 0}"
T-LGL,Caspo,60,2.0,"{'PDGF': 1, 'S1P': 0}"
T-LGL,Caspo,60,2.0,"{'PDGF': 1, 'SPHK1': 0}"
T-LGL,Caspo,60,2.0,"{'PDGFR': 0, 'PI3K': 1}"
T-LGL,Caspo,60,2.0,"{'PDGFR': 0, 'RAS': 1}"
T-LGL,Caspo,60,2.0,"{'PDGFR': 0, 'TAX': 1}"
T-LGL,Caspo,60,2.0,"{'PDGFR': 0, 'TPL2': 1}"
T-LGL,Caspo,60,2.0,"{'PDGFR': 1, 'S1P': 0}"
T-LGL,Caspo,60,2.0,"{'PDGFR': 1, 'SPHK1': 0}"
T-LGL,Caspo,60,2.0,"{'PI3K': 0, 'TBET': 1}"
T-LGL,Caspo,60,2.0,"{'PI3K': 1, 'S1P': 0}"
T-LGL,Caspo,60,2.0,"{'PI3K': 1, 'SPHK1': 0}"
T-LGL,Caspo,60,2.0,"{'RAS': 0, 'TBET': 1}"
T-LGL,Caspo,60,2.0,"{'RAS': 1, 'S1P': 0}"
T-LGL,Caspo,60,2.0,"{'RAS': 1, 'SPHK1': 0}"
T-LGL,Caspo,60,2.0,"{'S1P': 0, 'TAX': 1}"
T-LGL,Caspo,60,2.0,"{'S1P': 0, 'TPL2': 1}"
T-LGL,Caspo,60,2.0,"{'SOCS': 1, 'TBET': 1}"
T-LGL,Caspo,60,2.0,"{'SPHK1': 0, 'TAX': 1}"
T-LGL,Caspo,60,2.0,"{'SPHK1': 0, 'TPL2': 1}"
T-LGL,Caspo,60,2.0,"{'STAT3': 0, 'TBET': 1}"
T-LGL,optbn[FP],60,1.0,{'Apoptosis': 1}
T-LGL,optbn[FP],60,1.0,{'CD45': 1}
T-LGL,optbn[FP],60,1.0,{'Caspase': 1}
T-LGL,optbn[FP],60,1.0,{'DISC': 1}
T-LGL,optbn[FP],60,1.0,{'Stimuli': 1}
T-LGL,optbn[FP],60,2.0,"{'BID': 1, 'GRB2': 1}"
T-LGL,optbn[FP],60,2.0,"{'BID': 1, 'GZMB': 1}"
T-LGL,optbn[FP],60,2.0,"{'BID': 1, 'IFNG': 1}"
T-LGL,optbn[FP],60,2.0,"{'BID': 1, 'IL2RB': 1}"
T-LGL,optbn[FP],60,2.0,"{'BID': 1, 'JAK': 1}"
T-LGL,optbn[FP],60,2.0,"{'BID': 1, 'LCK': 1}"
T-LGL,optbn[FP],60,2.0,"{'BID': 1, 'NFKB': 1}"
T-LGL,optbn[FP],60,2.0,"{'BID': 1, 'PDGF': 1}"
T-LGL,optbn[FP],60,2.0,"{'BID': 1, 'PDGFR': 1}"
T-LGL,optbn[FP],60,2.0,"{'BID': 1, 'PI3K': 1}"
T-LGL,optbn[FP],60,2.0,"{'BID': 1, 'PLCG1': 1}"
T-LGL,optbn[FP],60,2.0,"{'BID': 1, 'RANTES': 1}"
T-LGL,optbn[FP],60,2.0,"{'BID': 1, 'RAS': 1}"
T-LGL,optbn[FP],60,2.0,"{'BID': 1, 'S1P': 1}"
T-LGL,optbn[FP],60,2.0,"{'BID': 1, 'SPHK1': 1}"
T-LGL,optbn[FP],60,2.0,"{'BID': 1, 'STAT3': 1}"
T-LGL,optbn[FP],60,2.0,"{'BID': 1, 'TAX': 1}"
T-LGL,optbn[FP],60,2.0,"{'BID': 1, 'TBET': 1}"
T-LGL,optbn[FP],60,2.0,"{'BID': 1, 'TNF': 1}"
T-LGL,optbn[FP],60,2.0,"{'BID': 1, 'TPL2': 1}"
T-LGL,optbn[FP],60,2.0,"{'BID': 1, 'TRADD': 1}"
T-LGL,optbn[FP],60,2.0,"{'BID': 1, 'ZAP70': 1}"
T-LGL,optbn[FP],60,2.0,"{'Ceramide': 1, 'FasT': 1}"
T-LGL,optbn[FP],60,2.0,"{'Ceramide': 1, 'GRB2': 1}"
T-LGL,optbn[FP],60,2.0,"{'Ceramide': 1, 'GZMB': 1}"
T-LGL,optbn[FP],60,2.0,"{'Ceramide': 1, 'IFNG': 1}"
T-LGL,optbn[FP],60,2.0,"{'Ceramide': 1, 'IL2RA': 1}"
T-LGL,optbn[FP],60,2.0,"{'Ceramide': 1, 'IL2RB': 1}"
T-LGL,optbn[FP],60,2.0,"{'Ceramide': 1, 'JAK': 1}"
T-LGL,optbn[FP],60,2.0,"{'Ceramide': 1, 'LCK': 1}"
T-LGL,optbn[FP],60,2.0,"{'Ceramide': 1, 'NFKB': 1}"
T-LGL,optbn[FP],60,2.0,"{'Ceramide': 1, 'PDGF': 1}"
T-LGL,optbn[FP],60,2.0,"{'Ceramide': 1, 'PDGFR': 1}"
T-LGL,optbn[FP],60,2.0,"{'Ceramide': 1, 'PI3K': 1}"
T-LGL,optbn[FP],60,2.0,"{'Ceramide': 1, 'PLCG1': 1}"
T-LGL,optbn[FP],60,2.0,"{'Ceramide': 1, 'RANTES': 1}"
T-LGL,optbn[FP],60,2.0,"{'Ceramide': 1, 'RAS': 1}"
T-LGL,optbn[FP],60,2.0,"{'Ceramide': 1, 'S1P': 1}"
T-LGL,optbn[FP],60,2.0,"{'Ceramide': 1, 'STAT3': 1}"
T-LGL,optbn[FP],60,2.0,"{'Ceramide': 1, 'TAX': 1}"
T-LGL,optbn[FP],60,2.0,"{'Ceramide': 1, 'TBET': 1}"
T-LGL,optbn[FP],60,2.0,"{'Ceramide': 1, 'TPL2': 1}"
T-LGL,optbn[FP],60,2.0,"{'Ceramide': 1, 'ZAP70': 1}"
T-LGL,optbn[FP],60,2.0,"{'ERK': 0, 'GRB2': 1}"
T-LGL,optbn[FP],60,2.0,"{'ERK': 0, 'GZMB': 1}"
T-LGL,optbn[FP],60,2.0,"{'ERK': 0, 'IFNG': 1}"
T-LGL,optbn[FP],60,2.0,"{'ERK': 0, 'JAK': 1}"
T-LGL,optbn[FP],60,2.0,"{'ERK': 0, 'LCK': 1}"
T-LGL,optbn[FP],60,2.0,"{'ERK': 0, 'NFKB': 1}"
T-LGL,optbn[FP],60,2.0,"{'ERK': 0, 'PDGF': 1}"
T-LGL,optbn[FP],60,2.0,"{'ERK': 0, 'PDGFR': 1}"
T-LGL,optbn[FP],60,2.0,"{'ERK': 0, 'PI3K': 1}"
T-LGL,optbn[FP],60,2.0,"{'ERK': 0, 'PLCG1': 1}"
T-LGL,optbn[FP],60,2.0,"{'ERK': 0, 'RANTES': 1}"
T-LGL,optbn[FP],60,2.0,"{'ERK': 0, 'RAS': 1}"
T-LGL,optbn[FP],60,2.0,"{'ERK': 0, 'S1P': 1}"
T-LGL,optbn[FP],60,2.0,"{'ERK': 0, 'SPHK1': 1}"
T-LGL,optbn[FP],60,2.0,"{'ERK': 0, 'STAT3': 1}"
T-LGL,optbn[FP],60,2.0,"{'ERK': 0, 'TAX': 1}"
T-LGL,optbn[FP],60,2.0,"{'ERK': 0, 'TBET': 1}"
T-LGL,optbn[FP],60,2.0,"{'ERK': 0, 'TPL2': 1}"
T-LGL,optbn[FP],60,2.0,"{'ERK': 0, 'ZAP70': 1}"
T-LGL,optbn[FP],60,2.0,"{'FYN': 0, 'GRB2': 1}"
T-LGL,optbn[FP],60,2.0,"{'FYN': 0, 'GZMB': 1}"
T-LGL,optbn[FP],60,2.0,"{'FYN': 0, 'IFNG': 1}"
T-LGL,optbn[FP],60,2.0,"{'FYN': 0, 'IL2RB': 1}"
T-LGL,optbn[FP],60,2.0,"{'FYN': 0, 'NFKB': 1}"
T-LGL,optbn[FP],60,2.0,"{'FYN': 0, 'PDGF': 1}"
T-LGL,optbn[FP],60,2.0,"{'FYN': 0, 'PDGFR': 1}"
T-LGL,optbn[FP],60,2.0,"{'FYN': 0, 'PI3K': 1}"
T-LGL,optbn[FP],60,2.0,"{'FYN': 0, 'PLCG1': 1}"
T-LGL,optbn[FP],60,2.0,"{'FYN': 0, 'RANTES': 1}"
T-LGL,optbn[FP],60,2.0,"{'FYN': 0, 'RAS': 1}"
T-LGL,optbn[FP],60,2.0,"{'FYN': 0, 'S1P': 1}"
T-LGL,optbn[FP],60,2.0,"{'FYN': 0, 'SPHK1': 1}"
T-LGL,optbn[FP],60,2.0,"{'FYN': 0, 'TAX': 1}"
T-LGL,optbn[FP],60,2.0,"{'FYN': 0, 'TBET': 1}"
T-LGL,optbn[FP],60,2.0,"{'FYN': 0, 'TCR': 1}"
T-LGL,optbn[FP],60,2.0,"{'FYN': 0, 'TPL2': 1}"
T-LGL,optbn[FP],60,2.0,"{'GAP': 1, 'GZMB': 1}"
T-LGL,optbn[FP],60,2.0,"{'GAP': 1, 'JAK': 1}"
T-LGL,optbn[FP],60,2.0,"{'GAP': 1, 'NFKB': 1}"
T-LGL,optbn[FP],60,2.0,"{'GAP': 1, 'PDGF': 1}"
T-LGL,optbn[FP],60,2.0,"{'GAP': 1, 'PDGFR': 1}"
T-LGL,optbn[FP],60,2.0,"{'GAP': 1, 'PI3K': 1}"
T-LGL,optbn[FP],60,2.0,"{'GAP': 1, 'S1P': 1}"
T-LGL,optbn[FP],60,2.0,"{'GAP': 1, 'SPHK1': 1}"
T-LGL,optbn[FP],60,2.0,"{'GAP': 1, 'STAT3': 1}"
T-LGL,optbn[FP],60,2.0,"{'GAP': 1, 'TAX': 1}"
T-LGL,optbn[FP],60,2.0,"{'GAP': 1, 'TBET': 1}"
T-LGL,optbn[FP],60,2.0,"{'GAP': 1, 'TPL2': 1}"
T-LGL,optbn[FP],60,2.0,"{'GRB2': 1, 'IL15': 0}"
T-LGL,optbn[FP],60,2.0,"{'GRB2': 1, 'IL2': 1}"
T-LGL,optbn[FP],60,2.0,"{'GRB2': 1, 'IL2RB': 0}"
T-LGL,optbn[FP],60,2.0,"{'GRB2': 1, 'IL2RBT': 0}"
T-LGL,optbn[FP],60,2.0,"{'GRB2': 1, 'JAK': 0}"
T-LGL,optbn[FP],60,2.0,"{'GRB2': 1, 'MCL1': 0}"
T-LGL,optbn[FP],60,2.0,"{'GRB2': 1, 'MEK': 0}"
T-LGL,optbn[FP],60,2.0,"{'GRB2': 1, 'PDGFR': 0}"
T-LGL,optbn[FP],60,2.0,"{'GRB2': 1, 'S1P': 0}"
T-LGL,optbn[FP],60,2.0,"{'GRB2': 1, 'SOCS': 1}"
T-LGL,optbn[FP],60,2.0,"{'GRB2': 1, 'SPHK1': 0}"
T-LGL,optbn[FP],60,2.0,"{'GRB2': 1, 'STAT3': 0}"
T-LGL,optbn[FP],60,2.0,"{'GRB2': 1, 'TBET': 0}"
T-LGL,optbn[FP],60,2.0,"{'GZMB': 1, 'IL15': 0}"
T-LGL,optbn[FP],60,2.0,"{'GZMB': 1, 'IL2': 1}"
T-LGL,optbn[FP],60,2.0,"{'GZMB': 1, 'IL2RB': 0}"
T-LGL,optbn[FP],60,2.0,"{'GZMB': 1, 'IL2RBT': 0}"
T-LGL,optbn[FP],60,2.0,"{'GZMB': 1, 'JAK': 0}"
T-LGL,optbn[FP],60,2.0,"{'GZMB': 1, 'MCL1': 0}"
T-LGL,optbn[FP],60,2.0,"{'GZMB': 1, 'MEK': 0}"
T-LGL,optbn[FP],60,2.0,"{'GZMB': 1, 'NFKB': 0}"
T-LGL,optbn[FP],60,2.0,"{'GZMB': 1, 'PDGFR': 0}"
T-LGL,optbn[FP],60,2.0,"{'GZMB': 1, 'PI3K': 0}"
T-LGL,optbn[FP],60,2.0,"{'GZMB': 1, 'RAS': 0}"
T-LGL,optbn[FP],60,2.0,"{'GZMB': 1, 'S1P': 0}"
T-LGL,optbn[FP],60,2.0,"{'GZMB': 1, 'SOCS': 1}"
T-LGL,optbn[FP],60,2.0,"{'GZMB': 1, 'SPHK1': 0}"
T-LGL,optbn[FP],60,2.0,"{'GZMB': 1, 'STAT3': 0}"
T-LGL,optbn[FP],60,2.0,"{'GZMB': 1, 'TBET': 0}"
T-LGL,optbn[FP],60,2.0,"{'IFNG': 1, 'IL15': 0}"
T-LGL,optbn[FP],60,2.0,"{'IFNG': 1, 'IL2': 1}"
T-LGL,optbn[FP],60,2.0,"{'IFNG': 1, 'IL2RB': 0}"
T-LGL,optbn[FP],60,2.0,"{'IFNG': 1, 'IL2RBT': 0}"
T-LGL,optbn[FP],60,2.0,"{'IFNG': 1, 'MCL1': 0}"
T-LGL,optbn[FP],60,2.0,"{'IFNG': 1, 'MEK': 0}"
T-LGL,optbn[FP],60,2.0,"{'IFNG': 1, 'NFKB': 0}"
T-LGL,optbn[FP],60,2.0,"{'IFNG': 1, 'PDGFR': 0}"
T-LGL,optbn[FP],60,2.0,"{'IFNG': 1, 'S1P': 0}"
T-LGL,optbn[FP],60,2.0,"{'IFNG': 1, 'SPHK1': 0}"
T-LGL,optbn[FP],60,2.0,"{'IFNG': 1, 'STAT3': 0}"
T-LGL,optbn[FP],60,2.0,"{'IFNG': 1, 'TBET': 0}"
T-LGL,optbn[FP],60,2.0,"{'IL15': 0, 'IL2RB': 1}"
T-LGL,optbn[FP],60,2.0,"{'IL15': 0, 'JAK': 1}"
T-LGL,optbn[FP],60,2.0,"{'IL15': 0, 'LCK': 1}"
T-LGL,optbn[FP],60,2.0,"{'IL15': 0, 'NFKB': 1}"
T-LGL,optbn[FP],60,2.0,"{'IL15': 0, 'PDGF': 1}"
T-LGL,optbn[FP],60,2.0,"{'IL15': 0, 'PDGFR': 1}"
T-LGL,optbn[FP],60,2.0,"{'IL15': 0, 'PI3K': 1}"
T-LGL,optbn[FP],60,2.0,"{'IL15': 0, 'PLCG1': 1}"
T-LGL,optbn[FP],60,2.0,"{'IL15': 0, 'RANTES': 1}"
T-LGL,optbn[FP],60,2.0,"{'IL15': 0, 'RAS': 1}"
T-LGL,optbn[FP],60,2.0,"{'IL15': 0, 'S1P': 1}"
T-LGL,optbn[FP],60,2.0,"{'IL15': 0, 'SPHK1': 1}"
T-LGL,optbn[FP],60,2.0,"{'IL15': 0, 'STAT3': 1}"
T-LGL,optbn[FP],60,2.0,"{'IL15': 0, 'TAX': 1}"
T-LGL,optbn[FP],60,2.0,"{'IL15': 0, 'TBET': 1}"
T-LGL,optbn[FP],60,2.0,"{'IL15': 0, 'TPL2': 1}"
T-LGL,optbn[FP],60,2.0,"{'IL15': 0, 'ZAP70': 1}"
T-LGL,optbn[FP],60,2.0,"{'IL2': 1, 'IL2RAT': 1}"
T-LGL,optbn[FP],60,2.0,"{'IL2': 1, 'IL2RB': 1}"
T-LGL,optbn[FP],60,2.0,"{'IL2': 1, 'IL2RBT': 1}"
T-LGL,optbn[FP],60,2.0,"{'IL2': 1, 'JAK': 1}"
T-LGL,optbn[FP],60,2.0,"{'IL2': 1, 'LCK': 1}"
T-LGL,optbn[FP],60,2.0,"{'IL2': 1, 'NFKB': 1}"
T-LGL,optbn[FP],60,2.0,"{'IL2': 1, 'PDGF': 1}"
T-LGL,optbn[FP],60,2.0,"{'IL2': 1, 'PDGFR': 1}"
T-LGL,optbn[FP],60,2.0,"{'IL2': 1, 'PI3K': 1}"
T-LGL,optbn[FP],60,2.0,"{'IL2': 1, 'PLCG1': 1}"
T-LGL,optbn[FP],60,2.0,"{'IL2': 1, 'RANTES': 1}"
T-LGL,optbn[FP],60,2.0,"{'IL2': 1, 'RAS': 1}"
T-LGL,optbn[FP],60,2.0,"{'IL2': 1, 'S1P': 1}"
T-LGL,optbn[FP],60,2.0,"{'IL2': 1, 'SPHK1': 1}"
T-LGL,optbn[FP],60,2.0,"{'IL2': 1, 'STAT3': 1}"
T-LGL,optbn[FP],60,2.0,"{'IL2': 1, 'TAX': 1}"
T-LGL,optbn[FP],60,2.0,"{'IL2': 1, 'TBET': 1}"
T-LGL,optbn[FP],60,2.0,"{'IL2': 1, 'TPL2': 1}"
T-LGL,optbn[FP],60,2.0,"{'IL2': 1, 'ZAP70': 1}"
T-LGL,optbn[FP],60,2.0,"{'IL2RA': 1, 'PDGFR': 0}"
T-LGL,optbn[FP],60,2.0,"{'IL2RA': 1, 'S1P': 0}"
T-LGL,optbn[FP],60,2.0,"{'IL2RA': 1, 'SPHK1': 0}"
T-LGL,optbn[FP],60,2.0,"{'IL2RB': 0, 'JAK': 1}"
T-LGL,optbn[FP],60,2.0,"{'IL2RB': 0, 'LCK': 1}"
T-LGL,optbn[FP],60,2.0,"{'IL2RB': 0, 'NFKB': 1}"
T-LGL,optbn[FP],60,2.0,"{'IL2RB': 0, 'PDGF': 1}"
T-LGL,optbn[FP],60,2.0,"{'IL2RB': 0, 'PDGFR': 1}"
T-LGL,optbn[FP],60,2.0,"{'IL2RB': 0, 'PI3K': 1}"
T-LGL,optbn[FP],60,2.0,"{'IL2RB': 0, 'PLCG1': 1}"
T-LGL,optbn[FP],60,2.0,"{'IL2RB': 0, 'RANTES': 1}"
T-LGL,optbn[FP],60,2.0,"{'IL2RB': 0, 'RAS': 1}"
T-LGL,optbn[FP],60,2.0,"{'IL2RB': 0, 'S1P': 1}"
T-LGL,optbn[FP],60,2.0,"{'IL2RB': 0, 'SPHK1': 1}"
T-LGL,optbn[FP],60,2.0,"{'IL2RB': 0, 'STAT3': 1}"
T-LGL,optbn[FP],60,2.0,"{'IL2RB': 0, 'TAX': 1}"
T-LGL,optbn[FP],60,2.0,"{'IL2RB': 0, 'TBET': 1}"
T-LGL,optbn[FP],60,2.0,"{'IL2RB': 0, 'TPL2': 1}"
T-LGL,optbn[FP],60,2.0,"{'IL2RB': 0, 'ZAP70': 1}"
T-LGL,optbn[FP],60,2.0,"{'IL2RB': 1, 'JAK': 0}"
T-LGL,optbn[FP],60,2.0,"{'IL2RB': 1, 'MCL1': 0}"
T-LGL,optbn[FP],60,2.0,"{'IL2RB': 1, 'PDGFR': 0}"
T-LGL,optbn[FP],60,2.0,"{'IL2RB': 1, 'S1P': 0}"
T-LGL,optbn[FP],60,2.0,"{'IL2RB': 1, 'SOCS': 1}"
T-LGL,optbn[FP],60,2.0,"{'IL2RB': 1, 'SPHK1': 0}"
T-LGL,optbn[FP],60,2.0,"{'IL2RB': 1, 'STAT3': 0}"
T-LGL,optbn[FP],60,2.0,"{'IL2RB': 1, 'TBET': 0}"
T-LGL,optbn[FP],60,2.0,"{'IL2RBT': 0, 'JAK': 1}"
T-LGL,optbn[FP],60,2.0,"{'IL2RBT': 0, 'LCK': 1}"
T-LGL,optbn[FP],60,2.0,"{'IL2RBT': 0, 'NFKB': 1}"
T-LGL,optbn[FP],60,2.0,"{'IL2RBT': 0, 'PDGF': 1}"
T-LGL,optbn[FP],60,2.0,"{'IL2RBT': 0, 'PDGFR': 1}"
T-LGL,optbn[FP],60,2.0,"{'IL2RBT': 0, 'PI3K': 1}"
T-LGL,optbn[FP],60,2.0,"{'IL2RBT': 0, 'PLCG1': 1}"
T-LGL,optbn[FP],60,2.0,"{'IL2RBT': 0, 'RANTES': 1}"
T-LGL,optbn[FP],60,2.0,"{'IL2RBT': 0, 'RAS': 1}"
T-LGL,optbn[FP],60,2.0,"{'IL2RBT': 0, 'S1P': 1}"
T-LGL,optbn[FP],60,2.0,"{'IL2RBT': 0, 'SPHK1': 1}"
T-LGL,optbn[FP],60,2.0,"{'IL2RBT': 0, 'STAT3': 1}"
T-LGL,optbn[FP],60,2.0,"{'IL2RBT': 0, 'TAX': 1}"
T-LGL,optbn[FP],60,2.0,"{'IL2RBT': 0, 'TBET': 1}"
T-LGL,optbn[FP],60,2.0,"{'IL2RBT': 0, 'TPL2': 1}"
T-LGL,optbn[FP],60,2.0,"{'IL2RBT': 0, 'ZAP70': 1}"
T-LGL,optbn[FP],60,2.0,"{'JAK': 0, 'LCK': 1}"
T-LGL,optbn[FP],60,2.0,"{'JAK': 0, 'NFKB': 1}"
T-LGL,optbn[FP],60,2.0,"{'JAK': 0, 'PDGF': 1}"
T-LGL,optbn[FP],60,2.0,"{'JAK': 0, 'PDGFR': 1}"
T-LGL,optbn[FP],60,2.0,"{'JAK': 0, 'PI3K': 1}"
T-LGL,optbn[FP],60,2.0,"{'JAK': 0, 'PLCG1': 1}"
T-LGL,optbn[FP],60,2.0,"{'JAK': 0, 'RAS': 1}"
T-LGL,optbn[FP],60,2.0,"{'JAK': 0, 'S1P': 1}"
T-LGL,optbn[FP],60,2.0,"{'JAK': 0, 'SPHK1': 1}"
T-LGL,optbn[FP],60,2.0,"{'JAK': 0, 'TAX': 1}"
T-LGL,optbn[FP],60,2.0,"{'JAK': 0, 'TBET': 1}"
T-LGL,optbn[FP],60,2.0,"{'JAK': 0, 'TPL2': 1}"
T-LGL,optbn[FP],60,2.0,"{'JAK': 0, 'ZAP70': 1}"
T-LGL,optbn[FP],60,2.0,"{'JAK': 1, 'MCL1': 0}"
T-LGL,optbn[FP],60,2.0,"{'JAK': 1, 'MEK': 0}"
T-LGL,optbn[FP],60,2.0,"{'JAK': 1, 'NFKB': 0}"
T-LGL,optbn[FP],60,2.0,"{'JAK': 1, 'PDGFR': 0}"
T-LGL,optbn[FP],60,2.0,"{'JAK': 1, 'PI3K': 0}"
T-LGL,optbn[FP],60,2.0,"{'JAK': 1, 'RAS': 0}"
T-LGL,optbn[FP],60,2.0,"{'JAK': 1, 'S1P': 0}"
T-LGL,optbn[FP],60,2.0,"{'JAK': 1, 'SPHK1': 0}"
T-LGL,optbn[FP],60,2.0,"{'JAK': 1, 'STAT3': 0}"
T-LGL,optbn[FP],60,2.0,"{'JAK': 1, 'TBET': 0}"
T-LGL,optbn[FP],60,2.0,"{'LCK': 1, 'MCL1': 0}"
T-LGL,optbn[FP],60,2.0,"{'LCK': 1, 'MEK': 0}"
T-LGL,optbn[FP],60,2.0,"{'LCK': 1, 'PDGFR': 0}"
T-LGL,optbn[FP],60,2.0,"{'LCK': 1, 'S1P': 0}"
T-LGL,optbn[FP],60,2.0,"{'LCK': 1, 'SOCS': 1}"
T-LGL,optbn[FP],60,2.0,"{'LCK': 1, 'SPHK1': 0}"
T-LGL,optbn[FP],60,2.0,"{'LCK': 1, 'STAT3': 0}"
T-LGL,optbn[FP],60,2.0,"{'LCK': 1, 'TBET': 0}"
T-LGL,optbn[FP],60,2.0,"{'MCL1': 0, 'NFKB': 1}"
T-LGL,optbn[FP],60,2.0,"{'MCL1': 0, 'PDGF': 1}"
T-LGL,optbn[FP],60,2.0,"{'MCL1': 0, 'PDGFR': 1}"
T-LGL,optbn[FP],60,2.0,"{'MCL1': 0, 'PI3K': 1}"
T-LGL,optbn[FP],60,2.0,"{'MCL1': 0, 'PLCG1': 1}"
T-LGL,optbn[FP],60,2.0,"{'MCL1': 0, 'RANTES': 1}"
T-LGL,optbn[FP],60,2.0,"{'MCL1': 0, 'RAS': 1}"
T-LGL,optbn[FP],60,2.0,"{'MCL1': 0, 'S1P': 1}"
T-LGL,optbn[FP],60,2.0,"{'MCL1': 0, 'SPHK1': 1}"
T-LGL,optbn[FP],60,2.0,"{'MCL1': 0, 'STAT3': 1}"
T-LGL,optbn[FP],60,2.0,"{'MCL1': 0, 'TAX': 1}"
T-LGL,optbn[FP],60,2.0,"{'MCL1': 0, 'TBET': 1}"
T-LGL,optbn[FP],60,2.0,"{'MCL1': 0, 'TPL2': 1}"
T-LGL,optbn[FP],60,2.0,"{'MCL1': 0, 'ZAP70': 1}"
T-LGL,optbn[FP],60,2.0,"{'MEK': 0, 'NFKB': 1}"
T-LGL,optbn[FP],60,2.0,"{'MEK': 0, 'PDGF': 1}"
T-LGL,optbn[FP],60,2.0,"{'MEK': 0, 'PDGFR': 1}"
T-LGL,optbn[FP],60,2.0,"{'MEK': 0, 'PI3K': 1}"
T-LGL,optbn[FP],60,2.0,"{'MEK': 0, 'PLCG1': 1}"
T-LGL,optbn[FP],60,2.0,"{'MEK': 0, 'RANTES': 1}"
T-LGL,optbn[FP],60,2.0,"{'MEK': 0, 'RAS': 1}"
T-LGL,optbn[FP],60,2.0,"{'MEK': 0, 'S1P': 1}"
T-LGL,optbn[FP],60,2.0,"{'MEK': 0, 'SPHK1': 1}"
T-LGL,optbn[FP],60,2.0,"{'MEK': 0, 'STAT3': 1}"
T-LGL,optbn[FP],60,2.0,"{'MEK': 0, 'TAX': 1}"
T-LGL,optbn[FP],60,2.0,"{'MEK': 0, 'TBET': 1}"
T-LGL,optbn[FP],60,2.0,"{'MEK': 0, 'TPL2': 1}"
T-LGL,optbn[FP],60,2.0,"{'MEK': 0, 'ZAP70': 1}"
T-LGL,optbn[FP],60,2.0,"{'NFKB': 0, 'STAT3': 1}"
T-LGL,optbn[FP],60,2.0,"{'NFKB': 0, 'TBET': 1}"
T-LGL,optbn[FP],60,2.0,"{'NFKB': 1, 'PDGFR': 0}"
T-LGL,optbn[FP],60,2.0,"{'NFKB': 1, 'PI3K': 0}"
T-LGL,optbn[FP],60,2.0,"{'NFKB': 1, 'RAS': 0}"
T-LGL,optbn[FP],60,2.0,"{'NFKB': 1, 'S1P': 0}"
T-LGL,optbn[FP],60,2.0,"{'NFKB': 1, 'SOCS': 1}"
T-LGL,optbn[FP],60,2.0,"{'NFKB': 1, 'SPHK1': 0}"
T-LGL,optbn[FP],60,2.0,"{'NFKB': 1, 'STAT3': 0}"
T-LGL,optbn[FP],60,2.0,"{'NFKB': 1, 'TBET': 0}"
T-LGL,optbn[FP],60,2.0,"{'PDGF': 1, 'RAS': 0}"
T-LGL,optbn[FP],60,2.0,"{'PDGF': 1, 'S1P': 0}"
T-LGL,optbn[FP],60,2.0,"{'PDGF': 1, 'SOCS': 1}"
T-LGL,optbn[FP],60,2.0,"{'PDGF': 1, 'SPHK1': 0}"
T-LGL,optbn[FP],60,2.0,"{'PDGF': 1, 'STAT3': 0}"
T-LGL,optbn[FP],60,2.0,"{'PDGF': 1, 'TBET': 0}"
T-LGL,optbn[FP],60,2.0,"{'PDGFR': 0, 'PI3K': 1}"
T-LGL,optbn[FP],60,2.0,"{'PDGFR': 0, 'PLCG1': 1}"
T-LGL,optbn[FP],60,2.0,"{'PDGFR': 0, 'RANTES': 1}"
T-LGL,optbn[FP],60,2.0,"{'PDGFR': 0, 'RAS': 1}"
T-LGL,optbn[FP],60,2.0,"{'PDGFR': 0, 'STAT3': 1}"
T-LGL,optbn[FP],60,2.0,"{'PDGFR': 0, 'TAX': 1}"
T-LGL,optbn[FP],60,2.0,"{'PDGFR': 0, 'TBET': 1}"
T-LGL,optbn[FP],60,2.0,"{'PDGFR': 0, 'TPL2': 1}"
T-LGL,optbn[FP],60,2.0,"{'PDGFR': 0, 'ZAP70': 1}"
T-LGL,optbn[FP],60,2.0,"{'PDGFR': 1, 'RAS': 0}"
T-LGL,optbn[FP],60,2.0,"{'PDGFR': 1, 'S1P': 0}"
T-LGL,optbn[FP],60,2.0,"{'PDGFR': 1, 'SOCS': 1}"
T-LGL,optbn[FP],60,2.0,"{'PDGFR': 1, 'SPHK1': 0}"
T-LGL,optbn[FP],60,2.0,"{'PDGFR': 1, 'STAT3': 0}"
T-LGL,optbn[FP],60,2.0,"{'PDGFR': 1, 'TBET': 0}"
T-LGL,optbn[FP],60,2.0,"{'PI3K': 0, 'STAT3': 1}"
T-LGL,optbn[FP],60,2.0,"{'PI3K': 0, 'TAX': 1}"
T-LGL,optbn[FP],60,2.0,"{'PI3K': 0, 'TBET': 1}"
T-LGL,optbn[FP],60,2.0,"{'PI3K': 0, 'TPL2': 1}"
T-LGL,optbn[FP],60,2.0,"{'PI3K': 1, 'RAS': 0}"
T-LGL,optbn[FP],60,2.0,"{'PI3K': 1, 'S1P': 0}"
T-LGL,optbn[FP],60,2.0,"{'PI3K': 1, 'SOCS': 1}"
T-LGL,optbn[FP],60,2.0,"{'PI3K': 1, 'SPHK1': 0}"
T-LGL,optbn[FP],60,2.0,"{'PI3K': 1, 'STAT3': 0}"
T-LGL,optbn[FP],60,2.0,"{'PI3K': 1, 'TBET': 0}"
T-LGL,optbn[FP],60,2.0,"{'PLCG1': 1, 'S1P': 0}"
T-LGL,optbn[FP],60,2.0,"{'PLCG1': 1, 'SOCS': 1}"
T-LGL,optbn[FP],60,2.0,"{'PLCG1': 1, 'SPHK1': 0}"
T-LGL,optbn[FP],60,2.0,"{'PLCG1': 1, 'STAT3': 0}"
T-LGL,optbn[FP],60,2.0,"{'PLCG1': 1, 'TBET': 0}"
T-LGL,optbn[FP],60,2.0,"{'RANTES': 1, 'S1P': 0}"
T-LGL,optbn[FP],60,2.0,"{'RANTES': 1, 'SPHK1': 0}"
T-LGL,optbn[FP],60,2.0,"{'RANTES': 1, 'STAT3': 0}"
T-LGL,optbn[FP],60,2.0,"{'RANTES': 1, 'TBET': 0}"
T-LGL,optbn[FP],60,2.0,"{'RAS': 0, 'S1P': 1}"
T-LGL,optbn[FP],60,2.0,"{'RAS': 0, 'SPHK1': 1}"
T-LGL,optbn[FP],60,2.0,"{'RAS': 0, 'STAT3': 1}"
T-LGL,optbn[FP],60,2.0,"{'RAS': 0, 'TAX': 1}"
T-LGL,optbn[FP],60,2.0,"{'RAS': 0, 'TBET': 1}"
T-LGL,optbn[FP],60,2.0,"{'RAS': 0, 'TPL2': 1}"
T-LGL,optbn[FP],60,2.0,"{'RAS': 1, 'S1P': 0}"
T-LGL,optbn[FP],60,2.0,"{'RAS': 1, 'SOCS': 1}"
T-LGL,optbn[FP],60,2.0,"{'RAS': 1, 'SPHK1': 0}"
T-LGL,optbn[FP],60,2.0,"{'RAS': 1, 'STAT3': 0}"
T-LGL,optbn[FP],60,2.0,"{'RAS': 1, 'TBET': 0}"
T-LGL,optbn[FP],60,2.0,"{'S1P': 0, 'STAT3': 1}"
T-LGL,optbn[FP],60,2.0,"{'S1P': 0, 'TAX': 1}"
T-LGL,optbn[FP],60,2.0,"{'S1P': 0, 'TBET': 1}"
T-LGL,optbn[FP],60,2.0,"{'S1P': 0, 'TPL2': 1}"
T-LGL,optbn[FP],60,2.0,"{'S1P': 0, 'ZAP70': 1}"
T-LGL,optbn[FP],60,2.0,"{'S1P': 1, 'SOCS': 1}"
T-LGL,optbn[FP],60,2.0,"{'S1P': 1, 'STAT3': 0}"
T-LGL,optbn[FP],60,2.0,"{'S1P': 1, 'TBET': 0}"
T-LGL,optbn[FP],60,2.0,"{'SOCS': 1, 'SPHK1': 1}"
T-LGL,optbn[FP],60,2.0,"{'SOCS': 1, 'TAX': 1}"
T-LGL,optbn[FP],60,2.0,"{'SOCS': 1, 'TBET': 1}"
T-LGL,optbn[FP],60,2.0,"{'SOCS': 1, 'TPL2': 1}"
T-LGL,optbn[FP],60,2.0,"{'SOCS': 1, 'ZAP70': 1}"
T-LGL,optbn[FP],60,2.0,"{'SPHK1': 0, 'STAT3': 1}"
T-LGL,optbn[FP],60,2.0,"{'SPHK1': 0, 'TAX': 1}"
T-LGL,optbn[FP],60,2.0,"{'SPHK1': 0, 'TBET': 1}"
T-LGL,optbn[FP],60,2.0,"{'SPHK1': 0, 'TPL2': 1}"
T-LGL,optbn[FP],60,2.0,"{'SPHK1': 0, 'ZAP70': 1}"
T-LGL,optbn[FP],60,2.0,"{'SPHK1': 1, 'STAT3': 0}"
T-LGL,optbn[FP],60,2.0,"{'SPHK1': 1, 'TBET': 0}"
T-LGL,optbn[FP],60,2.0,"{'STAT3': 0, 'TAX': 1}"
T-LGL,optbn[FP],60,2.0,"{'STAT3': 0, 'TBET': 1}"
T-LGL,optbn[FP],60,2.0,"{'STAT3': 0, 'TPL2': 1}"
T-LGL,optbn[FP],60,2.0,"{'STAT3': 0, 'ZAP70': 1}"
T-LGL,optbn[FP],60,2.0,"{'STAT3': 1, 'TBET': 0}"
T-LGL,optbn[FP],60,2.0,"{'TAX': 1, 'TBET': 0}"
T-LGL,optbn[FP],60,2.0,"{'TBET': 0, 'TPL2': 1}"
T-LGL,optbn[FP],60,2.0,"{'TBET': 0, 'ZAP70': 1}"
T-LGL,optbn[SA],60,1.0,{'Apoptosis': 1}
T-LGL,optbn[SA],60,1.0,{'Caspase': 1}
T-LGL,optbn[SA],60,1.0,{'DISC': 1}
T-LGL,optbn[SA],60,2.0,"{'BID': 1, 'GZMB': 1}"
T-LGL,optbn[SA],60,2.0,"{'BID': 1, 'JAK': 1}"
T-LGL,optbn[SA],60,2.0,"{'BID': 1, 'TBET': 1}"
T-LGL,optbn[SA],60,2.0,"{'BID': 1, 'TRADD': 1}"
T-LGL,optbn[SA],60,2.0,"{'CD45': 1, 'GZMB': 1}"
T-LGL,optbn[SA],60,2.0,"{'CD45': 1, 'TBET': 1}"
T-LGL,optbn[SA],60,2.0,"{'Ceramide': 1, 'FasT': 1}"
T-LGL,optbn[SA],60,2.0,"{'Ceramide': 1, 'GRB2': 1}"
T-LGL,optbn[SA],60,2.0,"{'Ceramide': 1, 'GZMB': 1}"
T-LGL,optbn[SA],60,2.0,"{'Ceramide': 1, 'IL2RB': 1}"
T-LGL,optbn[SA],60,2.0,"{'Ceramide': 1, 'JAK': 1}"
T-LGL,optbn[SA],60,2.0,"{'Ceramide': 1, 'NFKB': 1}"
T-LGL,optbn[SA],60,2.0,"{'Ceramide': 1, 'PDGF': 1}"
T-LGL,optbn[SA],60,2.0,"{'Ceramide': 1, 'PDGFR': 1}"
T-LGL,optbn[SA],60,2.0,"{'Ceramide': 1, 'PI3K': 1}"
T-LGL,optbn[SA],60,2.0,"{'Ceramide': 1, 'PLCG1': 1}"
T-LGL,optbn[SA],60,2.0,"{'Ceramide': 1, 'RAS': 1}"
T-LGL,optbn[SA],60,2.0,"{'Ceramide': 1, 'S1P': 1}"
T-LGL,optbn[SA],60,2.0,"{'Ceramide': 1, 'STAT3': 1}"
T-LGL,optbn[SA],60,2.0,"{'Ceramide': 1, 'TAX': 1}"
T-LGL,optbn[SA],60,2.0,"{'Ceramide': 1, 'TBET': 1}"
T-LGL,optbn[SA],60,2.0,"{'Ceramide': 1, 'TPL2': 1}"
T-LGL,optbn[SA],60,2.0,"{'Ceramide': 1, 'ZAP70': 1}"
T-LGL,optbn[SA],60,2.0,"{'ERK': 0, 'GZMB': 1}"
T-LGL,optbn[SA],60,2.0,"{'ERK': 0, 'JAK': 1}"
T-LGL,optbn[SA],60,2.0,"{'ERK': 0, 'TBET': 1}"
T-LGL,optbn[SA],60,2.0,"{'GAP': 1, 'GZMB': 1}"
T-LGL,optbn[SA],60,2.0,"{'GAP': 1, 'JAK': 1}"
T-LGL,optbn[SA],60,2.0,"{'GAP': 1, 'TBET': 1}"
T-LGL,optbn[SA],60,2.0,"{'GRB2': 1, 'PDGFR': 0}"
T-LGL,optbn[SA],60,2.0,"{'GRB2': 1, 'S1P': 0}"
T-LGL,optbn[SA],60,2.0,"{'GRB2': 1, 'SPHK1': 0}"
T-LGL,optbn[SA],60,2.0,"{'GZMB': 1, 'IL15': 0}"
T-LGL,optbn[SA],60,2.0,"{'GZMB': 1, 'IL2RB': 0}"
T-LGL,optbn[SA],60,2.0,"{'GZMB': 1, 'IL2RBT': 0}"
T-LGL,optbn[SA],60,2.0,"{'GZMB': 1, 'JAK': 0}"
T-LGL,optbn[SA],60,2.0,"{'GZMB': 1, 'MCL1': 0}"
T-LGL,optbn[SA],60,2.0,"{'GZMB': 1, 'MEK': 0}"
T-LGL,optbn[SA],60,2.0,"{'GZMB': 1, 'NFKB': 0}"
T-LGL,optbn[SA],60,2.0,"{'GZMB': 1, 'PDGFR': 0}"
T-LGL,optbn[SA],60,2.0,"{'GZMB': 1, 'PI3K': 0}"
T-LGL,optbn[SA],60,2.0,"{'GZMB': 1, 'RAS': 0}"
T-LGL,optbn[SA],60,2.0,"{'GZMB': 1, 'S1P': 0}"
T-LGL,optbn[SA],60,2.0,"{'GZMB': 1, 'SOCS': 1}"
T-LGL,optbn[SA],60,2.0,"{'GZMB': 1, 'SPHK1': 0}"
T-LGL,optbn[SA],60,2.0,"{'GZMB': 1, 'STAT3': 0}"
T-LGL,optbn[SA],60,2.0,"{'GZMB': 1, 'TBET': 0}"
T-LGL,optbn[SA],60,2.0,"{'IL15': 0, 'JAK': 1}"
T-LGL,optbn[SA],60,2.0,"{'IL15': 0, 'TBET': 1}"
T-LGL,optbn[SA],60,2.0,"{'IL2RB': 0, 'JAK': 1}"
T-LGL,optbn[SA],60,2.0,"{'IL2RB': 0, 'TBET': 1}"
T-LGL,optbn[SA],60,2.0,"{'IL2RBT': 0, 'JAK': 1}"
T-LGL,optbn[SA],60,2.0,"{'IL2RBT': 0, 'TBET': 1}"
T-LGL,optbn[SA],60,2.0,"{'JAK': 0, 'TBET': 1}"
T-LGL,optbn[SA],60,2.0,"{'JAK': 1, 'MCL1': 0}"
T-LGL,optbn[SA],60,2.0,"{'JAK': 1, 'MEK': 0}"
T-LGL,optbn[SA],60,2.0,"{'JAK': 1, 'NFKB': 0}"
T-LGL,optbn[SA],60,2.0,"{'JAK': 1, 'PDGFR': 0}"
T-LGL,optbn[SA],60,2.0,"{'JAK': 1, 'PI3K': 0}"
T-LGL,optbn[SA],60,2.0,"{'JAK': 1, 'RAS': 0}"
T-LGL,optbn[SA],60,2.0,"{'JAK': 1, 'S1P': 0}"
T-LGL,optbn[SA],60,2.0,"{'JAK': 1, 'SPHK1': 0}"
T-LGL,optbn[SA],60,2.0,"{'JAK': 1, 'STAT3': 0}"
T-LGL,optbn[SA],60,2.0,"{'MCL1': 0, 'TBET': 1}"
T-LGL,optbn[SA],60,2.0,"{'MEK': 0, 'TBET': 1}"
T-LGL,optbn[SA],60,2.0,"{'NFKB': 0, 'TBET': 1}"
T-LGL,optbn[SA],60,2.0,"{'NFKB': 1, 'PDGFR': 0}"
T-LGL,optbn[SA],60,2.0,"{'NFKB': 1, 'S1P': 0}"
T-LGL,optbn[SA],60,2.0,"{'NFKB': 1, 'SPHK1': 0}"
T-LGL,optbn[SA],60,2.0,"{'PDGF': 1, 'S1P': 0}"
T-LGL,optbn[SA],60,2.0,"{'PDGF': 1, 'SPHK1': 0}"
T-LGL,optbn[SA],60,2.0,"{'PDGFR': 0, 'PI3K': 1}"
T-LGL,optbn[SA],60,2.0,"{'PDGFR': 0, 'PLCG1': 1}"
T-LGL,optbn[SA],60,2.0,"{'PDGFR': 0, 'RAS': 1}"
T-LGL,optbn[SA],60,2.0,"{'PDGFR': 0, 'STAT3': 1}"
T-LGL,optbn[SA],60,2.0,"{'PDGFR': 0, 'TAX': 1}"
T-LGL,optbn[SA],60,2.0,"{'PDGFR': 0, 'TBET': 1}"
T-LGL,optbn[SA],60,2.0,"{'PDGFR': 0, 'TPL2': 1}"
T-LGL,optbn[SA],60,2.0,"{'PDGFR': 0, 'ZAP70': 1}"
T-LGL,optbn[SA],60,2.0,"{'PDGFR': 1, 'S1P': 0}"
T-LGL,optbn[SA],60,2.0,"{'PDGFR': 1, 'SPHK1': 0}"
T-LGL,optbn[SA],60,2.0,"{'PI3K': 0, 'TBET': 1}"
T-LGL,optbn[SA],60,2.0,"{'PI3K': 1, 'S1P': 0}"
T-LGL,optbn[SA],60,2.0,"{'PI3K': 1, 'SPHK1': 0}"
T-LGL,optbn[SA],60,2.0,"{'PLCG1': 1, 'S1P': 0}"
T-LGL,optbn[SA],60,2.0,"{'PLCG1': 1, 'SPHK1': 0}"
T-LGL,optbn[SA],60,2.0,"{'RAS': 0, 'TBET': 1}"
T-LGL,optbn[SA],60,2.0,"{'RAS': 1, 'S1P': 0}"
T-LGL,optbn[SA],60,2.0,"{'RAS': 1, 'SPHK1': 0}"
T-LGL,optbn[SA],60,2.0,"{'S1P': 0, 'STAT3': 1}"
T-LGL,optbn[SA],60,2.0,"{'S1P': 0, 'TAX': 1}"
T-LGL,optbn[SA],60,2.0,"{'S1P': 0, 'TBET': 1}"
T-LGL,optbn[SA],60,2.0,"{'S1P': 0, 'TPL2': 1}"
T-LGL,optbn[SA],60,2.0,"{'S1P': 0, 'ZAP70': 1}"
T-LGL,optbn[SA],60,2.0,"{'SOCS': 1, 'TBET': 1}"
T-LGL,optbn[SA],60,2.0,"{'SPHK1': 0, 'STAT3': 1}"
T-LGL,optbn[SA],60,2.0,"{'SPHK1': 0, 'TAX': 1}"
T-LGL,optbn[SA],60,2.0,"{'SPHK1': 0, 'TBET': 1}"
T-LGL,optbn[SA],60,2.0,"{'SPHK1': 0, 'TPL2': 1}"
T-LGL,optbn[SA],60,2.0,"{'SPHK1': 0, 'ZAP70': 1}"
T-LGL,optbn[SA],60,2.0,"{'STAT3': 0, 'TBET': 1}"
T-LGL,PBN[ASA],60,1.0,{'Apoptosis': 1}
T-LGL,PBN[ASA],60,1.0,{'Caspase': 1}
T-LGL,PBN[ASA],60,1.0,{'DISC': 1}
T-LGL,PBN[ASA],60,2.0,"{'BID': 1, 'GZMB': 1}"
T-LGL,PBN[ASA],60,2.0,"{'BID': 1, 'JAK': 1}"
T-LGL,PBN[ASA],60,2.0,"{'BID': 1, 'TBET': 1}"
T-LGL,PBN[ASA],60,2.0,"{'BID': 1, 'TRADD': 1}"
T-LGL,PBN[ASA],60,2.0,"{'CD45': 1, 'GZMB': 1}"
T-LGL,PBN[ASA],60,2.0,"{'CD45': 1, 'TBET': 1}"
T-LGL,PBN[ASA],60,2.0,"{'Ceramide': 1, 'FasT': 1}"
T-LGL,PBN[ASA],60,2.0,"{'Ceramide': 1, 'GRB2': 1}"
T-LGL,PBN[ASA],60,2.0,"{'Ceramide': 1, 'GZMB': 1}"
T-LGL,PBN[ASA],60,2.0,"{'Ceramide': 1, 'JAK': 1}"
T-LGL,PBN[ASA],60,2.0,"{'Ceramide': 1, 'NFKB': 1}"
T-LGL,PBN[ASA],60,2.0,"{'Ceramide': 1, 'PDGF': 1}"
T-LGL,PBN[ASA],60,2.0,"{'Ceramide': 1, 'PDGFR': 1}"
T-LGL,PBN[ASA],60,2.0,"{'Ceramide': 1, 'PI3K': 1}"
T-LGL,PBN[ASA],60,2.0,"{'Ceramide': 1, 'PLCG1': 1}"
T-LGL,PBN[ASA],60,2.0,"{'Ceramide': 1, 'RAS': 1}"
T-LGL,PBN[ASA],60,2.0,"{'Ceramide': 1, 'S1P': 1}"
T-LGL,PBN[ASA],60,2.0,"{'Ceramide': 1, 'TAX': 1}"
T-LGL,PBN[ASA],60,2.0,"{'Ceramide': 1, 'TBET': 1}"
T-LGL,PBN[ASA],60,2.0,"{'Ceramide': 1, 'TPL2': 1}"
T-LGL,PBN[ASA],60,2.0,"{'Ceramide': 1, 'ZAP70': 1}"
T-LGL,PBN[ASA],60,2.0,"{'ERK': 0, 'GZMB': 1}"
T-LGL,PBN[ASA],60,2.0,"{'ERK': 0, 'JAK': 1}"
T-LGL,PBN[ASA],60,2.0,"{'ERK': 0, 'TBET': 1}"
T-LGL,PBN[ASA],60,2.0,"{'GAP': 1, 'GZMB': 1}"
T-LGL,PBN[ASA],60,2.0,"{'GAP': 1, 'JAK': 1}"
T-LGL,PBN[ASA],60,2.0,"{'GAP': 1, 'TBET': 1}"
T-LGL,PBN[ASA],60,2.0,"{'GRB2': 1, 'PDGFR': 0}"
T-LGL,PBN[ASA],60,2.0,"{'GRB2': 1, 'S1P': 0}"
T-LGL,PBN[ASA],60,2.0,"{'GRB2': 1, 'SPHK1': 0}"
T-LGL,PBN[ASA],60,2.0,"{'GZMB': 1, 'IL15': 0}"
T-LGL,PBN[ASA],60,2.0,"{'GZMB': 1, 'IL2RB': 0}"
T-LGL,PBN[ASA],60,2.0,"{'GZMB': 1, 'IL2RBT': 0}"
T-LGL,PBN[ASA],60,2.0,"{'GZMB': 1, 'JAK': 0}"
T-LGL,PBN[ASA],60,2.0,"{'GZMB': 1, 'MCL1': 0}"
T-LGL,PBN[ASA],60,2.0,"{'GZMB': 1, 'MEK': 0}"
T-LGL,PBN[ASA],60,2.0,"{'GZMB': 1, 'NFKB': 0}"
T-LGL,PBN[ASA],60,2.0,"{'GZMB': 1, 'PDGFR': 0}"
T-LGL,PBN[ASA],60,2.0,"{'GZMB': 1, 'PI3K': 0}"
T-LGL,PBN[ASA],60,2.0,"{'GZMB': 1, 'RAS': 0}"
T-LGL,PBN[ASA],60,2.0,"{'GZMB': 1, 'S1P': 0}"
T-LGL,PBN[ASA],60,2.0,"{'GZMB': 1, 'SOCS': 1}"
T-LGL,PBN[ASA],60,2.0,"{'GZMB': 1, 'SPHK1': 0}"
T-LGL,PBN[ASA],60,2.0,"{'GZMB': 1, 'STAT3': 0}"
T-LGL,PBN[ASA],60,2.0,"{'GZMB': 1, 'TBET': 0}"
T-LGL,PBN[ASA],60,2.0,"{'IL15': 0, 'JAK': 1}"
T-LGL,PBN[ASA],60,2.0,"{'IL15': 0, 'TBET': 1}"
T-LGL,PBN[ASA],60,2.0,"{'IL2RB': 0, 'JAK': 1}"
T-LGL,PBN[ASA],60,2.0,"{'IL2RB': 0, 'TBET': 1}"
T-LGL,PBN[ASA],60,2.0,"{'IL2RBT': 0, 'JAK': 1}"
T-LGL,PBN[ASA],60,2.0,"{'IL2RBT': 0, 'TBET': 1}"
T-LGL,PBN[ASA],60,2.0,"{'JAK': 0, 'TBET': 1}"
T-LGL,PBN[ASA],60,2.0,"{'JAK': 1, 'MCL1': 0}"
T-LGL,PBN[ASA],60,2.0,"{'JAK': 1, 'MEK': 0}"
T-LGL,PBN[ASA],60,2.0,"{'JAK': 1, 'NFKB': 0}"
T-LGL,PBN[ASA],60,2.0,"{'JAK': 1, 'PDGFR': 0}"
T-LGL,PBN[ASA],60,2.0,"{'JAK': 1, 'PI3K': 0}"
T-LGL,PBN[ASA],60,2.0,"{'JAK': 1, 'RAS': 0}"
T-LGL,PBN[ASA],60,2.0,"{'JAK': 1, 'S1P': 0}"
T-LGL,PBN[ASA],60,2.0,"{'JAK': 1, 'SPHK1': 0}"
T-LGL,PBN[ASA],60,2.0,"{'JAK': 1, 'STAT3': 0}"
T-LGL,PBN[ASA],60,2.0,"{'MCL1': 0, 'TBET': 1}"
T-LGL,PBN[ASA],60,2.0,"{'MEK': 0, 'TBET': 1}"
T-LGL,PBN[ASA],60,2.0,"{'NFKB': 0, 'TBET': 1}"
T-LGL,PBN[ASA],60,2.0,"{'NFKB': 1, 'PDGFR': 0}"
T-LGL,PBN[ASA],60,2.0,"{'NFKB': 1, 'S1P': 0}"
T-LGL,PBN[ASA],60,2.0,"{'NFKB': 1, 'SPHK1': 0}"
T-LGL,PBN[ASA],60,2.0,"{'PDGF': 1, 'S1P': 0}"
T-LGL,PBN[ASA],60,2.0,"{'PDGF': 1, 'SPHK1': 0}"
T-LGL,PBN[ASA],60,2.0,"{'PDGFR': 0, 'PI3K': 1}"
T-LGL,PBN[ASA],60,2.0,"{'PDGFR': 0, 'PLCG1': 1}"
T-LGL,PBN[ASA],60,2.0,"{'PDGFR': 0, 'RAS': 1}"
T-LGL,PBN[ASA],60,2.0,"{'PDGFR': 0, 'TAX': 1}"
T-LGL,PBN[ASA],60,2.0,"{'PDGFR': 0, 'TBET': 1}"
T-LGL,PBN[ASA],60,2.0,"{'PDGFR': 0, 'TPL2': 1}"
T-LGL,PBN[ASA],60,2.0,"{'PDGFR': 0, 'ZAP70': 1}"
T-LGL,PBN[ASA],60,2.0,"{'PDGFR': 1, 'S1P': 0}"
T-LGL,PBN[ASA],60,2.0,"{'PDGFR': 1, 'SPHK1': 0}"
T-LGL,PBN[ASA],60,2.0,"{'PI3K': 0, 'TBET': 1}"
T-LGL,PBN[ASA],60,2.0,"{'PI3K': 1, 'S1P': 0}"
T-LGL,PBN[ASA],60,2.0,"{'PI3K': 1, 'SPHK1': 0}"
T-LGL,PBN[ASA],60,2.0,"{'PLCG1': 1, 'S1P': 0}"
T-LGL,PBN[ASA],60,2.0,"{'PLCG1': 1, 'SPHK1': 0}"
T-LGL,PBN[ASA],60,2.0,"{'RAS': 0, 'TBET': 1}"
T-LGL,PBN[ASA],60,2.0,"{'RAS': 1, 'S1P': 0}"
T-LGL,PBN[ASA],60,2.0,"{'RAS': 1, 'SPHK1': 0}"
T-LGL,PBN[ASA],60,2.0,"{'S1P': 0, 'TAX': 1}"
T-LGL,PBN[ASA],60,2.0,"{'S1P': 0, 'TBET': 1}"
T-LGL,PBN[ASA],60,2.0,"{'S1P': 0, 'TPL2': 1}"
T-LGL,PBN[ASA],60,2.0,"{'S1P': 0, 'ZAP70': 1}"
T-LGL,PBN[ASA],60,2.0,"{'SOCS': 1, 'TBET': 1}"
T-LGL,PBN[ASA],60,2.0,"{'SPHK1': 0, 'TAX': 1}"
T-LGL,PBN[ASA],60,2.0,"{'SPHK1': 0, 'TBET': 1}"
T-LGL,PBN[ASA],60,2.0,"{'SPHK1': 0, 'TPL2': 1}"
T-LGL,PBN[ASA],60,2.0,"{'SPHK1': 0, 'ZAP70': 1}"
T-LGL,PBN[ASA],60,2.0,"{'STAT3': 0, 'TBET': 1}"
T-LGL,PBN[percolation],60,1.0,{'Apoptosis': 1}
T-LGL,PBN[percolation],60,1.0,{'Caspase': 1}
T-LGL,PBN[percolation],60,1.0,{'DISC': 1}
T-LGL,PBN[percolation],60,2.0,"{'BID': 1, 'GZMB': 1}"
T-LGL,PBN[percolation],60,2.0,"{'BID': 1, 'JAK': 1}"
T-LGL,PBN[percolation],60,2.0,"{'BID': 1, 'TBET': 1}"
T-LGL,PBN[percolation],60,2.0,"{'BID': 1, 'TRADD': 1}"
T-LGL,PBN[percolation],60,2.0,"{'CD45': 1, 'GZMB': 1}"
T-LGL,PBN[percolation],60,2.0,"{'CD45': 1, 'TBET': 1}"
T-LGL,PBN[percolation],60,2.0,"{'Ceramide': 1, 'FasT': 1}"
T-LGL,PBN[percolation],60,2.0,"{'Ceramide': 1, 'NFKB': 1}"
T-LGL,PBN[percolation],60,2.0,"{'Ceramide': 1, 'PDGF': 1}"
T-LGL,PBN[percolation],60,2.0,"{'Ceramide': 1, 'PDGFR': 1}"
T-LGL,PBN[percolation],60,2.0,"{'Ceramide': 1, 'PI3K': 1}"
T-LGL,PBN[percolation],60,2.0,"{'Ceramide': 1, 'RAS': 1}"
T-LGL,PBN[percolation],60,2.0,"{'Ceramide': 1, 'S1P': 1}"
T-LGL,PBN[percolation],60,2.0,"{'Ceramide': 1, 'TAX': 1}"
T-LGL,PBN[percolation],60,2.0,"{'Ceramide': 1, 'TPL2': 1}"
T-LGL,PBN[percolation],60,2.0,"{'ERK': 0, 'GZMB': 1}"
T-LGL,PBN[percolation],60,2.0,"{'ERK': 0, 'JAK': 1}"
T-LGL,PBN[percolation],60,2.0,"{'ERK': 0, 'TBET': 1}"
T-LGL,PBN[percolation],60,2.0,"{'GAP': 1, 'GZMB': 1}"
T-LGL,PBN[percolation],60,2.0,"{'GAP': 1, 'JAK': 1}"
T-LGL,PBN[percolation],60,2.0,"{'GAP': 1, 'TBET': 1}"
T-LGL,PBN[percolation],60,2.0,"{'GZMB': 1, 'IL2RB': 0}"
T-LGL,PBN[percolation],60,2.0,"{'GZMB': 1, 'IL2RBT': 0}"
T-LGL,PBN[percolation],60,2.0,"{'GZMB': 1, 'JAK': 0}"
T-LGL,PBN[percolation],60,2.0,"{'GZMB': 1, 'MCL1': 0}"
T-LGL,PBN[percolation],60,2.0,"{'GZMB': 1, 'MEK': 0}"
T-LGL,PBN[percolation],60,2.0,"{'GZMB': 1, 'NFKB': 0}"
T-LGL,PBN[percolation],60,2.0,"{'GZMB': 1, 'PI3K': 0}"
T-LGL,PBN[percolation],60,2.0,"{'GZMB': 1, 'RAS': 0}"
T-LGL,PBN[percolation],60,2.0,"{'GZMB': 1, 'SOCS': 1}"
T-LGL,PBN[percolation],60,2.0,"{'GZMB': 1, 'STAT3': 0}"
T-LGL,PBN[percolation],60,2.0,"{'GZMB': 1, 'TBET': 0}"
T-LGL,PBN[percolation],60,2.0,"{'IL15': 0, 'JAK': 1}"
T-LGL,PBN[percolation],60,2.0,"{'IL15': 0, 'TBET': 1}"
T-LGL,PBN[percolation],60,2.0,"{'IL2RB': 0, 'JAK': 1}"
T-LGL,PBN[percolation],60,2.0,"{'IL2RB': 0, 'TBET': 1}"
T-LGL,PBN[percolation],60,2.0,"{'IL2RBT': 0, 'JAK': 1}"
T-LGL,PBN[percolation],60,2.0,"{'IL2RBT': 0, 'TBET': 1}"
T-LGL,PBN[percolation],60,2.0,"{'JAK': 0, 'TBET': 1}"
T-LGL,PBN[percolation],60,2.0,"{'JAK': 1, 'MCL1': 0}"
T-LGL,PBN[percolation],60,2.0,"{'JAK': 1, 'MEK': 0}"
T-LGL,PBN[percolation],60,2.0,"{'JAK': 1, 'NFKB': 0}"
T-LGL,PBN[percolation],60,2.0,"{'JAK': 1, 'PI3K': 0}"
T-LGL,PBN[percolation],60,2.0,"{'JAK': 1, 'RAS': 0}"
T-LGL,PBN[percolation],60,2.0,"{'JAK': 1, 'STAT3': 0}"
T-LGL,PBN[percolation],60,2.0,"{'MCL1': 0, 'TBET': 1}"
T-LGL,PBN[percolation],60,2.0,"{'MEK': 0, 'TBET': 1}"
T-LGL,PBN[percolation],60,2.0,"{'NFKB': 0, 'TBET': 1}"
T-LGL,PBN[percolation],60,2.0,"{'NFKB': 1, 'PDGFR': 0}"
T-LGL,PBN[percolation],60,2.0,"{'NFKB': 1, 'S1P': 0}"
T-LGL,PBN[percolation],60,2.0,"{'NFKB': 1, 'SPHK1': 0}"
T-LGL,PBN[percolation],60,2.0,"{'PDGF': 1, 'S1P': 0}"
T-LGL,PBN[percolation],60,2.0,"{'PDGF': 1, 'SPHK1': 0}"
T-LGL,PBN[percolation],60,2.0,"{'PDGFR': 0, 'PI3K': 1}"
T-LGL,PBN[percolation],60,2.0,"{'PDGFR': 0, 'RAS': 1}"
T-LGL,PBN[percolation],60,2.0,"{'PDGFR': 0, 'TAX': 1}"
T-LGL,PBN[percolation],60,2.0,"{'PDGFR': 0, 'TPL2': 1}"
T-LGL,PBN[percolation],60,2.0,"{'PDGFR': 1, 'S1P': 0}"
T-LGL,PBN[percolation],60,2.0,"{'PDGFR': 1, 'SPHK1': 0}"
T-LGL,PBN[percolation],60,2.0,"{'PI3K': 0, 'TBET': 1}"
T-LGL,PBN[percolation],60,2.0,"{'PI3K': 1, 'S1P': 0}"
T-LGL,PBN[percolation],60,2.0,"{'PI3K': 1, 'SPHK1': 0}"
T-LGL,PBN[percolation],60,2.0,"{'RAS': 0, 'TBET': 1}"
T-LGL,PBN[percolation],60,2.0,"{'RAS': 1, 'S1P': 0}"
T-LGL,PBN[percolation],60,2.0,"{'RAS': 1, 'SPHK1': 0}"
T-LGL,PBN[percolation],60,2.0,"{'S1P': 0, 'TAX': 1}"
T-LGL,PBN[percolation],60,2.0,"{'S1P': 0, 'TPL2': 1}"
T-LGL,PBN[percolation],60,2.0,"{'SOCS': 1, 'TBET': 1}"
T-LGL,PBN[percolation],60,2.0,"{'SPHK1': 0, 'TAX': 1}"
T-LGL,PBN[percolation],60,2.0,"{'SPHK1': 0, 'TPL2': 1}"
T-LGL,PBN[percolation],60,2.0,"{'STAT3': 0, 'TBET': 1}"
T-LGL,PBN[SA],60,1.0,{'Apoptosis': 1}
T-LGL,PBN[SA],60,1.0,{'Caspase': 1}
T-LGL,PBN[SA],60,1.0,{'DISC': 1}
T-LGL,PBN[SA],60,2.0,"{'BID': 1, 'GZMB': 1}"
T-LGL,PBN[SA],60,2.0,"{'BID': 1, 'JAK': 1}"
T-LGL,PBN[SA],60,2.0,"{'BID': 1, 'TBET': 1}"
T-LGL,PBN[SA],60,2.0,"{'BID': 1, 'TRADD': 1}"
T-LGL,PBN[SA],60,2.0,"{'CD45': 1, 'GZMB': 1}"
T-LGL,PBN[SA],60,2.0,"{'CD45': 1, 'TBET': 1}"
T-LGL,PBN[SA],60,2.0,"{'Ceramide': 1, 'FasT': 1}"
T-LGL,PBN[SA],60,2.0,"{'Ceramide': 1, 'GRB2': 1}"
T-LGL,PBN[SA],60,2.0,"{'Ceramide': 1, 'GZMB': 1}"
T-LGL,PBN[SA],60,2.0,"{'Ceramide': 1, 'IL2RB': 1}"
T-LGL,PBN[SA],60,2.0,"{'Ceramide': 1, 'JAK': 1}"
T-LGL,PBN[SA],60,2.0,"{'Ceramide': 1, 'NFKB': 1}"
T-LGL,PBN[SA],60,2.0,"{'Ceramide': 1, 'PDGF': 1}"
T-LGL,PBN[SA],60,2.0,"{'Ceramide': 1, 'PDGFR': 1}"
T-LGL,PBN[SA],60,2.0,"{'Ceramide': 1, 'PI3K': 1}"
T-LGL,PBN[SA],60,2.0,"{'Ceramide': 1, 'PLCG1': 1}"
T-LGL,PBN[SA],60,2.0,"{'Ceramide': 1, 'RAS': 1}"
T-LGL,PBN[SA],60,2.0,"{'Ceramide': 1, 'S1P': 1}"
T-LGL,PBN[SA],60,2.0,"{'Ceramide': 1, 'STAT3': 1}"
T-LGL,PBN[SA],60,2.0,"{'Ceramide': 1, 'TAX': 1}"
T-LGL,PBN[SA],60,2.0,"{'Ceramide': 1, 'TBET': 1}"
T-LGL,PBN[SA],60,2.0,"{'Ceramide': 1, 'TPL2': 1}"
T-LGL,PBN[SA],60,2.0,"{'Ceramide': 1, 'ZAP70': 1}"
T-LGL,PBN[SA],60,2.0,"{'ERK': 0, 'GZMB': 1}"
T-LGL,PBN[SA],60,2.0,"{'ERK': 0, 'JAK': 1}"
T-LGL,PBN[SA],60,2.0,"{'ERK': 0, 'TBET': 1}"
T-LGL,PBN[SA],60,2.0,"{'GAP': 1, 'GZMB': 1}"
T-LGL,PBN[SA],60,2.0,"{'GAP': 1, 'JAK': 1}"
T-LGL,PBN[SA],60,2.0,"{'GAP': 1, 'TBET': 1}"
T-LGL,PBN[SA],60,2.0,"{'GRB2': 1, 'PDGFR': 0}"
T-LGL,PBN[SA],60,2.0,"{'GRB2': 1, 'S1P': 0}"
T-LGL,PBN[SA],60,2.0,"{'GRB2': 1, 'SPHK1': 0}"
T-LGL,PBN[SA],60,2.0,"{'GZMB': 1, 'IL15': 0}"
T-LGL,PBN[SA],60,2.0,"{'GZMB': 1, 'IL2RB': 0}"
T-LGL,PBN[SA],60,2.0,"{'GZMB': 1, 'IL2RBT': 0}"
T-LGL,PBN[SA],60,2.0,"{'GZMB': 1, 'JAK': 0}"
T-LGL,PBN[SA],60,2.0,"{'GZMB': 1, 'MCL1': 0}"
T-LGL,PBN[SA],60,2.0,"{'GZMB': 1, 'MEK': 0}"
T-LGL,PBN[SA],60,2.0,"{'GZMB': 1, 'NFKB': 0}"
T-LGL,PBN[SA],60,2.0,"{'GZMB': 1, 'PDGFR': 0}"
T-LGL,PBN[SA],60,2.0,"{'GZMB': 1, 'PI3K': 0}"
T-LGL,PBN[SA],60,2.0,"{'GZMB': 1, 'RAS': 0}"
T-LGL,PBN[SA],60,2.0,"{'GZMB': 1, 'S1P': 0}"
T-LGL,PBN[SA],60,2.0,"{'GZMB': 1, 'SOCS': 1}"
T-LGL,PBN[SA],60,2.0,"{'GZMB': 1, 'SPHK1': 0}"
T-LGL,PBN[SA],60,2.0,"{'GZMB': 1, 'STAT3': 0}"
T-LGL,PBN[SA],60,2.0,"{'GZMB': 1, 'TBET': 0}"
T-LGL,PBN[SA],60,2.0,"{'IL15': 0, 'JAK': 1}"
T-LGL,PBN[SA],60,2.0,"{'IL15': 0, 'TBET': 1}"
T-LGL,PBN[SA],60,2.0,"{'IL2RB': 0, 'JAK': 1}"
T-LGL,PBN[SA],60,2.0,"{'IL2RB': 0, 'TBET': 1}"
T-LGL,PBN[SA],60,2.0,"{'IL2RBT': 0, 'JAK': 1}"
T-LGL,PBN[SA],60,2.0,"{'IL2RBT': 0, 'TBET': 1}"
T-LGL,PBN[SA],60,2.0,"{'JAK': 0, 'TBET': 1}"
T-LGL,PBN[SA],60,2.0,"{'JAK': 1, 'MCL1': 0}"
T-LGL,PBN[SA],60,2.0,"{'JAK': 1, 'MEK': 0}"
T-LGL,PBN[SA],60,2.0,"{'JAK': 1, 'NFKB': 0}"
T-LGL,PBN[SA],60,2.0,"{'JAK': 1, 'PDGFR': 0}"
T-LGL,PBN[SA],60,2.0,"{'JAK': 1, 'PI3K': 0}"
T-LGL,PBN[SA],60,2.0,"{'JAK': 1, 'RAS': 0}"
T-LGL,PBN[SA],60,2.0,"{'JAK': 1, 'S1P': 0}"
T-LGL,PBN[SA],60,2.0,"{'JAK': 1, 'SPHK1': 0}"
T-LGL,PBN[SA],60,2.0,"{'JAK': 1, 'STAT3': 0}"
T-LGL,PBN[SA],60,2.0,"{'MCL1': 0, 'TBET': 1}"
T-LGL,PBN[SA],60,2.0,"{'MEK': 0, 'TBET': 1}"
T-LGL,PBN[SA],60,2.0,"{'NFKB': 0, 'TBET': 1}"
T-LGL,PBN[SA],60,2.0,"{'NFKB': 1, 'PDGFR': 0}"
T-LGL,PBN[SA],60,2.0,"{'NFKB': 1, 'S1P': 0}"
T-LGL,PBN[SA],60,2.0,"{'NFKB': 1, 'SPHK1': 0}"
T-LGL,PBN[SA],60,2.0,"{'PDGF': 1, 'S1P': 0}"
T-LGL,PBN[SA],60,2.0,"{'PDGF': 1, 'SPHK1': 0}"
T-LGL,PBN[SA],60,2.0,"{'PDGFR': 0, 'PI3K': 1}"
T-LGL,PBN[SA],60,2.0,"{'PDGFR': 0, 'PLCG1': 1}"
T-LGL,PBN[SA],60,2.0,"{'PDGFR': 0, 'RAS': 1}"
T-LGL,PBN[SA],60,2.0,"{'PDGFR': 0, 'STAT3': 1}"
T-LGL,PBN[SA],60,2.0,"{'PDGFR': 0, 'TAX': 1}"
T-LGL,PBN[SA],60,2.0,"{'PDGFR': 0, 'TBET': 1}"
T-LGL,PBN[SA],60,2.0,"{'PDGFR': 0, 'TPL2': 1}"
T-LGL,PBN[SA],60,2.0,"{'PDGFR': 0, 'ZAP70': 1}"
T-LGL,PBN[SA],60,2.0,"{'PDGFR': 1, 'S1P': 0}"
T-LGL,PBN[SA],60,2.0,"{'PDGFR': 1, 'SPHK1': 0}"
T-LGL,PBN[SA],60,2.0,"{'PI3K': 0, 'TBET': 1}"
T-LGL,PBN[SA],60,2.0,"{'PI3K': 1, 'S1P': 0}"
T-LGL,PBN[SA],60,2.0,"{'PI3K': 1, 'SPHK1': 0}"
T-LGL,PBN[SA],60,2.0,"{'PLCG1': 1, 'S1P': 0}"
T-LGL,PBN[SA],60,2.0,"{'PLCG1': 1, 'SPHK1': 0}"
T-LGL,PBN[SA],60,2.0,"{'RAS': 0, 'TBET': 1}"
T-LGL,PBN[SA],60,2.0,"{'RAS': 1, 'S1P': 0}"
T-LGL,PBN[SA],60,2.0,"{'RAS': 1, 'SPHK1': 0}"
T-LGL,PBN[SA],60,2.0,"{'S1P': 0, 'STAT3': 1}"
T-LGL,PBN[SA],60,2.0,"{'S1P': 0, 'TAX': 1}"
T-LGL,PBN[SA],60,2.0,"{'S1P': 0, 'TBET': 1}"
T-LGL,PBN[SA],60,2.0,"{'S1P': 0, 'TPL2': 1}"
T-LGL,PBN[SA],60,2.0,"{'S1P': 0, 'ZAP70': 1}"
T-LGL,PBN[SA],60,2.0,"{'SOCS': 1, 'TBET': 1}"
T-LGL,PBN[SA],60,2.0,"{'SPHK1': 0, 'STAT3': 1}"
T-LGL,PBN[SA],60,2.0,"{'SPHK1': 0, 'TAX': 1}"
T-LGL,PBN[SA],60,2.0,"{'SPHK1': 0, 'TBET': 1}"
T-LGL,PBN[SA],60,2.0,"{'SPHK1': 0, 'TPL2': 1}"
T-LGL,PBN[SA],60,2.0,"{'SPHK1': 0, 'ZAP70': 1}"
T-LGL,PBN[SA],60,2.0,"{'STAT3': 0, 'TBET': 1}"
T-LGL,PBN[trap_spaces],60,2.0,"{'CD45': 1, 'TBET': 1}"
T-LGL,PBN[trap_spaces],60,2.0,"{'Ceramide': 1, 'PDGF': 1}"
T-LGL,PBN[trap_spaces],60,2.0,"{'Ceramide': 1, 'TAX': 1}"
T-LGL,PBN[trap_spaces],60,2.0,"{'IL15': 0, 'TBET': 1}"
T-LGL,PBN[trap_spaces],60,2.0,"{'PDGF': 1, 'S1P': 0}"
T-LGL,PBN[trap_spaces],60,2.0,"{'S1P': 0, 'TAX': 1}"
T-LGL,SM[internal],60,inf,{}
T-LGL,SM[minimal],60,inf,{}
TumorInvasion,ActoNet,32,2.0,"{'AKT2': 1, 'ECMicroenv': 1}"
TumorInvasion,ActoNet,32,2.0,"{'AKT2': 1, 'Invasion': 1}"
TumorInvasion,ActoNet,32,2.0,"{'AKT2': 1, 'NICD': 1}"
TumorInvasion,ActoNet,32,2.0,"{'AKT2': 1, 'SMAD': 1}"
TumorInvasion,ActoNet,32,2.0,"{'AKT2': 1, 'SNAI1': 0}"
TumorInvasion,ActoNet,32,2.0,"{'AKT2': 1, 'TGFbeta': 1}"
TumorInvasion,ActoNet,32,2.0,"{'DNAdamage': 0, 'ECMicroenv': 1}"
TumorInvasion,ActoNet,32,2.0,"{'NICD': 1, 'SNAI2': 1}"
TumorInvasion,ActoNet,32,2.0,"{'NICD': 1, 'p53': 0}"
TumorInvasion,ActoNet,32,2.0,"{'NICD': 1, 'p73': 1}"
TumorInvasion,BoNesis[FP],32,2.0,"{'AKT2': 1, 'ECMicroenv': 1}"
TumorInvasion,BoNesis[FP],32,2.0,"{'AKT2': 1, 'Invasion': 1}"
TumorInvasion,BoNesis[FP],32,2.0,"{'AKT2': 1, 'NICD': 1}"
TumorInvasion,BoNesis[FP],32,2.0,"{'AKT2': 1, 'SMAD': 1}"
TumorInvasion,BoNesis[FP],32,2.0,"{'AKT2': 1, 'SNAI1': 0}"
TumorInvasion,BoNesis[FP],32,2.0,"{'AKT2': 1, 'TGFbeta': 1}"
TumorInvasion,BoNesis[FP],32,2.0,"{'DNAdamage': 0, 'ECMicroenv': 1}"
TumorInvasion,BoNesis[FP],32,2.0,"{'NICD': 1, 'SNAI2': 1}"
TumorInvasion,BoNesis[FP],32,2.0,"{'NICD': 1, 'p53': 0}"
TumorInvasion,BoNesis[FP],32,2.0,"{'NICD': 1, 'p73': 1}"
TumorInvasion,BoNesis[MTS],32,2.0,"{'AKT2': 1, 'ECMicroenv': 1}"
TumorInvasion,BoNesis[MTS],32,2.0,"{'AKT2': 1, 'Invasion': 1}"
TumorInvasion,BoNesis[MTS],32,2.0,"{'AKT2': 1, 'NICD': 1}"
TumorInvasion,BoNesis[MTS],32,2.0,"{'AKT2': 1, 'SMAD': 1}"
TumorInvasion,BoNesis[MTS],32,2.0,"{'AKT2': 1, 'TGFbeta': 1}"
TumorInvasion,BoNesis[MTS],32,2.0,"{'DNAdamage': 0, 'ECMicroenv': 1}"
TumorInvasion,BoNesis[MTS],32,2.0,"{'NICD': 1, 'SNAI2': 1}"
TumorInvasion,BoNesis[MTS],32,2.0,"{'NICD': 1, 'p53': 0}"
TumorInvasion,BoNesis[MTS],32,2.0,"{'NICD': 1, 'p73': 1}"
TumorInvasion,CABEAN[ITC],32,inf,{}
TumorInvasion,CABEAN[PTC],32,2.0,"{'AKT2': 1, 'ECMicroenv': 1}"
TumorInvasion,CABEAN[PTC],32,2.0,"{'DNAdamage': 0, 'ECMicroenv': 1}"
TumorInvasion,CABEAN[TTC],32,2.0,"{'AKT1': 1, 'ECMicroenv': 1}"
TumorInvasion,CABEAN[TTC],32,2.0,"{'AKT2': 1, 'ECMicroenv': 1}"
TumorInvasion,CABEAN[TTC],32,2.0,"{'DNAdamage': 0, 'ECMicroenv': 1}"
TumorInvasion,Caspo,32,2.0,"{'AKT2': 1, 'ECMicroenv': 1}"
TumorInvasion,Caspo,32,2.0,"{'AKT2': 1, 'NICD': 1}"
TumorInvasion,Caspo,32,2.0,"{'NICD': 1, 'SNAI2': 1}"
TumorInvasion,optbn[FP],32,2.0,"{'AKT2': 1, 'ECMicroenv': 1}"
TumorInvasion,optbn[FP],32,2.0,"{'AKT2': 1, 'Invasion': 1}"
TumorInvasion,optbn[FP],32,2.0,"{'AKT2': 1, 'NICD': 1}"
TumorInvasion,optbn[FP],32,2.0,"{'AKT2': 1, 'SMAD': 1}"
TumorInvasion,optbn[FP],32,2.0,"{'AKT2': 1, 'SNAI1': 0}"
TumorInvasion,optbn[FP],32,2.0,"{'AKT2': 1, 'TGFbeta': 1}"
TumorInvasion,optbn[FP],32,2.0,"{'DNAdamage': 0, 'ECMicroenv': 1}"
TumorInvasion,optbn[FP],32,2.0,"{'NICD': 1, 'SNAI2': 1}"
TumorInvasion,optbn[FP],32,2.0,"{'NICD': 1, 'p53': 0}"
TumorInvasion,optbn[FP],32,2.0,"{'NICD': 1, 'p73': 1}"
TumorInvasion,optbn[SA],32,2.0,"{'AKT2': 1, 'ECMicroenv': 1}"
TumorInvasion,optbn[SA],32,2.0,"{'AKT2': 1, 'NICD': 1}"
TumorInvasion,optbn[SA],32,2.0,"{'DNAdamage': 0, 'ECMicroenv': 1}"
TumorInvasion,optbn[SA],32,2.0,"{'NICD': 1, 'SNAI2': 1}"
TumorInvasion,optbn[SA],32,2.0,"{'NICD': 1, 'p53': 0}"
TumorInvasion,optbn[SA],32,2.0,"{'NICD': 1, 'p73': 1}"
TumorInvasion,PBN[ASA],32,2.0,"{'AKT2': 1, 'ECMicroenv': 1}"
TumorInvasion,PBN[ASA],32,2.0,"{'AKT2': 1, 'Invasion': 1}"
TumorInvasion,PBN[ASA],32,2.0,"{'AKT2': 1, 'NICD': 1}"
TumorInvasion,PBN[ASA],32,2.0,"{'AKT2': 1, 'SMAD': 1}"
TumorInvasion,PBN[ASA],32,2.0,"{'AKT2': 1, 'TGFbeta': 1}"
TumorInvasion,PBN[ASA],32,2.0,"{'DNAdamage': 0, 'ECMicroenv': 1}"
TumorInvasion,PBN[ASA],32,2.0,"{'NICD': 1, 'SNAI2': 1}"
TumorInvasion,PBN[ASA],32,2.0,"{'NICD': 1, 'p53': 0}"
TumorInvasion,PBN[ASA],32,2.0,"{'NICD': 1, 'p73': 1}"
TumorInvasion,PBN[percolation],32,2.0,"{'AKT2': 1, 'ECMicroenv': 1}"
TumorInvasion,PBN[percolation],32,2.0,"{'AKT2': 1, 'NICD': 1}"
TumorInvasion,PBN[percolation],32,2.0,"{'NICD': 1, 'SNAI2': 1}"
TumorInvasion,PBN[SA],32,2.0,"{'AKT2': 1, 'ECMicroenv': 1}"
TumorInvasion,PBN[SA],32,2.0,"{'AKT2': 1, 'NICD': 1}"
TumorInvasion,PBN[SA],32,2.0,"{'DNAdamage': 0, 'ECMicroenv': 1}"
TumorInvasion,PBN[SA],32,2.0,"{'NICD': 1, 'SNAI2': 1}"
TumorInvasion,PBN[SA],32,2.0,"{'NICD': 1, 'p53': 0}"
TumorInvasion,PBN[SA],32,2.0,"{'NICD': 1, 'p73': 1}"
TumorInvasion,PBN[trap_spaces],32,2.0,"{'AKT2': 1, 'ECMicroenv': 1}"
TumorInvasion,PBN[trap_spaces],32,2.0,"{'DNAdamage': 0, 'ECMicroenv': 1}"
TumorInvasion,SM[internal],32,2.0,"{'DNAdamage': 0, 'ECMicroenv': 1}"
TumorInvasion,SM[minimal],32,2.0,"{'DNAdamage': 0, 'ECMicroenv': 1}"
